char	codepoint	readings
〇	U+3007	linh
〡	U+3021	nhất
〢	U+3022	nhị
〣	U+3023	tam
〤	U+3024	tứ
〥	U+3025	ngũ
〦	U+3026	lục
〧	U+3027	thất
〨	U+3028	bát
〩	U+3029	truy
㐀	U+3400	khâu|khưu|thượng
㐁	U+3401	thiểm
㐂	U+3402	hỷ
㐄	U+3404	khỏa
㐅	U+3405	ngũ
㐆	U+3406	y|ẩn
㐌	U+340C	di|hung
㐖	U+3416	hiệt
㐜	U+341C	cừu
㐡	U+3421	nạo|nọa
㐧	U+3427	đệ
㐨	U+3428	thự|tự
㐫	U+342B	hung
㐬	U+342C	lưu
㐭	U+342D	lẫm
㐮	U+342E	tương
㐯	U+342F	dung
㐰	U+3430	tín
㐱	U+3431	chẩn
㐳	U+3433	ngật|ngột
㐴	U+3434	phan
㐸	U+3438	khiếm
㐹	U+3439	ngật
㐺	U+343A	chúng
㐼	U+343C	chửng
㑂	U+3442	phảng|phỏng
㑃	U+3443	áo|ảo
㑄	U+3444	vũ
㑅	U+3445	tác
㑌	U+344C	uông
㑍	U+344D	lỗi
㑏	U+344F	trữ
㑗	U+3457	thân
㑘	U+3458	giới
㑚	U+345A	na|nả
㑞	U+345E	dựng
㑤	U+3464	miêu
㑧	U+3467	quý
㑩	U+3469	la
㑪	U+346A	sài
㑫	U+346B	nộm
㑳	U+3473	trâu
㑴	U+3474	xâm
㑵	U+3475	tật
㑶	U+3476	khái
㑷	U+3477	thái
㑹	U+3479	cối|hội
㑺	U+347A	tuấn
㑾	U+347E	dao
㑿	U+347F	sảo
㒁	U+3481	ngu
㒃	U+3483	nhị
㒆	U+3486	hấp
㒇	U+3487	vũ
㒉	U+3489	sưởng|thưởng|thảng
㒊	U+348A	sáp
㒋	U+348B	tư
㒌	U+348C	quỳnh
㒍	U+348D	luy
㒒	U+3492	bộc
㒓	U+3493	thát
㒖	U+3496	ngẫu
㒗	U+3497	đài|đại
㒚	U+349A	ổn
㒟	U+349F	niểu
㒠	U+34A0	giới
㒦	U+34A6	lỗi
㒧	U+34A7	lệ
㒨	U+34A8	tiên
㒩	U+34A9	lõa
㒪	U+34AA	tích
㒫	U+34AB	ký
㒭	U+34AD	côn
㒰	U+34B0	toàn
㒲	U+34B2	tài
㒳	U+34B3	lưỡng
㒵	U+34B5	mạo
㒶	U+34B6	công
㒷	U+34B7	hưng|hứng
㒸	U+34B8	toại
㒹	U+34B9	điên
㒻	U+34BB	mạo
㒼	U+34BC	man
㒿	U+34BF	ly
㓂	U+34C2	khấu
㓃	U+34C3	ẩm
㓅	U+34C5	đinh
㓏	U+34CF	quýnh
㓔	U+34D4	tạ
㓖	U+34D6	khế|tất
㓗	U+34D7	khiết
㓘	U+34D8	túc
㓙	U+34D9	hung
㓛	U+34DB	công
㓜	U+34DC	ấu
㓝	U+34DD	hình
㓞	U+34DE	khế
㓟	U+34DF	phay
㓠	U+34E0	chẻm|điếm
㓡	U+34E1	phủ
㓣	U+34E3	cát|kháp
㓤	U+34E4	khiết|thích
㓨	U+34E8	thích
㓪	U+34EA	lãng
㓬	U+34EC	khô
㓭	U+34ED	hạt
㓮	U+34EE	điêu
㓯	U+34EF	ly|lễ
㓰	U+34F0	hoạch
㓱	U+34F1	du
㓵	U+34F5	ngạc
㓶	U+34F6	khiết|khía
㓷	U+34F7	nghị|nhị|tỵ
㓸	U+34F8	trác
㓹	U+34F9	nhuệ
㓺	U+34FA	kiện
㓻	U+34FB	cương
㔃	U+3503	tuyệt
㔇	U+3507	bát
㔘	U+3518	truất
㔜	U+351C	bột
㔢	U+3522	tuyệt
㔥	U+3525	bì
㔨	U+3528	bối
㔩	U+3529	hạp|áp
㔬	U+352C	trác
㔭	U+352D	chủy|thì
㔮	U+352E	na
㔯	U+352F	toán
㔰	U+3530	hằng
㔱	U+3531	du
㔲	U+3532	quỹ
㔳	U+3533	quỹ
㔷	U+3537	lậu
㔸	U+3538	ty
㔹	U+3539	lặc
㔺	U+353A	thế
㔻	U+353B	phi
㔼	U+353C	chuẩn
㔽	U+353D	dữu
㔾	U+353E	tiết
㕁	U+3541	khước
㕂	U+3542	ngâm
㕄	U+3544	chỉ
㕉	U+3549	hạp
㕊	U+354A	phu
㕍	U+354D	đôi
㕎	U+354E	áp
㕏	U+354F	trù
㕑	U+3551	trù
㕒	U+3552	nguy
㕓	U+3553	triền
㕔	U+3554	sảnh
㕕	U+3555	huyễn|ảo
㕖	U+3556	tố
㕗	U+3557	dụ
㕘	U+3558	sâm|tham
㕙	U+3559	xuân
㕚	U+355A	trảo
㕛	U+355B	hữu
㕜	U+355C	sử
㕞	U+355E	loát|soát
㕟	U+355F	vị
㕠	U+3560	khái|song
㕡	U+3561	hác
㕢	U+3562	khái
㕧	U+3567	thi
㕫	U+356B	phảng|phỏng
㕬	U+356C	tụng
㕭	U+356D	ao|áo|êu
㕰	U+3570	ma|mau
㕳	U+3573	hung
㕵	U+3575	uống
㕶	U+3576	ba|mặc
㕷	U+3577	ba
㕸	U+3578	lắp
㕹	U+3579	phạt
㕺	U+357A	hiêu
㖁	U+3581	lận
㖂	U+3582	duệ
㖃	U+3583	cấu|hấu|hậu|hống|tầm
㖇	U+3587	nhe
㖊	U+358A	tầm
㖑	U+3591	nhái
㖒	U+3592	đề
㖗	U+3597	sùm
㖘	U+3598	chấn|thần
㖞	U+359E	oa
㖠	U+35A0	nhại|ná|nọa
㖣	U+35A3	phủ|vòi
㖧	U+35A7	hôn|vẫn
㖫	U+35AB	lừng
㖭	U+35AD	thiểm
㖶	U+35B6	nhân|yết
㖸	U+35B8	ngược
㖹	U+35B9	phún|vồn
㖼	U+35BC	mưu|mỏ
㖽	U+35BD	hợt|trách
㖾	U+35BE	ngạc
㖿	U+35BF	gia|ngạc
㗀	U+35C0	u
㗁	U+35C1	ngạc
㗃	U+35C3	vẫn
㗄	U+35C4	man|mạn
㗅	U+35C5	hồ
㗆	U+35C6	cách
㗈	U+35C8	mạn
㗉	U+35C9	lược|trứu
㗊	U+35CA	lôi
㗋	U+35CB	bái|hầu
㗑	U+35D1	bái|bới
㗖	U+35D6	thào|đạm
㗙	U+35D9	sò|xu
㗚	U+35DA	trắt
㗛	U+35DB	tiếu
㗜	U+35DC	khứu|súc
㗢	U+35E2	rống
㗣	U+35E3	đế
㗦	U+35E6	liêu
㗴	U+35F4	nhằn
㗽	U+35FD	hưởng
㗿	U+35FF	hà
㘅	U+3605	hàm
㘇	U+3607	vang
㘈	U+3608	ngực
㘉	U+3609	chất
㘊	U+360A	hấp
㘋	U+360B	hờn
㘌	U+360C	cược
㘓	U+3613	lan|lạn|ran
㘕	U+3615	hám|lam
㘛	U+361B	khảm
㘜	U+361C	thù
㘡	U+3621	hiệp
㘢	U+3622	ống
㘣	U+3623	viên
㘤	U+3624	oan
㘥	U+3625	ngoa|y
㘦	U+3626	y
㘧	U+3627	tự
㘨	U+3628	nồi
㘪	U+362A	háo
㘫	U+362B	tỉnh
㘬	U+362C	ao
㘭	U+362D	ao
㘰	U+3630	châm
㘱	U+3631	than
㘳	U+3633	khâu|khưu
㘴	U+3634	tọa
㘶	U+3636	kiệt
㘷	U+3637	ngải
㘸	U+3638	táng|tọa
㘿	U+363F	niết|nát
㙄	U+3644	bệ
㙅	U+3645	bảo
㙊	U+364A	trường
㙐	U+3650	đóa
㙑	U+3651	vũ
㙒	U+3652	dã
㙔	U+3654	hàn
㙕	U+3655	khối
㙗	U+3657	khối
㙜	U+365C	đài
㙢	U+3662	man|mạn
㙤	U+3664	há|hố
㙧	U+3667	lựu
㙨	U+3668	kỳ
㙬	U+366C	ngân
㙮	U+366E	đắp
㙯	U+366F	nghệ
㙲	U+3672	úng
㙳	U+3673	khảm
㙴	U+3674	thềm
㙵	U+3675	đài
㙶	U+3676	đường
㙷	U+3677	trấp
㙸	U+3678	phác
㙹	U+3679	mộng
㙻	U+367B	triền
㙼	U+367C	lũy
㚀	U+3680	khuy
㚇	U+3687	tông
㚌	U+368C	khỏa|lõa
㚐	U+3690	sáo
㚒	U+3692	siểm|thiểm
㚔	U+3694	niệp
㚕	U+3695	bật
㚖	U+3696	trạch
㚘	U+3698	bạn
㚝	U+369D	khuê
㚢	U+36A2	hối|nô|vũ
㚣	U+36A3	giảo|kiều
㚦	U+36A6	cơ
㚧	U+36A7	ngẫm|tiêm
㚩	U+36A9	nhiêm
㚮	U+36AE	đam
㚰	U+36B0	phôi
㚶	U+36B6	tự
㚷	U+36B7	nãi
㚹	U+36B9	lữu|miêu
㚺	U+36BA	dựng
㚻	U+36BB	cơ|ky
㚼	U+36BC	nữu
㚿	U+36BF	bào
㛐	U+36D0	tẩu
㛔	U+36D4	phong
㛕	U+36D5	áp|ấp
㛛	U+36DB	thần
㛟	U+36DF	xanh
㛩	U+36E9	trục
㛪	U+36EA	em
㛮	U+36EE	tẩu
㛯	U+36EF	miễn|vãn
㛰	U+36F0	hôn|đế
㛲	U+36F2	phát
㛳	U+36F3	đế
㛴	U+36F4	não
㛹	U+36F9	tiên
㛺	U+36FA	am
㛼	U+36FC	sáp
㜏	U+370F	vân
㜑	U+3711	bà|lạo
㜕	U+3715	liên
㜗	U+3717	liệu|lạo
㜛	U+371B	nộn
㜜	U+371C	ngạo
㜪	U+372A	tần
㜫	U+372B	mĩ
㜲	U+3732	doanh
㜴	U+3734	mông
㜸	U+3738	nghiệt
㜻	U+373B	luyến
㜼	U+373C	điệt
㜽	U+373D	tý|tử
㜾	U+373E	hài
㝀	U+3740	hiếu|hảo
㝁	U+3741	hoàn|huyên|huyền|quynh|uyên
㝃	U+3743	miễn
㝄	U+3744	thuần
㝇	U+3747	thuần
㝈	U+3748	luyến
㝉	U+3749	trữ
㝊	U+374A	thủ
㝌	U+374C	cứu
㝍	U+374D	tả
㝎	U+374E	định
㝏	U+374F	giới
㝐	U+3750	dong|dung
㝑	U+3751	bàng
㝒	U+3752	cư
㝔	U+3754	yểu
㝕	U+3755	ninh
㝗	U+3757	lang
㝙	U+3759	dần
㝛	U+375B	túc
㝟	U+375F	mạo
㝠	U+3760	minh
㝡	U+3761	tối
㝢	U+3762	vũ
㝧	U+3767	ổn
㝭	U+376D	tinh
㝱	U+3771	mộng
㝲	U+3772	tẩm
㝴	U+3774	ngoan
㝵	U+3775	ngại|đắc|đức
㝶	U+3776	đắc
㝸	U+3778	biền|biện
㝻	U+377B	cận
㝿	U+377F	bả|cư
㞆	U+3786	khi|kỷ
㞌	U+378C	dựng
㞐	U+3790	cư
㞑	U+3791	vĩ
㞒	U+3792	giải|tùng
㞕	U+3795	tiết
㞖	U+3796	lộng
㞘	U+3798	đồn
㞙	U+3799	niệu
㞛	U+379B	lý
㞞	U+379E	tùng
㞟	U+379F	điện
㞡	U+37A1	triển
㞢	U+37A2	chi|tri
㞣	U+37A3	phân
㞤	U+37A4	sầm
㞧	U+37A7	cối|hội
㞩	U+37A9	lam
㞪	U+37AA	nao
㞫	U+37AB	tẩu
㞮	U+37AE	xuất
㞯	U+37AF	tiết
㞴	U+37B4	mân
㞶	U+37B6	mân
㞸	U+37B8	tuế
㞹	U+37B9	khả
㞺	U+37BA	thác|tộc
㞼	U+37BC	thừa
㞾	U+37BE	ni
㞿	U+37BF	kỳ
㟁	U+37C1	ngạn
㟃	U+37C3	ty|tư
㟄	U+37C4	thác
㟅	U+37C5	ngung
㟋	U+37CB	lộng|đoái
㟖	U+37D6	lộng
㟚	U+37DA	kỳ
㟝	U+37DD	bẫu|bồi
㟟	U+37DF	hạng
㟠	U+37E0	cương
㟤	U+37E4	lục
㟥	U+37E5	sâm
㟩	U+37E9	mân
㟪	U+37EA	ủy
㟫	U+37EB	tuyền
㟬	U+37EC	ngôi|tẩu
㟭	U+37ED	mân
㟴	U+37F4	ngôi|thiêm
㟵	U+37F5	cương
㟻	U+37FB	tiệm
㠀	U+3800	đảo
㠊	U+380A	khu
㠋	U+380B	ngạc
㠌	U+380C	khảm
㠍	U+380D	tiệp
㠐	U+3810	kiêu
㠕	U+3815	nguy|ngôi
㠗	U+3817	áo
㠘	U+3818	dữ|tự
㠙	U+3819	hào
㠜	U+381C	ngực
㠝	U+381D	toản
㠩	U+3829	hoang
㠪	U+382A	cự|thượng
㠯	U+382F	chi|dĩ
㠱	U+3831	cứ|ky
㠶	U+3836	phàm
㠸	U+3838	phu
㠻	U+383B	hy
㠿	U+383F	thử
㡀	U+3840	bề
㡊	U+384A	kháp
㡌	U+384C	mạo
㡎	U+384E	sam|sâm
㡓	U+3853	quần
㡕	U+3855	ương
㡖	U+3856	tràng
㡘	U+3858	khiêm
㡛	U+385B	hoang
㡞	U+385E	lâu|trù
㡡	U+3861	trù
㡢	U+3862	mạn
㡣	U+3863	long
㡧	U+3867	chứng|tránh
㡭	U+386D	kế
㡯	U+386F	trạch
㡰	U+3870	vũ
㡱	U+3871	cứu
㡳	U+3873	để
㡴	U+3874	lụp
㡻	U+387B	liêu|liệu
㡿	U+387F	xích
㢅	U+3885	lộng
㢆	U+3886	triền
㢈	U+3888	đôi
㢏	U+388F	du|dữu
㢑	U+3891	đôi
㢓	U+3893	chướng
㢕	U+3895	ung
㢘	U+3898	liêm
㢙	U+3899	cần
㢛	U+389B	kham
㢟	U+389F	niển|tốn
㢠	U+38A0	huýnh
㢡	U+38A1	tưởng
㢣	U+38A3	kình
㢧	U+38A7	quyển
㢩	U+38A9	đích
㢭	U+38AD	thao
㢮	U+38AE	thỉ
㢱	U+38B1	di
㢲	U+38B2	tốn
㢳	U+38B3	lô
㢴	U+38B4	tây
㢶	U+38B6	bật
㢸	U+38B8	bật
㢺	U+38BA	huyền
㢼	U+38BC	tệ
㢽	U+38BD	nhĩ
㣃	U+38C3	dục
㣆	U+38C6	di
㣈	U+38C8	tứ
㣉	U+38C9	công
㣋	U+38CB	đan|đơn
㣍	U+38CD	đài
㣎	U+38CE	mục
㣏	U+38CF	tĩnh|tịnh
㣐	U+38D0	biến
㣑	U+38D1	dong|dung
㣔	U+38D4	đinh
㣘	U+38D8	câu
㣙	U+38D9	trụ
㣚	U+38DA	thông|đồng
㣛	U+38DB	hội
㣤	U+38E4	tiễn
㣥	U+38E5	trĩ
㣧	U+38E7	dận
㣫	U+38EB	chủng
㣲	U+38F2	vi
㣵	U+38F5	đạt
㣺	U+38FA	tâm
㣻	U+38FB	ngải
㣼	U+38FC	nhẫn
㣽	U+38FD	nộ|thứ
㤁	U+3901	thiểm
㤂	U+3902	cấp
㤃	U+3903	phương
㤅	U+3905	ái
㤇	U+3907	áo
㤊	U+390A	hiệu
㤋	U+390B	bổn|phân
㤌	U+390C	cam
㤍	U+390D	xảo
㤑	U+3911	ưu
㤓	U+3913	bổn|bỡn
㤕	U+3915	truất|trót
㤙	U+3919	ân
㤜	U+391C	huất
㤞	U+391E	sa
㤟	U+391F	khủng
㤡	U+3921	sệt
㤣	U+3923	phanh
㤩	U+3929	khác
㤪	U+392A	oán
㤬	U+392C	khuể
㤭	U+392D	kiêu
㤮	U+392E	cuống
㤰	U+3930	tạc
㤳	U+3933	bẽ
㤵	U+3935	từ
㤹	U+3939	cứu
㤺	U+393A	hoảng
㤻	U+393B	noãn
㤽	U+393D	trù
㤾	U+393E	đàm
㥀	U+3940	đức
㥁	U+3941	đức
㥃	U+3943	muộn
㥄	U+3944	lăng
㥆	U+3946	thối
㥈	U+3948	điệp
㥊	U+394A	phanh
㥍	U+394D	kỵ
㥏	U+394F	thiển
㥐	U+3950	oán
㥑	U+3951	ưu
㥒	U+3952	sai
㥕	U+3955	liên
㥛	U+395B	cức
㥜	U+395C	vị
㥠	U+3960	tư
㥣	U+3963	huệ
㥤	U+3964	căng
㥥	U+3965	ngùng
㥦	U+3966	khiếp
㥧	U+3967	thuận
㥪	U+396A	lâu
㥫	U+396B	đôn
㥯	U+396F	ẩn
㥱	U+3971	phỉ
㥲	U+3972	thận
㥵	U+3975	hỗn
㥶	U+3976	khiên|tắc
㥷	U+3977	khiếp
㥸	U+3978	mẫn
㥽	U+397D	trách
㥾	U+397E	nặc
㥿	U+397F	ngạo
㦂	U+3982	thường
㦅	U+3985	sái|sại|đế
㦆	U+3986	hú
㦉	U+3989	nhát|ý
㦍	U+398D	ngạc
㦒	U+3992	lê
㦔	U+3994	yêm
㦖	U+3996	muốn|muộn
㦘	U+3998	ngạo
㦛	U+399B	dư
㦜	U+399C	hoạch
㦝	U+399D	mạc
㦞	U+399E	trù
㦟	U+399F	mai
㦡	U+39A1	lạc
㦤	U+39A4	ý
㦧	U+39A7	thảm
㦨	U+39A8	lãn|tạt
㦫	U+39AB	tạt
㦭	U+39AD	linh|liên|lân
㦮	U+39AE	tiền
㦯	U+39AF	hoặc
㦲	U+39B2	tai
㦷	U+39B7	dõng|dũng
㦻	U+39BB	tập
㦼	U+39BC	sóng|áng
㦾	U+39BE	di
㦿	U+39BF	hộ
㧁	U+39C1	hạp
㧃	U+39C3	thu
㧅	U+39C5	đeo
㧈	U+39C8	dẫn
㧊	U+39CA	bát|cang|cương
㧌	U+39CC	mao|mạo
㧍	U+39CD	phang|phảng|phỏng
㧏	U+39CF	cang|cương
㧑	U+39D1	huy
㧓	U+39D3	qua
㧖	U+39D6	ách
㧗	U+39D7	chỉ|tử
㧙	U+39D9	ngõa|tất
㧚	U+39DA	ngõa|oa
㧛	U+39DB	khan
㧜	U+39DC	liệp
㧟	U+39DF	khối
㧧	U+39E7	sơ
㧫	U+39EB	nhuyên|nhụ
㧬	U+39EC	củng
㧱	U+39F1	nã
㧵	U+39F5	bồi|phó|phẫu
㧺	U+39FA	đạp
㧻	U+39FB	trác
㧼	U+39FC	biểu|bíu
㧾	U+39FE	hốt|tông|tổng
㨀	U+3A00	bính|đổng
㨂	U+3A02	đổng
㨃	U+3A03	tranh
㨄	U+3A04	chiếu|chu|khiêu|thiêu
㨅	U+3A05	nạp
㨆	U+3A06	lẫm
㨇	U+3A07	bà|bàn
㨈	U+3A08	tễ
㨉	U+3A09	mân
㨎	U+3A0E	nhụ
㨒	U+3A12	khuê
㨔	U+3A14	giằm
㨖	U+3A16	trí
㨗	U+3A17	tiệp
㨘	U+3A18	tỉnh
㨛	U+3A1B	siểm|thiểm
㨠	U+3A20	mịch
㨡	U+3A21	cốt|nạp
㨢	U+3A22	nâng
㨥	U+3A25	nạp
㨩	U+3A29	tiệp
㨪	U+3A2A	hoảng
㨫	U+3A2B	lãm
㨮	U+3A2E	đâu
㨯	U+3A2F	khoáng|khoắc|khuếch
㨱	U+3A31	dao
㨳	U+3A33	kỹ
㨵	U+3A35	tiễn
㨶	U+3A36	đảo|đẽo
㨷	U+3A37	gian
㨺	U+3A3A	môn
㨼	U+3A3C	lược
㨿	U+3A3F	cứ
㩀	U+3A40	cứ
㩁	U+3A41	giác|xác
㩃	U+3A43	khiên|tai
㩄	U+3A44	tai
㩅	U+3A45	trừu
㩇	U+3A47	hủ
㩉	U+3A49	tháp|đáp
㩎	U+3A4E	áp|đặng
㩐	U+3A50	đặng
㩒	U+3A52	cầm|cắm
㩕	U+3A55	linh
㩗	U+3A57	huề
㩘	U+3A58	nghi|nghị
㩙	U+3A59	tái|tắc
㩛	U+3A5B	đoàn
㩜	U+3A5C	giam|lãm
㩝	U+3A5D	hào
㩠	U+3A60	bào|phu
㩡	U+3A61	dủi
㩢	U+3A62	miết|mót
㩣	U+3A63	huy
㩥	U+3A65	tiêm
㩦	U+3A66	huề
㩧	U+3A67	bạc|bẹo
㩪	U+3A6A	hiệt
㩭	U+3A6D	giảo
㩯	U+3A6F	bàn
㩳	U+3A73	tủng
㩻	U+3A7B	kỳ
㩽	U+3A7D	sắc
㪅	U+3A85	canh|cánh
㪉	U+3A89	hiệp|hợp
㪋	U+3A8B	hãn
㪍	U+3A8D	bột
㪏	U+3A8F	bác
㪔	U+3A94	tán|tản
㪘	U+3A98	liễm
㪚	U+3A9A	tán|tản
㪛	U+3A9B	thẩm
㪜	U+3A9C	sủy
㪝	U+3A9D	giản
㪟	U+3A9F	đôi|đôn|đồn
㪢	U+3AA2	sao|siếu
㪣	U+3AA3	xao
㪫	U+3AAB	duệ
㪯	U+3AAF	cử
㪰	U+3AB0	trai
㪶	U+3AB6	hộc
㪷	U+3AB7	đẩu
㪸	U+3AB8	châm
㫁	U+3AC1	đoạn
㫃	U+3AC3	yển
㫄	U+3AC4	bàng
㫅	U+3AC5	kỳ
㫋	U+3ACB	chiên
㫎	U+3ACE	huy
㫑	U+3AD1	chỉ|thì|thời
㫒	U+3AD2	củng
㫓	U+3AD3	khí
㫔	U+3AD4	cấn
㫕	U+3AD5	quang
㫗	U+3AD7	hậu
㫚	U+3ADA	hốt|lãng
㫡	U+3AE1	đông
㫤	U+3AE4	sưởng
㫥	U+3AE5	minh
㫧	U+3AE7	bạo|bộc
㫩	U+3AE9	xuân
㫪	U+3AEA	thung
㫫	U+3AEB	hiển
㫯	U+3AEF	mạo
㫰	U+3AF0	lãng
㫲	U+3AF2	bội
㫳	U+3AF3	thần
㫴	U+3AF4	hao
㫵	U+3AF5	phì|phì?
㫷	U+3AF7	kỳ
㫺	U+3AFA	tích
㫻	U+3AFB	luôn
㫼	U+3AFC	chế|triết|xế
㫾	U+3AFE	thửng
㬅	U+3B05	mạn
㬆	U+3B06	mẫn
㬇	U+3B07	hoán
㬈	U+3B08	ôn
㬉	U+3B09	noãn
㬊	U+3B0A	hoãn
㬎	U+3B0E	hiển
㬐	U+3B10	tấn
㬒	U+3B12	mãng
㬓	U+3B13	phiếu
㬜	U+3B1C	tấn
㬞	U+3B1E	yết
㬟	U+3B1F	phân
㬠	U+3B20	sái|sát
㬡	U+3B21	linh
㬣	U+3B23	thấp|đội
㬤	U+3B24	thấp
㬥	U+3B25	bộc
㬦	U+3B26	hoạch
㬩	U+3B29	huệ
㬪	U+3B2A	điệp
㬫	U+3B2B	yến
㬬	U+3B2C	cù
㬭	U+3B2D	tước
㬮	U+3B2E	nan
㬯	U+3B2F	liệt
㬰	U+3B30	du
㬱	U+3B31	thế
㬵	U+3B35	giao
㬶	U+3B36	hạo
㬿	U+3B3F	thôn
㭃	U+3B43	cương
㭇	U+3B47	lãm|nguyên
㭊	U+3B4A	tích
㭋	U+3B4B	bổng
㭌	U+3B4C	mô
㭍	U+3B4D	thất
㭎	U+3B4E	cương
㭒	U+3B52	tỷ
㭘	U+3B58	hạp|mạo
㭢	U+3B62	mạo
㭨	U+3B68	da
㭫	U+3B6B	toàn|trâu
㭰	U+3B70	chủy
㭱	U+3B71	hạp
㭲	U+3B72	cập|cực|góc|kiệp|nhũng
㭸	U+3B78	đồ
㭻	U+3B7B	đường
㭽	U+3B7D	để
㮀	U+3B80	hàm
㮄	U+3B84	bảng
㮇	U+3B87	thiệm
㮈	U+3B88	nại|nậy
㮋	U+3B8B	hữu
㮌	U+3B8C	miên
㮍	U+3B8D	tiên
㮎	U+3B8E	bôi
㮏	U+3B8F	nại
㮒	U+3B92	nhân
㮓	U+3B93	cắng
㮔	U+3B94	tràng|tròng|đồng
㮗	U+3B97	căng
㮚	U+3B9A	lật
㮛	U+3B9B	chủy|di|thì
㮡	U+3BA1	quán
㮣	U+3BA3	khái
㮤	U+3BA4	tung
㮥	U+3BA5	bổn
㮪	U+3BAA	cung
㮭	U+3BAD	hàm
㮯	U+3BAF	hồn
㮰	U+3BB0	tỳ
㮱	U+3BB1	sâm
㮳	U+3BB3	trẫm
㮴	U+3BB4	sưu
㮶	U+3BB6	sóc
㮸	U+3BB8	tống
㮺	U+3BBA	bản|bổn
㮻	U+3BBB	tao|trảo
㯂	U+3BC2	đái
㯃	U+3BC3	tất
㯅	U+3BC5	ty
㯆	U+3BC6	sản
㯇	U+3BC7	bệ
㯉	U+3BC9	hoạch
㯍	U+3BCD	tưởng
㯏	U+3BCF	cốc
㯓	U+3BD3	tháp
㯘	U+3BD8	hoãn|khoản
㯜	U+3BDC	thối
㯝	U+3BDD	rọ
㯟	U+3BDF	lộc
㯢	U+3BE2	trẫm
㯣	U+3BE3	phân
㯥	U+3BE5	tao
㯦	U+3BE6	kỳ
㯪	U+3BEA	linh
㯭	U+3BED	lỗ
㯰	U+3BF0	thực
㯲	U+3BF2	cấm|cụm
㯳	U+3BF3	kình|kính|kềnh
㯷	U+3BF7	bục|phác
㯸	U+3BF8	tận
㯹	U+3BF9	biểu
㯺	U+3BFA	hám
㯽	U+3BFD	tân
㯿	U+3BFF	liệp|xộp
㰁	U+3C01	lõi
㰃	U+3C03	miên
㰅	U+3C05	đích
㰆	U+3C06	bại
㰇	U+3C07	tiêm
㰉	U+3C09	trân|trăn
㰌	U+3C0C	giác
㰍	U+3C0D	long|lung
㰎	U+3C0E	tuy
㰏	U+3C0F	cao
㰐	U+3C10	đọa
㰖	U+3C16	lãm
㰗	U+3C17	sách|sắc
㰙	U+3C19	nạng
㰚	U+3C1A	ly
㰞	U+3C1E	si
㰟	U+3C1F	ký
㰤	U+3C24	ha
㰱	U+3C31	sáp
㰶	U+3C36	ẩu
㰸	U+3C38	liễm
㰾	U+3C3E	khiếu
㱁	U+3C41	khoản
㱃	U+3C43	ẩm
㱅	U+3C45	ý
㱋	U+3C4B	sác|xác
㱏	U+3C4F	chính
㱒	U+3C52	ha
㱔	U+3C54	ta|tá
㱕	U+3C55	quy
㱘	U+3C58	yểm
㱙	U+3C59	hủ
㱚	U+3C5A	tàn
㱛	U+3C5B	bố
㱠	U+3C60	cô
㱥	U+3C65	lăng
㱨	U+3C68	liễm|độc
㱩	U+3C69	độc
㱪	U+3C6A	hôn
㱭	U+3C6D	đoạn
㱺	U+3C7A	lô|lư
㱽	U+3C7D	thẩm
㱿	U+3C7F	xác
㲇	U+3C87	đông
㲈	U+3C88	thiều
㲉	U+3C89	khác|xác
㲊	U+3C8A	duệ
㲋	U+3C8B	sước
㲎	U+3C8E	lâu|su
㲒	U+3C92	bão
㲓	U+3C93	nhung
㲘	U+3C98	cù
㲙	U+3C99	su
㲜	U+3C9C	thảm
㲝	U+3C9D	nhũng
㲠	U+3CA0	ly
㲪	U+3CAA	đăng
㲭	U+3CAD	thảm
㲯	U+3CAF	lam
㲰	U+3CB0	ninh
㲱	U+3CB1	liệp
㲵	U+3CB5	tiêu
㲷	U+3CB7	đạm
㲸	U+3CB8	ướt
㲹	U+3CB9	quỹ
㲻	U+3CBB	nịch
㲼	U+3CBC	sá
㲾	U+3CBE	vũ
㲿	U+3CBF	oảng|quảng
㳁	U+3CC1	trắc
㳂	U+3CC2	diên|duyên
㳃	U+3CC3	tụy
㳄	U+3CC4	diên|tiên
㳅	U+3CC5	lưu
㳈	U+3CC8	bái
㳉	U+3CC9	ngoét
㳊	U+3CCA	du
㳌	U+3CCC	nhớp
㳑	U+3CD1	dật
㳒	U+3CD2	pháp
㳕	U+3CD5	lan
㳗	U+3CD7	sá
㳙	U+3CD9	quyên|thát
㳝	U+3CDD	khuông
㳞	U+3CDE	xung
㳠	U+3CE0	thát
㳡	U+3CE1	oa|qua
㳤	U+3CE4	thục
㳥	U+3CE5	lỏng
㳪	U+3CEA	vữa
㳫	U+3CEB	đạp
㳭	U+3CED	diên
㳮	U+3CEE	niệu
㳯	U+3CEF	tăn
㳰	U+3CF0	câu
㳶	U+3CF6	nhu|nhũ|nhỏ
㳺	U+3CFA	du
㳼	U+3CFC	hức|tất
㳽	U+3CFD	di|nhị
㳾	U+3CFE	khương
㳿	U+3CFF	tiết
㴃	U+3D03	lệ
㴅	U+3D05	tiêu
㴆	U+3D06	tẩm
㴇	U+3D07	thiệp
㴈	U+3D08	ngấn
㴉	U+3D09	tế
㴊	U+3D0A	uyên
㴋	U+3D0B	sưu|tiêu|túc
㴐	U+3D10	miến
㴑	U+3D11	nghi|tố
㴔	U+3D14	hấp
㴕	U+3D15	tiết
㴖	U+3D16	lạc
㴜	U+3D1C	biến
㴝	U+3D1D	lê
㴞	U+3D1E	thao
㴦	U+3D26	quán|quản
㴩	U+3D29	ung
㴱	U+3D31	thâm
㴲	U+3D32	tư
㴴	U+3D34	trầm
㴸	U+3D38	thiểm
㴾	U+3D3E	bột
㴿	U+3D3F	đỉnh
㵄	U+3D44	hán
㵆	U+3D46	hạo
㵋	U+3D4B	mịch
㵌	U+3D4C	tuần
㵎	U+3D4E	giản
㵏	U+3D4F	thôi|tồi
㵒	U+3D52	bái|phè|phí
㵓	U+3D53	thực
㵕	U+3D55	sâm
㵙	U+3D59	thanh
㵝	U+3D5D	duệ
㵞	U+3D5E	sầu
㵟	U+3D5F	vi
㵢	U+3D62	loi
㵣	U+3D63	khát
㵧	U+3D67	cát
㵪	U+3D6A	diên
㵭	U+3D6D	chử
㵲	U+3D72	vũ
㵳	U+3D73	liêu|liệu
㵸	U+3D78	dược
㵽	U+3D7D	lũy
㵾	U+3D7E	sảnh|tịnh
㶀	U+3D80	giao
㶁	U+3D81	quách
㶅	U+3D85	hạc
㶇	U+3D87	hoành
㶎	U+3D8E	hoàn
㶏	U+3D8F	ân
㶑	U+3D91	liễm
㶒	U+3D92	thẩm
㶕	U+3D95	giản
㶖	U+3D96	thúc
㶚	U+3D9A	bá
㶜	U+3D9C	uyên
㶞	U+3D9E	nhương|nhượng
㶟	U+3D9F	luy
㶡	U+3DA1	hỏa
㶤	U+3DA4	sao|tạch
㶫	U+3DAB	liệu
㶮	U+3DAE	thiêu
㶳	U+3DB3	tấn
㶵	U+3DB5	nhẫm
㶻	U+3DBB	phong
㶾	U+3DBE	tiêu
㷀	U+3DC0	quỳnh
㷄	U+3DC4	hối
㷅	U+3DC5	sao
㷇	U+3DC7	khôi
㷉	U+3DC9	uất|úy
㷊	U+3DCA	phần
㷎	U+3DCE	yết
㷐	U+3DD0	hủy
㷑	U+3DD1	yên
㷔	U+3DD4	diệm
㷖	U+3DD6	chiếu
㷙	U+3DD9	tiên
㷚	U+3DDA	đoành
㷝	U+3DDD	dụt
㷥	U+3DE5	chưng
㷩	U+3DE9	hy
㷭	U+3DED	phong
㷮	U+3DEE	tao
㷶	U+3DF6	phức
㷸	U+3DF8	diệp
㷻	U+3DFB	vô
㷼	U+3DFC	yến
㸀	U+3E00	đài
㸁	U+3E01	hán
㸃	U+3E03	điểm
㸄	U+3E04	tễ
㸈	U+3E08	tiêu
㸉	U+3E09	nhiếp|tiếp
㸋	U+3E0B	phiền|phần
㸏	U+3E0F	mi
㸐	U+3E10	nhiên
㸑	U+3E11	thoán
㸒	U+3E12	dâm
㸕	U+3E15	quặc
㸘	U+3E18	vạn
㸙	U+3E19	gia|già|thâm
㸣	U+3E23	nghiệp
㸦	U+3E26	hỗ
㸧	U+3E27	khẩn|ngân|thâm
㸫	U+3E2B	kiền
㸰	U+3E30	khoa|đà
㸱	U+3E31	khoa|đà
㸷	U+3E37	sế
㸼	U+3E3C	phong
㸾	U+3E3E	nhận
㸿	U+3E3F	độc
㹀	U+3E40	bột
㹅	U+3E45	tổng
㹇	U+3E47	kiền
㹈	U+3E48	mao
㹊	U+3E4A	việt
㹎	U+3E4E	luy
㹓	U+3E53	nghiêu
㹖	U+3E56	hoạn
㹞	U+3E5E	ngân
㹠	U+3E60	đồn
㹡	U+3E61	quyến
㹤	U+3E64	khiếp
㹥	U+3E65	chó
㹦	U+3E66	điêu
㹨	U+3E68	dứu
㹫	U+3E6B	di
㹮	U+3E6E	mạch
㹯	U+3E6F	hưu|hươu
㹱	U+3E71	thước
㹷	U+3E77	hy
㹸	U+3E78	nghê
㹻	U+3E7B	oa|ủy
㺀	U+3E80	nhu
㺃	U+3E83	cẩu
㺄	U+3E84	du
㺅	U+3E85	hầu
㺍	U+3E8D	tân
㺏	U+3E8F	lâu
㺐	U+3E90	liêu|lão
㺒	U+3E92	hiêu
㺓	U+3E93	tích
㺔	U+3E94	voi
㺚	U+3E9A	thát
㺜	U+3E9C	dạng|nông
㺞	U+3E9E	dữ
㺠	U+3EA0	dứu
㺥	U+3EA5	sàm
㺧	U+3EA7	heo
㺪	U+3EAA	phác
㺬	U+3EAC	củng
㺮	U+3EAE	vu
㺲	U+3EB2	nữu
㺳	U+3EB3	mai
㺵	U+3EB5	cửu
㺺	U+3EBA	mạo|mội
㻁	U+3EC1	côi
㻂	U+3EC2	biền
㻄	U+3EC4	bảo
㻊	U+3ECA	môn
㻌	U+3ECC	dạng
㻎	U+3ECE	sắt
㻏	U+3ECF	linh
㻞	U+3EDE	biên
㻡	U+3EE1	tiếp|tiết
㻫	U+3EEB	tất
㻮	U+3EEE	xán
㻽	U+3EFD	tuyền
㼙	U+3F19	trứu
㼜	U+3F1C	áng
㼝	U+3F1D	oản|uyển
㼭	U+3F2D	điếm
㼱	U+3F31	nhuyễn
㼳	U+3F33	tỉnh
㼵	U+3F35	đệ
㼾	U+3F3E	lưu|lộc
㽍	U+3F4D	kham
㽎	U+3F4E	hâm|đàm
㽙	U+3F59	tuấn
㽞	U+3F5E	lưu
㽣	U+3F63	vực
㽬	U+3F6C	phó
㽮	U+3F6E	tinh
㽳	U+3F73	võ
㽵	U+3F75	trang
㽹	U+3F79	nính
㽽	U+3F7D	cố
㽿	U+3F7F	cùi
㾀	U+3F80	khiếp
㾄	U+3F84	rù|độc
㾐	U+3F90	liệt
㾑	U+3F91	đáp
㾓	U+3F93	uyên
㾕	U+3F95	sân
㾘	U+3F98	cạnh|ngạnh
㾞	U+3F9E	dậu
㾫	U+3FAB	thiên
㾱	U+3FB1	phế
㾾	U+3FBE	hem
㿂	U+3FC2	trưng
㿈	U+3FC8	ung
㿊	U+3FCA	tẩm
㿜	U+3FDC	biết|miết
㿝	U+3FDD	hương
㿞	U+3FDE	mạo
㿡	U+3FE1	đâu
㿨	U+3FE8	lịch
㿪	U+3FEA	hoàn
㿲	U+3FF2	khi|y
㿶	U+3FF6	bang
䀂	U+4002	an
䀎	U+400E	miện
䀡	U+4021	xem
䀢	U+4022	thuấn
䀧	U+4027	hòng
䀩	U+4029	nhác
䀮	U+402E	hoang
䀹	U+4039	kiếp|thiểm|tiếp
䀼	U+403C	nhận|sân
䁃	U+4043	phiêu|tiêu
䁆	U+4046	yểm
䁏	U+404F	yếu
䁔	U+4054	huyên
䁕	U+4055	lâu|mân
䁖	U+4056	lâu
䁘	U+4058	dao
䁛	U+405B	coi
䁞	U+405E	tỉnh
䁟	U+405F	sai
䁢	U+4062	tuyền
䁦	U+4066	kiến
䁨	U+4068	hoắc
䁹	U+4079	bễ
䁾	U+407E	miết|mạt
䂄	U+4084	hoắc
䂞	U+409E	chạ|giá|thác
䂡	U+40A1	chỉ
䂦	U+40A6	kháng|trân
䂫	U+40AB	hồng|kháng
䃂	U+40C2	cổn|đê
䃅	U+40C5	đê
䃉	U+40C9	mân
䃍	U+40CD	trụy
䃑	U+40D1	ban|bàn
䃕	U+40D5	lạc
䃖	U+40D6	ổ
䃘	U+40D8	khanh
䃚	U+40DA	tộc
䃢	U+40E2	khâm
䃣	U+40E3	hủy
䃪	U+40EA	đàn
䃬	U+40EC	ngỗi
䃯	U+40EF	lịch
䃶	U+40F6	hoài|hòai
䃸	U+40F8	tiệm
䃺	U+40FA	ma|mạ
䃻	U+40FB	bá
䄃	U+4103	ương
䄍	U+410D	trá
䄒	U+4112	nẫm
䄕	U+4115	xã
䄠	U+4120	thiền
䄭	U+412D	niên
䄷	U+4137	la|thạch
䄹	U+4139	niên
䄺	U+413A	trĩ|đề
䄻	U+413B	đào
䅀	U+4140	lệ|sam
䅇	U+4147	túc
䅉	U+4149	á
䅒	U+4152	mang
䅟	U+415F	sam
䅿	U+417F	hoa
䆀	U+4180	mi|môi
䆃	U+4183	đạo
䆈	U+4188	trĩ
䆉	U+4189	bãi|bả
䆋	U+418B	thu
䆐	U+4190	quốc
䆒	U+4192	cứu
䆗	U+4197	khiếu
䆙	U+4199	dao
䆛	U+419B	sá
䆠	U+41A0	hoạn
䆣	U+41A3	thần
䆥	U+41A5	xuyên
䆦	U+41A6	thâm
䆨	U+41A8	minh
䆩	U+41A9	minh
䆬	U+41AC	vẫn
䆮	U+41AE	tẩm
䆳	U+41B3	thúy
䆻	U+41BB	khiếu
䆼	U+41BC	khoa
䆿	U+41BF	nghệ
䇃	U+41C3	sĩ
䇄	U+41C4	ngất
䇇	U+41C7	manh
䇐	U+41D0	lỵ
䇒	U+41D2	giới
䇘	U+41D8	hỗ
䇡	U+41E1	trữ
䇭	U+41ED	giáp|lão|sách
䇮	U+41EE	sậy
䇲	U+41F2	giáp|hiệp|sách
䇳	U+41F3	tiên
䇵	U+41F5	ngân
䇻	U+41FB	vỉ
䈇	U+4207	tráo|trạo
䈏	U+420F	phúc
䈐	U+4210	quách
䈚	U+421A	đãi
䈥	U+4225	cân
䈪	U+422A	huých
䈫	U+422B	nắp
䈰	U+4230	sao
䈱	U+4231	thao
䈷	U+4237	cách
䈼	U+423C	miết
䈾	U+423E	sao
䉉	U+4249	cô
䉛	U+425B	úc
䉤	U+4264	sổ|tẩu
䉵	U+4275	soạn
䉶	U+4276	hồ|song
䉼	U+427C	liệu
䊀	U+4280	hồ
䊉	U+4289	tảm
䊋	U+428B	trang
䊏	U+428F	tảm
䊜	U+429C	đoàn
䊠	U+42A0	hý|khái|khí
䊢	U+42A2	tương
䊧	U+42A7	phí
䊪	U+42AA	lệ
䊯	U+42AF	quáng
䊵	U+42B5	cưu|cầu
䊷	U+42B7	chuy|chài
䊹	U+42B9	tiêm
䋁	U+42C1	cảnh
䋌	U+42CC	kiên
䋎	U+42CE	trán
䋒	U+42D2	thư
䋓	U+42D3	trứu
䋕	U+42D5	nhâm
䋖	U+42D6	luột
䋗	U+42D7	kiên
䋘	U+42D8	chùy|trùy|trúy
䋝	U+42DD	anh
䋞	U+42DE	võng
䋠	U+42E0	bổ
䋥	U+42E5	lưới
䋦	U+42E6	mối
䋫	U+42EB	tranh
䋱	U+42F1	lai|ly
䋲	U+42F2	thằng
䋶	U+42F6	tủng
䋹	U+42F9	bức|phúc
䋽	U+42FD	bổng
䌂	U+4302	ác
䌇	U+4307	sách
䌈	U+4308	tháp
䌉	U+4309	cương
䌊	U+430A	dao
䌑	U+4311	kiên
䌓	U+4313	phiền|phồn
䌔	U+4314	ẩu
䌧	U+4327	trù|trừu
䌨	U+4328	sái
䌫	U+432B	lãm
䌶	U+4336	chuy
䌷	U+4337	trù|trừu
䌸	U+4338	truyện
䌹	U+4339	quynh|quýnh
䍁	U+4341	toại
䍃	U+4343	dao|phữu
䍈	U+4348	bình
䍏	U+434F	võng
䍐	U+4350	hãn
䍑	U+4351	hãn
䍕	U+4355	dửu
䍡	U+4361	lộc
䍧	U+4367	tang
䍩	U+4369	dưỡng|mạt
䍪	U+436A	mạt
䍮	U+436E	triệu
䍹	U+4379	chiên
䎚	U+439A	bá|huệ
䎬	U+43AC	bá
䎱	U+43B1	bi|bá
䎹	U+43B9	văn
䎽	U+43BD	văn
䏁	U+43C1	tể
䏈	U+43C8	liên
䏊	U+43CA	lung
䏋	U+43CB	túc
䏌	U+43CC	dật
䏏	U+43CF	hu
䏕	U+43D5	nhẫm
䏙	U+43D9	thuyền|thuần|thảm
䏝	U+43DD	thuyền|thuần
䏠	U+43E0	lạp
䏣	U+43E3	tư
䏤	U+43E4	tín
䏧	U+43E7	da
䏮	U+43EE	hiếp
䏴	U+43F4	teo
䏶	U+43F6	ngao
䏻	U+43FB	năng
䏾	U+43FE	bọng
䏿	U+43FF	khể
䐆	U+4406	thải
䐇	U+4407	thần|vẫn
䐊	U+440A	hồn
䐌	U+440C	thiển
䐐	U+4410	thu
䐑	U+4411	triệp
䐜	U+441C	sân
䐥	U+4425	ỏng
䐭	U+442D	giái
䐰	U+4430	tu
䐶	U+4436	trâm
䐸	U+4438	quắc
䐹	U+4439	sưu
䐿	U+443F	úc
䑃	U+4443	mông
䑍	U+444D	anh|yến|yết
䑑	U+4451	bộc
䑓	U+4453	đài
䑕	U+4455	thử
䑚	U+445A	điềm
䑛	U+445B	chỉ|thỉ|thị|để
䑝	U+445D	giả
䑠	U+4460	liễu
䑡	U+4461	xoa
䑢	U+4462	đao
䑣	U+4463	sâm
䑦	U+4466	câu
䑲	U+4472	trạo
䑵	U+4475	mạo
䑺	U+447A	phàm
䑼	U+447C	trâu
䑽	U+447D	tháp|toại
䑾	U+447E	toại
䒀	U+4480	phù
䒁	U+4481	tập
䒃	U+4483	tháo|tạo
䒌	U+448C	mính
䒑	U+4491	thảo
䒜	U+449C	ngâu
䒠	U+44A0	phong
䒬	U+44AC	mạc|mộ
䒳	U+44B3	đóa
䒶	U+44B6	thiên
䒸	U+44B8	huyết
䒼	U+44BC	cùng|khúc
䓖	U+44D6	cùng
䓗	U+44D7	thông
䓡	U+44E1	tri
䓣	U+44E3	lưỡng|lượng|man
䓦	U+44E6	điển
䓧	U+44E7	cức
䔄	U+4504	dao
䔛	U+451B	khuynh|đài|đề
䔢	U+4522	hoa
䔥	U+4525	tiêu
䔲	U+4532	đắng
䔶	U+4536	đài|đề
䕌	U+454C	trĩ
䕓	U+4553	sát|sớ
䕝	U+455D	sắng
䕟	U+455F	sớ
䕠	U+4560	phế
䕡	U+4561	lư
䕤	U+4564	sảng
䕥	U+4565	nễ
䕧	U+4567	lăng
䕩	U+4569	kiết|lão
䕫	U+456B	quỳ
䕮	U+456E	cúc
䕯	U+456F	biều|bèo
䕸	U+4578	kiết
䖄	U+4584	nhiên
䖏	U+458F	xứ|xử
䖒	U+4592	hy
䖝	U+459D	trùng
䖟	U+459F	manh
䖠	U+45A0	nguyên
䖢	U+45A2	miêu
䖣	U+45A3	tảo
䖦	U+45A6	quật
䖪	U+45AA	tư
䖮	U+45AE	hưởng
䖴	U+45B4	riêu
䖵	U+45B5	côn
䖷	U+45B7	he
䖸	U+45B8	nga
䖹	U+45B9	dưỡng
䖼	U+45BC	kiếp|lợi|lỵ
䖽	U+45BD	lợi|lỵ
䗇	U+45C7	cúc|khúc
䗈	U+45C8	manh
䗊	U+45CA	vẹm|đàm
䗒	U+45D2	bánh|tung
䗗	U+45D7	khiên
䗝	U+45DD	tàm
䗥	U+45E5	tung
䗬	U+45EC	phong
䗲	U+45F2	lân
䗶	U+45F6	lạp
䗿	U+45FF	nính
䘅	U+4605	nại
䘆	U+4606	hến
䘈	U+4608	lệ
䘏	U+460F	tuất
䘐	U+4610	nục
䘑	U+4611	mạch
䘓	U+4613	khám
䘔	U+4614	khách
䘗	U+4617	huy
䘘	U+4618	ngữ|ngự|tố
䘙	U+4619	vệ
䘚	U+461A	tốt
䘜	U+461C	cân
䘠	U+4620	bạt
䘨	U+4628	hiệu
䘪	U+462A	sung
䘮	U+462E	táng
䘱	U+4631	dụ
䘳	U+4633	câm|khâm
䘴	U+4634	tùng
䘺	U+463A	trán
䘼	U+463C	oản|uyên
䘽	U+463D	nghê|ngải
䘾	U+463E	quản
䘿	U+463F	quật
䙀	U+4640	banh
䙂	U+4642	tùng
䙃	U+4643	hội|đọa
䙌	U+464C	hội
䙔	U+4654	hội|âu
䙖	U+4656	banh
䙜	U+465C	phùng
䙡	U+4661	hội
䙢	U+4662	tặng
䙨	U+4668	khỏa
䙬	U+466C	ánh
䙭	U+466D	kiển
䙰	U+4670	ly
䙱	U+4671	thục
䙷	U+4677	đắc|đức
䙺	U+467A	liêm
䚕	U+4695	sí
䚡	U+46A1	tai
䚢	U+46A2	triếp
䚦	U+46A6	trĩ
䚯	U+46AF	thảo
䚱	U+46B1	tín
䚲	U+46B2	san
䚹	U+46B9	phỉ
䚺	U+46BA	dao
䚻	U+46BB	dao
䚽	U+46BD	hao
䛁	U+46C1	nam
䛆	U+46C6	chú
䛈	U+46C8	thệ
䛐	U+46D0	từ
䛓	U+46D3	giám
䛕	U+46D5	du
䛜	U+46DC	tấn
䛟	U+46DF	giáp
䛠	U+46E0	đấu
䛡	U+46E1	thoại
䛦	U+46E6	tụng
䛧	U+46E7	mê
䛳	U+46F3	yểm
䛵	U+46F5	thụ
䛷	U+46F7	uyển
䛸	U+46F8	chiêm|điêm
䛼	U+46FC	húy|hủy
䜁	U+4701	hệ
䜈	U+4708	tiễu
䜊	U+470A	tào
䜋	U+470B	hối
䜌	U+470C	luyên
䜑	U+4711	ố
䜖	U+4716	đàm
䜘	U+4718	cảnh
䜛	U+471B	sàm|sấm
䜟	U+471F	sám|sấm
䜣	U+4723	hân
䜥	U+4725	đản
䜩	U+4729	yên|yến
䜬	U+472C	tụ
䜰	U+4730	hao
䜶	U+4736	hàng|thái
䜺	U+473A	thái
䜿	U+473F	thụ
䝄	U+4744	song
䝔	U+4754	hoan
䝘	U+4758	nghị
䝜	U+475C	toan
䝞	U+475E	quắc
䝨	U+4768	hiền
䝯	U+476F	dị
䝲	U+4772	tẫn
䝴	U+4774	tê
䝺	U+477A	quán
䝾	U+477E	phú
䝿	U+477F	quý
䞄	U+4784	biểu
䞅	U+4785	di
䞈	U+4788	hóa
䞋	U+478B	sấn
䞓	U+4793	sanh
䞚	U+479A	kỳ
䞟	U+479F	hiểm|phách
䞤	U+47A4	hiểm
䞨	U+47A8	khuy
䞸	U+47B8	phó
䞿	U+47BF	kiển
䟃	U+47C3	sam
䟆	U+47C6	tất
䟏	U+47CF	lịch
䟑	U+47D1	dược
䟡	U+47E1	chi
䟢	U+47E2	giẫy|tiễn
䟣	U+47E3	truất
䟦	U+47E6	bạt
䟫	U+47EB	sanh
䟬	U+47EC	kheo
䟭	U+47ED	khiêu|tộ
䟮	U+47EE	phục
䟱	U+47F1	túng
䟸	U+47F8	quỳ
䟽	U+47FD	sơ
䠂	U+4802	sở
䠆	U+4806	trường
䠊	U+480A	phí
䠒	U+4812	hồ
䠙	U+4819	bàng
䠣	U+4823	rón
䠲	U+4832	linh
䠶	U+4836	xạ
䠷	U+4837	khiêu
䠹	U+4839	hài
䡇	U+4847	ngột
䡎	U+484E	lô
䡘	U+4858	điền
䡝	U+485D	oản
䡮	U+486E	tung
䡴	U+4874	ninh|xung
䡺	U+487A	duệ|ninh|vệ
䡾	U+487E	linh|ngạt
䡿	U+487F	linh
䢅	U+4885	thần
䢇	U+4887	nhũng
䢊	U+488A	du
䢐	U+4890	tồ
䢙	U+4899	bại
䢛	U+489B	huýnh|quýnh
䢜	U+489C	quy
䢝	U+489D	á
䢦	U+48A6	soái|suất|suốt
䢩	U+48A9	ngự
䢪	U+48AA	tuyệt
䢬	U+48AC	thiên
䢵	U+48B5	vân
䢽	U+48BD	hạng
䢾	U+48BE	sân|tiên
䣈	U+48C8	hạng
䣊	U+48CA	đảng
䣌	U+48CC	để
䣍	U+48CD	yêm
䣑	U+48D1	triền
䣘	U+48D8	đường
䣜	U+48DC	ta
䣣	U+48E3	đảng
䣧	U+48E7	dặc
䣩	U+48E9	thuần
䣴	U+48F4	hú
䣷	U+48F7	chua
䣼	U+48FC	lương
䤃	U+4903	ấm
䤇	U+4907	sưu
䤈	U+4908	hề
䤉	U+4909	mật
䤍	U+490D	phan
䤏	U+490F	bĩ
䤚	U+491A	lý
䤠	U+4920	chỉa
䤥	U+4925	quỷ
䤨	U+4928	phách
䤬	U+492C	sa
䤱	U+4931	thệ
䤲	U+4932	xích
䤹	U+4939	sưu|tuyến
䤼	U+493C	tuyến
䤿	U+493F	khiết
䥅	U+4945	cầm
䥆	U+4946	cầm
䥌	U+494C	chứng
䥐	U+4950	mâu
䥕	U+4955	phiết
䥗	U+4957	khoản
䥚	U+495A	sơ
䥜	U+495C	giản
䥝	U+495D	ao|thiết
䥟	U+495F	kiệt|kệ
䥡	U+4961	diệp
䥫	U+496B	thiết
䥬	U+496C	bác
䥯	U+496F	bi
䥶	U+4976	lịch
䥷	U+4977	siết|soạt|trát|trắc
䦇	U+4987	kế
䦈	U+4988	ta
䦎	U+498E	kháng|quản
䦗	U+4997	hức
䦙	U+4999	tự
䦜	U+499C	ngữ
䦢	U+49A2	khoát
䦧	U+49A7	huých
䦨	U+49A8	lan
䦱	U+49B1	vĩ
䦽	U+49BD	tự
䧍	U+49CD	khích
䧑	U+49D1	đê
䧕	U+49D5	thành|vực
䧙	U+49D9	lăng
䧛	U+49DB	bàng|bạng
䧜	U+49DC	đường
䧡	U+49E1	dung
䧢	U+49E2	khu
䧵	U+49F5	trấm
䧿	U+49FF	thước
䨀	U+4A00	địch
䨄	U+4A04	am
䨐	U+4A10	hiệp|hợp
䨓	U+4A13	lôi
䨔	U+4A14	bạc
䨖	U+4A16	tễ
䨘	U+4A18	tán|tản
䨫	U+4A2B	mạch
䨮	U+4A2E	tuyết
䨴	U+4A34	đối
䨶	U+4A36	vẫn
䩉	U+4A49	phụ|phủ
䩊	U+4A4A	uyển
䩋	U+4A4B	ma
䩖	U+4A56	bí|sa
䩘	U+4A58	đinh|đê
䩚	U+4A5A	đinh|đê
䩛	U+4A5B	bí
䩜	U+4A5C	trụ
䩝	U+4A5D	bao|bào|phu
䩥	U+4A65	siên|đán
䩭	U+4A6D	ky
䩯	U+4A6F	cách
䩷	U+4A77	bang
䩻	U+4A7B	bá
䪁	U+4A81	bộc|phốc
䪄	U+4A84	hoàng
䪅	U+4A85	thục
䪎	U+4A8E	suy
䪐	U+4A90	bí
䪞	U+4A9E	tạp
䪠	U+4AA0	tê
䪥	U+4AA5	giới
䪩	U+4AA9	ngâm
䪰	U+4AB0	y|ý|ức
䪲	U+4AB2	khôn
䪴	U+4AB4	chẩm
䪿	U+4ABF	tín
䫃	U+4AC3	thần
䫇	U+4AC7	nhiêm
䫉	U+4AC9	mạo
䫌	U+4ACC	bễ
䫍	U+4ACD	phủ
䫏	U+4ACF	khi
䫙	U+4AD9	tảng
䫲	U+4AF2	hám
䫻	U+4AFB	dật
䬀	U+4B00	táp|ửu
䬃	U+4B03	táp
䬅	U+4B05	lệ
䬐	U+4B10	ôi
䬓	U+4B13	ám
䬔	U+4B14	du
䬗	U+4B17	dương
䬜	U+4B1C	si
䬟	U+4B1F	lưu
䬠	U+4B20	phi|trứ
䬡	U+4B21	trứ
䬤	U+4B24	tán
䬥	U+4B25	ý
䬪	U+4B2A	bác
䬭	U+4B2D	thao
䬮	U+4B2E	di
䬲	U+4B32	câu
䬳	U+4B33	bạn
䬴	U+4B34	mạt
䬸	U+4B38	xan
䬻	U+4B3B	tiễn
䭇	U+4B47	yết|ý|ế
䭍	U+4B4D	hồ
䭓	U+4B53	ngận
䭔	U+4B54	đôi
䭚	U+4B5A	tràng
䭡	U+4B61	tôn|ổn
䭫	U+4B6B	khể
䭬	U+4B6C	khể
䭵	U+4B75	phiếm|phàm
䭶	U+4B76	kỳ
䭼	U+4B7C	kỳ
䭽	U+4B7D	quần
䮐	U+4B90	quynh|tôn
䮦	U+4BA6	kiêu
䮧	U+4BA7	hàn
䮪	U+4BAA	tăng
䮲	U+4BB2	quang
䯀	U+4BC0	nhiếp
䯁	U+4BC1	loa
䯉	U+4BC9	oát|đam
䯊	U+4BCA	kha
䯐	U+4BD0	hài
䯒	U+4BD2	hành
䯕	U+4BD5	thinh
䯧	U+4BE7	khoanh|khoảnh
䯨	U+4BE8	xao
䯬	U+4BEC	đả
䯯	U+4BEF	ta
䯰	U+4BF0	giới
䯱	U+4BF1	phi
䯶	U+4BF6	man
䯻	U+4BFB	kế
䰀	U+4C00	ỏa
䰂	U+4C02	thái
䰄	U+4C04	tai|tư
䰅	U+4C05	tu
䰉	U+4C09	ban|bàn
䰍	U+4C0D	hưu
䰎	U+4C0E	quý
䰐	U+4C10	lam
䰛	U+4C1B	lịch
䰜	U+4C1C	cách|lịch
䰞	U+4C1E	chử
䰟	U+4C1F	hồn
䰠	U+4C20	thần
䰨	U+4C28	mị
䰪	U+4C2A	mị
䰫	U+4C2B	sao
䰱	U+4C31	linh|long
䰸	U+4C38	công
䰻	U+4C3B	bái|ngư
䰽	U+4C3D	bái
䱇	U+4C47	di|thiện
䱈	U+4C48	kỳ
䱊	U+4C4A	mè
䱌	U+4C4C	di
䱎	U+4C4E	cắng|phu
䱐	U+4C50	phu
䱑	U+4C51	mẫu
䱒	U+4C52	mẫu|yếp
䱔	U+4C54	mẫu
䱕	U+4C55	mòi
䱗	U+4C57	san
䱡	U+4C61	cúc
䱦	U+4C66	chuy
䱧	U+4C67	thiện
䱭	U+4C6D	cắng|ngư
䱷	U+4C77	ngư
䱻	U+4C7B	hoạt
䲔	U+4C94	canh|thu
䲡	U+4CA1	thu
䲢	U+4CA2	đằng
䲨	U+4CA8	hồng
䲫	U+4CAB	cưu
䲹	U+4CB9	phi
䳂	U+4CC2	sếu
䳄	U+4CC4	thư
䳌	U+4CCC	quyên
䳒	U+4CD2	diên
䳗	U+4CD7	nga
䳘	U+4CD8	nga
䳣	U+4CE3	diên
䳨	U+4CE8	hoàng
䳱	U+4CF1	vọ|vụ
䳲	U+4CF2	chấn
䳶	U+4CF6	kê
䳺	U+4CFA	am
䳽	U+4CFD	hạc
䴌	U+4D0C	mòng
䴏	U+4D0F	yến
䴠	U+4D20	yểu
䴥	U+4D25	gia
䴫	U+4D2B	linh
䴸	U+4D38	phu
䴹	U+4D39	quả
䴺	U+4D3A	bẫu
䴽	U+4D3D	bi
䵂	U+4D42	trích
䵃	U+4D43	quáng
䵋	U+4D4B	hối
䵍	U+4D4D	uân
䵎	U+4D4E	ngộ|uyên
䵐	U+4D50	ngộ
䵚	U+4D5A	đạo
䵝	U+4D5D	ý
䵞	U+4D5E	kình
䵟	U+4D5F	cán
䵠	U+4D60	đích
䵣	U+4D63	đát
䵦	U+4D66	ô
䵨	U+4D68	mang
䵩	U+4D69	lê
䵴	U+4D74	dựng
䵶	U+4D76	câu|cù
䵷	U+4D77	oa
䵺	U+4D7A	đinh
䵾	U+4D7E	phủ
䶀	U+4D80	tháp
䶂	U+4D82	chước
䶅	U+4D85	hạc
䶉	U+4D89	lưu
䶊	U+4D8A	nục|nữu
䶋	U+4D8B	hấp
䶌	U+4D8C	bạo
䶍	U+4D8D	đế
䶏	U+4D8F	di|tế
䶑	U+4D91	đế
䶕	U+4D95	ba
䶗	U+4D97	kha
䶚	U+4D9A	củ
䶥	U+4DA5	thư|trở
䶧	U+4DA7	giảo
䶬	U+4DAC	kiên|nghiệt
䶮	U+4DAE	yểm
䶯	U+4DAF	khuy
䶰	U+4DB0	tiêu
䶱	U+4DB1	đông|đồng
䶲	U+4DB2	nhiêm
䶳	U+4DB3	dược
䶴	U+4DB4	xuy
䶵	U+4DB5	trì
䶶	U+4DB6	đè
一	U+4E00	nhất|nhứt
丁	U+4E01	chênh|tranh|đinh|đương
丂	U+4E02	khảo|vu|xảo
七	U+4E03	thất
丄	U+4E04	thướng|thượng
丅	U+4E05	há|hạ
丆	U+4E06	duệ
万	U+4E07	mặc|vạn
丈	U+4E08	trượng
三	U+4E09	tam|tám|tạm
上	U+4E0A	thướng|thưởng|thượng
下	U+4E0B	há|hạ
丌	U+4E0C	cơ|kỳ|kỷ
不	U+4E0D	bĩ|bưu|bất|bỉ|phi|phu|phầu|phủ
与	U+4E0E	dư|dữ|dự
丏	U+4E0F	cái|miễn|miện
丐	U+4E10	cái|miễn
丑	U+4E11	sửu|xú
丒	U+4E12	sửu
专	U+4E13	chuyên|đoan|đoàn
且	U+4E14	thư|thả|trở|tồ
丕	U+4E15	phi|vậy
世	U+4E16	thế
丗	U+4E17	thế
丘	U+4E18	kheo|khiêu|khâu|khưu
丙	U+4E19	bính
业	U+4E1A	nghiệp
丛	U+4E1B	tòng|tùng
东	U+4E1C	đông
丝	U+4E1D	mịch|ty
丞	U+4E1E	chưng|chửng|thừa
丟	U+4E1F	đâu
丠	U+4E20	khâu|khưu|thiên
両	U+4E21	lưỡng|lượng|lạng
丢	U+4E22	điêu|đâu
丣	U+4E23	dậu
两	U+4E24	lưỡng|lượng|lạng
严	U+4E25	nghiêm
並	U+4E26	bính|bạng|tinh|tính|tịnh
丧	U+4E27	tang|táng
丨	U+4E28	cổn|thụ
丩	U+4E29	cưu
个	U+4E2A	cá|cán
丫	U+4E2B	a|giác|nha
丬	U+4E2C	tường
中	U+4E2D	trung|trúng
丮	U+4E2E	kích|kính|tấn
丯	U+4E2F	giới|phong
丰	U+4E30	phong|phùng
丱	U+4E31	quán
串	U+4E32	lâm|quán|xuyến
丳	U+4E33	lâm|lấm|quán|sạn|sản|xuyến
临	U+4E34	lâm|lấm
丵	U+4E35	trạc
丶	U+4E36	chủ
丸	U+4E38	hoàn
丹	U+4E39	đam|đan|đơn
为	U+4E3A	vi|vị
主	U+4E3B	chúa|chủ
丼	U+4E3C	tỉnh|đảm
丽	U+4E3D	ly|lệ
举	U+4E3E	cử
丿	U+4E3F	duệ|ngao|phiệt|phết|thiên|thiệt|triệt
乀	U+4E40	liệt|lật|phất|phật
乁	U+4E41	cập|di
乂	U+4E42	nghệ|ngải
乃	U+4E43	nãi|nải|ái
乄	U+4E44	ngũ
久	U+4E45	cửu
乆	U+4E46	cửu
乇	U+4E47	thác|trách
么	U+4E48	ao|ma|yêu
义	U+4E49	nghĩa|ngãi
之	U+4E4B	chi
乌	U+4E4C	ô
乍	U+4E4D	chạ|sạ|tác|xạ
乎	U+4E4E	hòe|hô|hồ
乏	U+4E4F	phạp
乐	U+4E50	lạc|nhạc|nhạo
乑	U+4E51	chúng|khâm|ngâm|phan
乒	U+4E52	binh
乓	U+4E53	bang|bàng
乔	U+4E54	kiều
乕	U+4E55	hổ
乖	U+4E56	quai
乗	U+4E57	thặng|thừa
乘	U+4E58	thặng|thừa
乙	U+4E59	ất
乚	U+4E5A	ẩn
乜	U+4E5C	khiết|mã|mễ|niết|niệt
九	U+4E5D	cưu|cửu
乞	U+4E5E	khí|khất
也	U+4E5F	dã|giã|giả
习	U+4E60	tập
乡	U+4E61	hương|hướng|hưởng
书	U+4E66	thư
乨	U+4E68	thỉ|thủy
乩	U+4E69	kê
买	U+4E70	mãi
乱	U+4E71	loạn
乳	U+4E73	nhũ|vú
乴	U+4E74	tuyệt
乵	U+4E75	nghiễm
乹	U+4E79	can|càn|kiền
乾	U+4E7E	can|càn|cán|kiền
乿	U+4E7F	trị
亀	U+4E80	quy
亁	U+4E81	can|càn|kiền
亂	U+4E82	loạn
亃	U+4E83	lấn|lẫn|lận
亄	U+4E84	ý|ất
亅	U+4E85	cổn|quyết
了	U+4E86	liễu
亇	U+4E87	cá
予	U+4E88	dư|dữ|dự|nhừ|đà
争	U+4E89	tranh|tránh
亊	U+4E8A	sự
事	U+4E8B	sự
二	U+4E8C	nhì|nhị
亍	U+4E8D	súc|sục|trữ|xúc
于	U+4E8E	hu|vu|ô|ư
亏	U+4E8F	khuy|vu|ư
亐	U+4E90	vu|ư
云	U+4E91	vân
互	U+4E92	hỗ
亓	U+4E93	kỳ|ngột
五	U+4E94	ngũ
井	U+4E95	tĩnh|tỉnh|đán
亖	U+4E96	tứ
亗	U+4E97	tuế
亘	U+4E98	cắng|hoàn|tuyên
亙	U+4E99	cắng|cẳng|tuyên
亚	U+4E9A	a|á
些	U+4E9B	ta|tá
亜	U+4E9C	a|á
亝	U+4E9D	tế|tề
亞	U+4E9E	a|á
亟	U+4E9F	cấc|cức|khí
亠	U+4EA0	đầu
亡	U+4EA1	vong|vô
亢	U+4EA2	cang|cương|hàng|kháng
交	U+4EA4	giao
亥	U+4EA5	giai|hợi
亦	U+4EA6	diệc
产	U+4EA7	sản
亨	U+4EA8	hanh|hưởng|phanh
亩	U+4EA9	mẫu
享	U+4EAB	hưởng
京	U+4EAC	kinh
亭	U+4EAD	đình
亮	U+4EAE	lương|lượng
亯	U+4EAF	hanh|hưởng
亰	U+4EB0	kinh
亱	U+4EB1	dạ
亲	U+4EB2	thân|thấn
亳	U+4EB3	bạc
亵	U+4EB5	nghệ|tiết|điệp
亶	U+4EB6	chiên|thiện|đàn|đảm|đản
亷	U+4EB7	liêm
亸	U+4EB8	đả
亹	U+4EB9	mên|môn|vĩ|vỉ
人	U+4EBA	nhân|nhơn
亻	U+4EBB	nhân|nhơn
亼	U+4EBC	tập
亾	U+4EBE	vong|ức
亿	U+4EBF	ức
什	U+4EC0	thậm|thập
仁	U+4EC1	nhân|nhơn
仂	U+4EC2	lặc|động
仃	U+4EC3	đinh|đình|đính|đừng
仄	U+4EC4	trắc
仅	U+4EC5	cẩn|cận
仆	U+4EC6	bọc|bộc|phác|phó|phốc
仇	U+4EC7	câu|cừu|thù
仈	U+4EC8	bát
仉	U+4EC9	chưởng|ky|kẻ|kỷ
今	U+4ECA	câm|kim
介	U+4ECB	giới
仌	U+4ECC	băng
仍	U+4ECD	nhưng
从	U+4ECE	thung|tung|tòng|tùng|túng|tụng
仏	U+4ECF	phật
仐	U+4ED0	tản
仑	U+4ED1	luân|lôn
仓	U+4ED3	sảng|thương|thảng|xương
仔	U+4ED4	tư|tể|tử
仕	U+4ED5	sĩ
他	U+4ED6	tha|đà
仗	U+4ED7	trượng
付	U+4ED8	phó|phụ
仙	U+4ED9	tiên
仚	U+4EDA	hiên|tiên
仛	U+4EDB	sá|thác|đạc
仜	U+4EDC	hồng
仝	U+4EDD	đồng
仞	U+4EDE	nhẫn|nhận
仟	U+4EDF	thiên
仡	U+4EE1	ngật|ức
仢	U+4EE2	chước
代	U+4EE3	đại
令	U+4EE4	linh|lệnh|lịnh
以	U+4EE5	dĩ
仧	U+4EE7	tràng|trường|trưởng
仨	U+4EE8	ba|ta|tam
仩	U+4EE9	thướng|thượng
仪	U+4EEA	nghi
仫	U+4EEB	ma|mu
们	U+4EEC	môn
仭	U+4EED	nhẫn|nhận
仮	U+4EEE	giá|giả|phản
仯	U+4EEF	sáo
仰	U+4EF0	ngang|ngưỡng|nhạng
仱	U+4EF1	căng|kinh|kiềm|kiền
仲	U+4EF2	trọng
仳	U+4EF3	tỳ|tỷ
仴	U+4EF4	ngoạt|nguyệt
仵	U+4EF5	ngỗ
件	U+4EF6	kiện
价	U+4EF7	giá|giới
仺	U+4EFA	sảng|thương
任	U+4EFB	nhiệm|nhâm|nhậm
仼	U+4EFC	cuống
份	U+4EFD	phân|phần
仾	U+4EFE	đê
仿	U+4EFF	bàng|phang|phóng|phưởng|phảng|phỏng|đẩu
伀	U+4F00	chung
企	U+4F01	xí
伂	U+4F02	bái
伃	U+4F03	dư
伄	U+4F04	điếu
伅	U+4F05	tuân|độn
伇	U+4F07	dịch
伈	U+4F08	tâm|tẩm
伉	U+4F09	kháng|tiễu
伊	U+4F0A	y
伋	U+4F0B	cấp
伍	U+4F0D	ngũ|vụ
伎	U+4F0E	ky|kĩ|kỹ
伏	U+4F0F	bặc|phúc|phục
伐	U+4F10	phạt|đại
休	U+4F11	hu|hưu
伒	U+4F12	cân
伓	U+4F13	bi|bôi|bỉ
伔	U+4F14	dũ|thẩm|đảm
伕	U+4F15	phu
伖	U+4F16	nô|thảng
众	U+4F17	chúng
优	U+4F18	ưu
伙	U+4F19	hỏa|khỏa|lõa
会	U+4F1A	cối|hội
伛	U+4F1B	ủ
伜	U+4F1C	thối
伝	U+4F1D	truyền|truyện|vân
伞	U+4F1E	tán|tản
伟	U+4F1F	vĩ
传	U+4F20	truyến|truyền|truyện
伡	U+4F21	xa
伢	U+4F22	nha
伣	U+4F23	hiện
伤	U+4F24	thương
伥	U+4F25	trành|xương
伦	U+4F26	luân
伧	U+4F27	sanh|thương|thảng|trang
伩	U+4F29	nho
伪	U+4F2A	ngụy
伫	U+4F2B	trữ
伭	U+4F2D	hiền|huyền
伮	U+4F2E	nó|nỗ
伯	U+4F2F	bá|bách
估	U+4F30	cô|cố|cổ
伱	U+4F31	nhĩ|nễ
伲	U+4F32	ni|nễ
伳	U+4F33	tiết
伴	U+4F34	bạn|bật|bột|phán|phật
伵	U+4F35	tớ
伶	U+4F36	linh|rành
伷	U+4F37	trụ
伸	U+4F38	thân
伺	U+4F3A	tý|tứ
伻	U+4F3B	bình|bằng
似	U+4F3C	tự|tựa
伽	U+4F3D	ca|gia|già
伾	U+4F3E	phi|thứ
伿	U+4F3F	chỉ|dĩ|dị
佀	U+4F40	tự
佁	U+4F41	dĩ|sái|sỉ|tỵ|tỷ
佂	U+4F42	chinh
佃	U+4F43	điền
佅	U+4F45	mại
但	U+4F46	đán|đãn|đản
佇	U+4F47	trữ
佈	U+4F48	bố
佉	U+4F49	khư
佊	U+4F4A	bè|bỉ
佋	U+4F4B	chiêu|thiệu
佌	U+4F4C	thử
位	U+4F4D	vị
低	U+4F4E	đây|đê
住	U+4F4F	trú|trụ
佐	U+4F50	tá
佑	U+4F51	hữu|hựu
佒	U+4F52	ngưỡng|ưởng
体	U+4F53	bản|bổn|thể
佔	U+4F54	chiêm|chiếm
何	U+4F55	hà|hạ
佖	U+4F56	tất
佗	U+4F57	tha|xà|đà
佘	U+4F58	xa|xà|xá
余	U+4F59	dư|xà
佚	U+4F5A	dật
佛	U+4F5B	bật|bột|phất|phật
作	U+4F5C	tá|tác|tố
佝	U+4F5D	câu|cú
佞	U+4F5E	nịnh
佟	U+4F5F	đông|đồng
你	U+4F60	nhĩ|nể|nễ
佡	U+4F61	hiên|tiên
佢	U+4F62	cừ|cữ
佣	U+4F63	dong|dung|dụng
佤	U+4F64	ngõa
佥	U+4F65	thiêm
佧	U+4F67	cả|kha|thử
佩	U+4F69	bội
佪	U+4F6A	hồi
佫	U+4F6B	hác|hách
佬	U+4F6C	lão
佮	U+4F6E	cáp|kháp|tháp|áp
佯	U+4F6F	dương
佰	U+4F70	bá|bách|mạch
佱	U+4F71	pháp
佳	U+4F73	chuy|giai
佴	U+4F74	nhĩ|nhị|nại
併	U+4F75	bính|tinh|tính|tịnh
佶	U+4F76	cát
佷	U+4F77	hận|ngận
佸	U+4F78	quát
佹	U+4F79	quỷ
佺	U+4F7A	thuyên|toàn
佻	U+4F7B	dao|diêu|khiêu|thiêu|điêu|điểu|điệu
佼	U+4F7C	giao|giảo|kiểu|thứ
佽	U+4F7D	thứ
佾	U+4F7E	dật
使	U+4F7F	sứ|sử
侀	U+4F80	hinh
侁	U+4F81	sân|thuyên|thân|tân
侂	U+4F82	thác
侃	U+4F83	khản
侄	U+4F84	chất|trất|điệt
侅	U+4F85	cai|hời
來	U+4F86	lai|lãi
侇	U+4F87	di|lật
侈	U+4F88	xỉ
侉	U+4F89	khoa|khỏa
侊	U+4F8A	quang
例	U+4F8B	lề|lệ
侌	U+4F8C	âm
侍	U+4F8D	thị
侎	U+4F8E	mị
侏	U+4F8F	chu|thù
侐	U+4F90	hủy|hức|tuất
侑	U+4F91	hựu
侒	U+4F92	an|ản
侔	U+4F94	mâu|mầu
侕	U+4F95	nhi
侖	U+4F96	luân|lôn|lỏn
侗	U+4F97	thông|thống|đồng|động
侘	U+4F98	sá
侙	U+4F99	thức
侚	U+4F9A	tuẫn
供	U+4F9B	cung|cúng
侜	U+4F9C	chu|trưu
依	U+4F9D	y|ỷ
侞	U+4F9E	như
侟	U+4F9F	tiến
侠	U+4FA0	hiệp
価	U+4FA1	giá|giới
侣	U+4FA3	lữ
侥	U+4FA5	kiểu|nghiêu
侦	U+4FA6	trinh
侧	U+4FA7	trắc
侨	U+4FA8	kiều
侩	U+4FA9	khoái|quái
侪	U+4FAA	sài
侫	U+4FAB	nịnh
侬	U+4FAC	nông|nùng|nồng
侭	U+4FAD	tẫn|tận
侮	U+4FAE	hối|vũ|vụ
侯	U+4FAF	hầu|hậu
侱	U+4FB1	rình
侲	U+4FB2	chấn|đôn
侳	U+4FB3	tóa
侵	U+4FB5	thẩm|tẩm|xâm
侶	U+4FB6	lã|lứa|lữ
侷	U+4FB7	cuộc|cục
侹	U+4FB9	thính|đình|đĩnh|đỉnh
侺	U+4FBA	thậm
侻	U+4FBB	thoát|đoái
侼	U+4FBC	bột|bụt
侽	U+4FBD	nam
便	U+4FBF	tiện
俀	U+4FC0	thối
俁	U+4FC1	ngu|vũ|yến
係	U+4FC2	hệ
促	U+4FC3	xúc
俄	U+4FC4	nga
俅	U+4FC5	cầu|cừu|di
俆	U+4FC6	từ
俇	U+4FC7	cuống
俈	U+4FC8	khốc
俉	U+4FC9	ngộ
俊	U+4FCA	tuấn
俋	U+4FCB	ấp
俌	U+4FCC	phụ
俍	U+4FCD	lang|lương
俎	U+4FCE	trở
俏	U+4FCF	tiêu|tiếu
俐	U+4FD0	lị|lợi|lỵ
俑	U+4FD1	dõng|dũng|thông
俒	U+4FD2	hoàn
俓	U+4FD3	kính
俔	U+4FD4	hiện|khiếm|quyết
俖	U+4FD6	phối
俗	U+4FD7	tục
俘	U+4FD8	phu
俙	U+4FD9	hy
俚	U+4FDA	lái|lý
俛	U+4FDB	miễn|phủ
俜	U+4FDC	binh|phinh|sính
保	U+4FDD	bảo|bửu|khước
俞	U+4FDE	du|dũ
俟	U+4FDF	ai|sĩ
俠	U+4FE0	hiệp
信	U+4FE1	tín
俢	U+4FE2	tu
俣	U+4FE3	ngu|vũ
俥	U+4FE5	xa
俦	U+4FE6	thù|trù
俧	U+4FE7	chi|chí
俨	U+4FE8	nghiễm
俩	U+4FE9	lưỡng
俪	U+4FEA	lệ
俫	U+4FEB	lai
俬	U+4FEC	tư
俭	U+4FED	kiệm
修	U+4FEE	trang|tu
俯	U+4FEF	phủ|thiếu
俱	U+4FF1	câu|cụ
俲	U+4FF2	hiệu
俳	U+4FF3	bài|bái|bồi
俴	U+4FF4	kiến|tiển|tiễn
俵	U+4FF5	biếu|biều|biểu
俶	U+4FF6	thích|thúc|thục|xúc
俷	U+4FF7	phị
俸	U+4FF8	bổng|phụng
俺	U+4FFA	em|yêm|yểm
俻	U+4FFB	bị
俼	U+4FFC	chúc
俽	U+4FFD	hân
俾	U+4FFE	tỉ|tỵ|tỷ
倀	U+5000	trành|trương|xương
倂	U+5002	bính|tinh|toán|tính|tịnh
倃	U+5003	ta
倅	U+5005	thối|toái|tốt
倆	U+5006	lưỡng
倇	U+5007	uyển
倈	U+5008	lai|lười|lại
倉	U+5009	sang|sảng|thương|thảng|xương
倊	U+500A	tổng
個	U+500B	cá
倌	U+500C	quan
倍	U+500D	bối|bội
倎	U+500E	thiển
倏	U+500F	thúc|thốc|điều
倐	U+5010	thúc
們	U+5011	món|môn
倒	U+5012	đáo|đảo
倓	U+5013	đàm|đạm|đảm
倔	U+5014	quất|quật
倕	U+5015	thùy
倖	U+5016	hãnh|hạnh
倗	U+5017	bằng
倘	U+5018	thảng|thẳng
候	U+5019	hầu|hậu|tiết
倚	U+501A	kỳ|ỷ
倛	U+501B	khi
倜	U+501C	thích
倝	U+501D	can|càn|cán|kiền
倞	U+501E	kính|lượng
借	U+501F	tá
倠	U+5020	huy
倡	U+5021	xương|xướng
倢	U+5022	tiệp
倣	U+5023	phóng|phảng|phỏng
値	U+5024	trặc|trị|trực
倥	U+5025	không|khổng
倦	U+5026	quyện
倧	U+5027	tông
倨	U+5028	cứ
倩	U+5029	sai|sảnh|thanh|thiến|thính
倪	U+502A	nghê
倫	U+502B	luân
倬	U+502C	trác|xấc
倭	U+502D	nụy|oa|oải|uy
倮	U+502E	khỏa|lõa
倯	U+502F	tung|tùng
倰	U+5030	lăng
倱	U+5031	hỗn
倲	U+5032	đông
倳	U+5033	bôn|chí|trí|trị
倴	U+5034	bôn
倵	U+5035	võ|vũ
倶	U+5036	câu
倷	U+5037	nãi|nại|tụi
倸	U+5038	thải
倹	U+5039	kiệm
债	U+503A	trái
值	U+503C	trặc|trị|trực
倽	U+503D	xá
倾	U+503E	khuynh
偀	U+5040	anh
偁	U+5041	xưng|xứng
偃	U+5043	yển|ễnh
偄	U+5044	noàn|nuyên
偅	U+5045	chổng|chủng|động
偆	U+5046	xuẩn
假	U+5047	giá|giả|hà
偈	U+5048	khế|kiệt|kệ
偉	U+5049	vĩ
偊	U+504A	chủ|củ|vũ
偋	U+504B	bình|bính
偌	U+504C	nhược|nhạ
偍	U+504D	đề
偎	U+504E	uy|ôi|ủy
偏	U+504F	thiên
偐	U+5050	nhạn
偑	U+5051	phong
偒	U+5052	dị
偓	U+5053	ác|ốc
偕	U+5055	giai|hài
偗	U+5057	sảnh
偘	U+5058	khản
偙	U+5059	đế
做	U+505A	tá|tác|tố
偛	U+505B	sáp|tráp
停	U+505C	đình
偝	U+505D	bội
偞	U+505E	diệp
偟	U+505F	hoàng
偠	U+5060	yểu
偡	U+5061	trạm|trảm
偢	U+5062	thiễu|thu|tiễu
偣	U+5063	yêm
偤	U+5064	dậu
健	U+5065	khang|kiến|kiện
偨	U+5068	sai|thày
偩	U+5069	phụ
偪	U+506A	bức|phúc
偫	U+506B	trĩ
偬	U+506C	tổng
偭	U+506D	diện|mạn
偮	U+506E	trấp|tập
偯	U+506F	ai|y|ỷ
偰	U+5070	tiết
偲	U+5072	tai|ti|ty|tư
偳	U+5073	đoàn
側	U+5074	trắc
偵	U+5075	trinh
偶	U+5076	biền|ngẫu
偷	U+5077	du|thâu
偸	U+5078	du|thâu
偹	U+5079	bị
偺	U+507A	cha|quỹ|ta|tảm
偻	U+507B	lâu|lũ
偽	U+507D	nguỵ|ngụy
偾	U+507E	phẫn
偿	U+507F	thường
傀	U+5080	côi|khôi|khổi|quỷ|ổi
傂	U+5082	hễ|trãi|trĩ|ty|đề
傃	U+5083	tố|tộ
傅	U+5085	phu|phó|phụ
傇	U+5087	nhũng
傈	U+5088	lật
傉	U+5089	nục
傋	U+508B	cấu
傌	U+508C	má|mã|mạ
傍	U+508D	bàng|bạng
傎	U+508E	điên
傑	U+5091	kiệt
傒	U+5092	hề|hễ
傓	U+5093	phiến
傔	U+5094	khiểm
傕	U+5095	giác|quyết
傖	U+5096	sanh|sương|thương|thảng
傘	U+5098	tàn|tán|tản
備	U+5099	bị
傚	U+509A	hiêu|hiệu
傛	U+509B	dong|dung
傜	U+509C	dao|diêu
傝	U+509D	tháp
傞	U+509E	ta|thoa
傠	U+50A0	phạt
傡	U+50A1	tịnh
傢	U+50A2	cô|gia
傣	U+50A3	thái|đãi
傤	U+50A4	tái|tải
傥	U+50A5	thảng
傦	U+50A6	cốt
傧	U+50A7	tân|tấn
储	U+50A8	trừ|trữ
傩	U+50A9	na|nan
催	U+50AC	thòi|thôi
傭	U+50AD	dong|dung
傮	U+50AE	tao
傯	U+50AF	tổng
傰	U+50B0	băng|bằng
傱	U+50B1	tuồng|tủng
傲	U+50B2	ngao|ngạo
傳	U+50B3	truyến|truyền|truyện
傴	U+50B4	ủ
債	U+50B5	trái
傶	U+50B6	thấu
傷	U+50B7	thương
傸	U+50B8	sảng
傹	U+50B9	cương
傺	U+50BA	sế
傻	U+50BB	sọa|sỏa|xọa|xỏa
傽	U+50BD	chương|tràng
傾	U+50BE	khuynh
傿	U+50BF	yên|yến
僀	U+50C0	đế
僁	U+50C1	tiết|tất
僂	U+50C2	lâu|lũ|vặn
僃	U+50C3	bị
僄	U+50C4	phiêu|phiếu|tiêu|xỉu
僅	U+50C5	cẩn|cận
僆	U+50C6	liên|liễn
僇	U+50C7	lục
僈	U+50C8	mạn
僉	U+50C9	thiêm
僊	U+50CA	quyện|tiên
僋	U+50CB	tham
僌	U+50CC	tái|tải
働	U+50CD	động
僎	U+50CE	chuyến|soạn|tốn
像	U+50CF	tương|tượng
僐	U+50D0	thiện
僑	U+50D1	kiều|quều
僒	U+50D2	quẫn|tâm
僓	U+50D3	thối|đôi
僔	U+50D4	tổn
僕	U+50D5	bộc|phó
僖	U+50D6	hy
僗	U+50D7	lao
僚	U+50DA	liêu
僛	U+50DB	khi
僜	U+50DC	đăng
僝	U+50DD	sàn|sạn
僞	U+50DE	ngụy
僟	U+50DF	ky|kỳ|kỷ
僠	U+50E0	ba
僡	U+50E1	huệ
僢	U+50E2	xuyên|xuyển|xuyễn
僣	U+50E3	thiết|thế|tiếm
僤	U+50E4	dạn|đạn
僥	U+50E5	kiểu|nghiêu|nghẹo|nhiêu
僦	U+50E6	tựu
僧	U+50E7	tăng
僨	U+50E8	phẫn
僩	U+50E9	dản|giản|nhàn|đản
僪	U+50EA	huất
僫	U+50EB	ác|ố
僬	U+50EC	tiêu
僭	U+50ED	tiếm|tự
僮	U+50EE	đồng
僯	U+50EF	lân|lẫn|lận
僰	U+50F0	bặc
僱	U+50F1	cố|cổ
僲	U+50F2	tiên
僳	U+50F3	túc
僴	U+50F4	giản|đản
僵	U+50F5	cương|thương
僶	U+50F6	miễn|mẫn
僷	U+50F7	diệp
僸	U+50F8	cấm
價	U+50F9	giá|giới
僻	U+50FB	tích|tịch
僽	U+50FD	sậu|trừu
僾	U+50FE	ái
僿	U+50FF	tái
儀	U+5100	nghi
儁	U+5101	tuấn
儂	U+5102	nông|nùng|nồng
儃	U+5103	thản
億	U+5104	ức
儅	U+5105	đang|đáng|đương
儆	U+5106	cảnh
儇	U+5107	hoàn|huyên
儈	U+5108	cúi|cối|khoái|quái
儉	U+5109	kiệm
儊	U+510A	sở
儋	U+510B	đam|đảm
儌	U+510C	kiêu
儍	U+510D	sọa|sỏa|xọa|xỏa
儎	U+510E	tái|tải
儐	U+5110	tân|tấn
儑	U+5111	ngam|nghiệp|ngám
儒	U+5112	nho|nhu
儓	U+5113	đài|đại
儔	U+5114	thù|trù
儕	U+5115	sài
儗	U+5117	nghĩ
儘	U+5118	tần|tẩn|tẫn|tận
儚	U+511A	mộng|vũ
儛	U+511B	vũ
儜	U+511C	nhĩ|ninh|nễ
儞	U+511E	nhĩ|nễ
償	U+511F	thường
儠	U+5120	liệp
儡	U+5121	lỗi
儢	U+5122	lữ
儤	U+5124	bạo|mạn
儥	U+5125	dục|thiễu|độc
儦	U+5126	tiêu
儧	U+5127	toản
儨	U+5128	thiễu
儩	U+5129	tú|tứ
優	U+512A	ưu
儭	U+512D	sấn|thân
儮	U+512E	lịch
儰	U+5130	vĩ
儱	U+5131	lung|lũng
儲	U+5132	trừ|trừu|trữ
儳	U+5133	sàm|sảm
儴	U+5134	nhương
儵	U+5135	quỳnh|thúc
儷	U+5137	lệ
儸	U+5138	la
儹	U+5139	toản
儺	U+513A	na|nan
儻	U+513B	thảng
儼	U+513C	nghiễm
儽	U+513D	luy|lỗi|nang
儾	U+513E	nang
儿	U+513F	nghê|nhi|nhân
兀	U+5140	ngoạt|ngột|ô
允	U+5141	doãn|duẫn|sung
兂	U+5142	trâm
元	U+5143	nguyên
兄	U+5144	huynh|huống
充	U+5145	sung
兆	U+5146	triệu
兇	U+5147	hung
先	U+5148	tiên|tiến
光	U+5149	quang
兊	U+514A	duyệt|duệ|đoài|đoái|đòai
克	U+514B	khắc
兌	U+514C	duyệt|duệ|nhuệ|đoài|đoái|đòai
免	U+514D	miễn|vấn
兎	U+514E	thỏ|thố
兏	U+514F	tràng|trường|trưởng
児	U+5150	nhi
兑	U+5151	duyệt|duệ|đoài|đoái|đòai
兒	U+5152	nghê|nhi|nhân
兓	U+5153	tán|tâm
兔	U+5154	thỏ|thố
兕	U+5155	chủy|hủy|tự
兖	U+5156	duyễn|duyện
兗	U+5157	duyễn|duyện
兘	U+5158	thỉ|thủy
兙	U+5159	thập|thậpkhắc  # @ok
党	U+515A	chưởng|đảng
兛	U+515B	thiên|thiênkhắc  # @ok
兜	U+515C	đâu
兝	U+515D	côngphân  # @ok|phân
兞	U+515E	mao
兟	U+515F	sân|săn
兠	U+5160	đâu
兡	U+5161	báchkhắc  # @ok
兢	U+5162	căng|cạnh
兣	U+5163	cônglý  # @ok|ly
兤	U+5164	khoáng
入	U+5165	nhập
兦	U+5166	vong
內	U+5167	nạp|nội
全	U+5168	toàn
兩	U+5169	lưỡng|lượng|lạng
兪	U+516A	du
八	U+516B	bát
公	U+516C	công
六	U+516D	lục
兮	U+516E	a|hề
兰	U+5170	lan
共	U+5171	cung|cộng|củng
兲	U+5172	thiên
关	U+5173	loan|quan|tiếu
兴	U+5174	hưng|hứng
兵	U+5175	binh
其	U+5176	cơ|ki|ky|kì|ký|kỳ
具	U+5177	cụ|soạn
典	U+5178	điển
兹	U+5179	ty|tư|từ
养	U+517B	dường|dưỡng|dượng|dạng
兼	U+517C	kiêm
兽	U+517D	thú
兾	U+517E	ký
兿	U+517F	nghệ|vân
冀	U+5180	kí|ký
冁	U+5181	sản|xiên|xiển
冂	U+5182	quynh
冃	U+5183	mạo
冄	U+5184	nghiễm|nhiễm
内	U+5185	nạp|nội
円	U+5186	viên
冇	U+5187	hữu|mão
冈	U+5188	cương
冉	U+5189	nghiễm|nhiễm
冊	U+518A	sách|sạch
冋	U+518B	quynh
册	U+518C	sách
再	U+518D	tái
冎	U+518E	qua|quả
冏	U+518F	quýnh
冐	U+5190	mạo
冑	U+5191	trụ
冒	U+5192	mạo|mặc
冓	U+5193	cấu
冔	U+5194	hu
冕	U+5195	miện
冖	U+5196	mật|mịch
冗	U+5197	nhũng|võng
冘	U+5198	dâm|thẩm|đem
写	U+5199	tả
军	U+519B	quân
农	U+519C	nông|nùng
冝	U+519D	nghi
冞	U+519E	mi
冠	U+51A0	quan|quán
冡	U+51A1	mông|trũng
冢	U+51A2	trũng|trủng
冣	U+51A3	tối
冤	U+51A4	oan
冥	U+51A5	minh
冦	U+51A6	khấu
冨	U+51A8	phú
冩	U+51A9	tả
冪	U+51AA	mạc|mịch
冫	U+51AB	băng
冬	U+51AC	đông
冯	U+51AF	bằng|phùng
冰	U+51B0	băng|ngưng
冱	U+51B1	hỗ|hộ
冲	U+51B2	trùng|xung
决	U+51B3	huyết|khuyết|quyết
冴	U+51B4	hộ
况	U+51B5	huống|hùng
冶	U+51B6	dã
冷	U+51B7	lãnh|lạnh|sảo
冹	U+51B9	phu|phất
冺	U+51BA	dân|dẫn|mẫn
冻	U+51BB	đông|đống
冼	U+51BC	sảng
冽	U+51BD	liệt|rét
冾	U+51BE	hiệp|hạp
净	U+51C0	tịnh
凂	U+51C2	miễn|mỗi
凃	U+51C3	đồ
凄	U+51C4	thê
凅	U+51C5	hạc
准	U+51C6	chuyết|chuẩn|chốn
凇	U+51C7	tung|tùng
凈	U+51C8	tịnh
凉	U+51C9	lương|lượng
凊	U+51CA	sảnh|thính|thảnh
凋	U+51CB	điêu
凌	U+51CC	lăng
凍	U+51CD	đông|đống
减	U+51CF	giảm
凐	U+51D0	lật|nhân
凑	U+51D1	thấu|tấu
凒	U+51D2	ngai
凓	U+51D3	lật
凔	U+51D4	sương|sảng|thương
凕	U+51D5	minh
凖	U+51D6	chuẩn
凗	U+51D7	tồi
凘	U+51D8	tư
凙	U+51D9	đạc
凛	U+51DB	lẫm
凜	U+51DC	lẫm
凝	U+51DD	ngưng
凞	U+51DE	hy
凟	U+51DF	độc
几	U+51E0	cơ|khởi|ky|ký|kỉ|kỳ|kỷ|ỷ
凡	U+51E1	hoàn|phàm
凢	U+51E2	phàm
凣	U+51E3	phàm
凤	U+51E4	phượng|phụng
凥	U+51E5	cư
処	U+51E6	xứ|xử
凨	U+51E8	phong
凫	U+51EB	bằng|phù
凬	U+51EC	phong
凭	U+51ED	bằng|bẵng
凮	U+51EE	phong
凯	U+51EF	khải
凰	U+51F0	hoàng|huỳnh
凱	U+51F1	khải
凲	U+51F2	giam
凳	U+51F3	đăng|đắng
凴	U+51F4	bằng
凵	U+51F5	khư|khảm|tường
凶	U+51F6	hung
凷	U+51F7	khối
凸	U+51F8	đội|đột
凹	U+51F9	ao|oa
出	U+51FA	xuất|xích|xúy
击	U+51FB	kích
凼	U+51FC	u
函	U+51FD	hàm|hòm
凾	U+51FE	hàm|tạc
凿	U+51FF	tao|tạc
刀	U+5200	đao
刁	U+5201	điêu
刂	U+5202	đao
刃	U+5203	lạng|nhẫn|nhậm|nhận
刄	U+5204	lượng|lạng|nhẫn|nhận
刅	U+5205	sang|sáng
分	U+5206	phân|phần|phận
切	U+5207	thiết|thế
刈	U+5208	nghệ|ngải
刉	U+5209	ky|ngật
刊	U+520A	khan|san
刋	U+520B	san
刌	U+520C	sô|thiển|thôn|thổn
刍	U+520D	sô
刎	U+520E	vẫn
刏	U+520F	ky
刐	U+5210	đan|đãn
刑	U+5211	hình
划	U+5212	hoa|hoạch|họa|quả
刓	U+5213	ngoan
刔	U+5214	quyết
刖	U+5216	ngoạt|nguyệt
列	U+5217	liệt
刘	U+5218	lưu
则	U+5219	tắc
刚	U+521A	cang|cương
创	U+521B	sang|sáng
刜	U+521C	phất
初	U+521D	sơ
刞	U+521E	thự
刟	U+521F	xẻo
删	U+5220	san
刡	U+5221	vẫn
判	U+5224	phán
別	U+5225	biết|biệt|liệt
刦	U+5226	kiếp
刧	U+5227	kiếp
刨	U+5228	bao|bào|bộc
利	U+5229	lợi|lỵ
刪	U+522A	san
别	U+522B	biệt|tệ
刬	U+522C	sạn|sản
刭	U+522D	hĩnh|kinh
刮	U+522E	quát
到	U+5230	đáo
刱	U+5231	sang|sáng
刲	U+5232	khuê
刳	U+5233	dịch|khô
刴	U+5234	đóa
刵	U+5235	nhĩ|nhị
制	U+5236	chế
刷	U+5237	loát|xoát
券	U+5238	khoán|quyển
刹	U+5239	sát
刺	U+523A	si|thích|thứ
刻	U+523B	hặc|khắc
刼	U+523C	kiếp
刽	U+523D	khoái|quái
刾	U+523E	quế|thích
刿	U+523F	quế|quệ
剀	U+5240	cai|cái|khải
剁	U+5241	sát|tề|đóa
剂	U+5242	tề|tễ|tệ
剃	U+5243	thế
剄	U+5244	hĩnh|kinh|kình|kính
剅	U+5245	lâu
剆	U+5246	lã
則	U+5247	tắc
剉	U+5249	thỏa|tỏa
削	U+524A	sảo|tước
剋	U+524B	khắc
剌	U+524C	lạt|thích
前	U+524D	tiền|tiễn
剎	U+524E	sa|sát
剏	U+524F	sang|sáng
剐	U+5250	qua|quả
剑	U+5251	kiếm
剒	U+5252	thác|thố
剔	U+5254	dị|dịch|thế
剕	U+5255	phí|phỉ
剖	U+5256	bo|bội|phẩu|phẫu
剗	U+5257	sạn|sản
剙	U+5259	sang|sáng
剚	U+525A	chí|trí|trị|tứ
剛	U+525B	cang|cương
剜	U+525C	oan|oản
剝	U+525D	bác|bóc|lục|phốc
剞	U+525E	cơ|ky|kì|kỉ|kỳ|kỷ|ỷ
剟	U+525F	xuyết|đoạt
剠	U+5260	kinh|kình|lược
剡	U+5261	diễm|diệm
剢	U+5262	trác|độc
剣	U+5263	kiếm
剤	U+5264	tề|tễ
剥	U+5265	bác|phốc
剦	U+5266	yêm
剧	U+5267	cưa|kịch
剨	U+5268	hoạch|hạch|họa|lưu
剩	U+5269	thặng
剪	U+526A	tiển|tiễn|tiện
剫	U+526B	đạc
剬	U+526C	đoan
剭	U+526D	ốc
剮	U+526E	qua|quả
副	U+526F	phó|phốc
剰	U+5270	thặng|thừa
剱	U+5271	kiếm
割	U+5272	cát|cắt
剳	U+5273	tráp|trát
剴	U+5274	cai|cái|khải
創	U+5275	sang|sáng
剷	U+5277	sạn|sản|xẻng
剸	U+5278	chuyên|chuyển
剹	U+5279	lục
剺	U+527A	ly
剻	U+527B	băng
剼	U+527C	sam
剽	U+527D	phiêu|phiếu|phiểu
剿	U+527F	sao|tiễu
劀	U+5280	quất
劁	U+5281	thiêu
劂	U+5282	khoét|khuyết|quyết
劃	U+5283	hoa|hoạch|vạch
劄	U+5284	cháp|chép|tráp|trát
劇	U+5287	kịch
劈	U+5288	bích|phách|tích
劉	U+5289	kiều|lưu
劊	U+528A	khoái|quái
劋	U+528B	giảo|tiễu
劌	U+528C	quế|quệ
劍	U+528D	kiếm
劎	U+528E	kiếm
劐	U+5290	hoát|hoạch
劑	U+5291	tề|tễ|tệ
劒	U+5292	kiếm|thị
劓	U+5293	nghị|nhị|tị|tỵ
劔	U+5294	kiếm
劕	U+5295	chất|chặt
劖	U+5296	sàm|thiền
劗	U+5297	tiễn
劘	U+5298	ma|mi|mạ
劙	U+5299	ly|lãi|lễ
劚	U+529A	chủ
力	U+529B	lực
劝	U+529D	cần|khuyến
办	U+529E	ban|biện|bạn
功	U+529F	công
加	U+52A0	gia
务	U+52A1	vũ|vụ
劢	U+52A2	mại
劣	U+52A3	liệt
劦	U+52A6	hiệp|động
动	U+52A8	động
助	U+52A9	trợ
努	U+52AA	nỗ
劫	U+52AB	kiếp
劬	U+52AC	cù
劭	U+52AD	thiệu
劮	U+52AE	dật
励	U+52B1	lệ
劲	U+52B2	kình|kính
劳	U+52B3	lao|lạo
労	U+52B4	lao
劵	U+52B5	quyển|quyện
効	U+52B9	hiệu
劻	U+52BB	khuông
劼	U+52BC	cật
劾	U+52BE	hạch|hắc|hặc
势	U+52BF	thế
勀	U+52C0	khắc
勁	U+52C1	cứng|hĩnh|kinh|kình|kính
勂	U+52C2	hào
勃	U+52C3	bột
勄	U+52C4	mẫn
勅	U+52C5	sắc
勇	U+52C7	dõng|dũng
勈	U+52C8	dõng|dũng
勉	U+52C9	miễn|mẫn
勊	U+52CA	huân|khắc
勋	U+52CB	huân
勌	U+52CC	quyển|quyện
勍	U+52CD	kình
勑	U+52D1	lai|lại|sắc
勒	U+52D2	lắc|lặc
勓	U+52D3	khái
勔	U+52D4	miễn|mẫn
動	U+52D5	động
勖	U+52D6	húc|úc
勗	U+52D7	húc|trợ|úc
勘	U+52D8	khám
務	U+52D9	vũ|vụ
勚	U+52DA	duệ
勛	U+52DB	huân
勝	U+52DD	thăng|thắng
勞	U+52DE	lao|lạo
募	U+52DF	mộ
勠	U+52E0	lục
勢	U+52E2	thế
勣	U+52E3	tích
勤	U+52E4	cần
勦	U+52E6	sao|tiễu|tẹo
勧	U+52E7	cần|khuyến
勩	U+52E9	duệ
勫	U+52EB	phiền
勮	U+52EE	cự|kịch
勯	U+52EF	đan|đàn
勰	U+52F0	hiếp|hiệp
勱	U+52F1	mại
勲	U+52F2	huân
勳	U+52F3	huân|hưng|động
勴	U+52F4	lự
勵	U+52F5	lệ
勷	U+52F7	nhương
勸	U+52F8	khuyến
勹	U+52F9	bao
勺	U+52FA	bao|chước|múc|thược
勻	U+52FB	quân
勼	U+52FC	cưu|húc
勽	U+52FD	bão|câu
勾	U+52FE	câu|cấu
勿	U+52FF	vật
匀	U+5300	quân
匂	U+5302	cái
匃	U+5303	cái
匄	U+5304	cái
包	U+5305	bao
匆	U+5306	thông
匈	U+5308	hung
匉	U+5309	phanh
匊	U+530A	cúc
匋	U+530B	đào
匌	U+530C	cáp
匍	U+530D	bò|bồ
匎	U+530E	áp
匏	U+530F	biều|bào|bàu|bầu
匐	U+5310	bặc
匑	U+5311	cung|khung
匒	U+5312	đáp
匓	U+5313	cứu
匔	U+5314	cung|khung
匕	U+5315	chủy|hóa|trủy|tỷ
化	U+5316	hoa|hoá|hóa
北	U+5317	bắc|bối|bội
匘	U+5318	não
匙	U+5319	chủy|thi|thì
匚	U+531A	hễ|hệ|phương
匛	U+531B	cữu
匜	U+531C	di|dị
匝	U+531D	táp|tạp
匞	U+531E	tượng
匟	U+531F	kháng
匠	U+5320	tượng
匡	U+5321	khuôn|khuông
匢	U+5322	hốt|vật
匣	U+5323	hạp|hộp
匦	U+5326	quỹ
匧	U+5327	khiếp|kiếp
匨	U+5328	tàng|tạng
匩	U+5329	khuông
匪	U+532A	phỉ
匫	U+532B	hốt
匬	U+532C	tủ
匭	U+532D	quỹ
匮	U+532E	quỹ
匯	U+532F	hối|hội|vị|vựng
匰	U+5330	đan|đơn
匱	U+5331	quĩ|quỹ
匲	U+5332	liêm
匳	U+5333	liêm
匴	U+5334	toán
匵	U+5335	độc
匶	U+5336	cữu|cựu
匷	U+5337	cừ
匸	U+5338	hễ|hệ|phương
匹	U+5339	mộc|thất
区	U+533A	khu|âu
医	U+533B	y|ế|ỷ
匼	U+533C	hạp|hộp|ảm
匽	U+533D	yển
匾	U+533E	biên|biền|biển
匿	U+533F	nặc
區	U+5340	khu|âu
十	U+5341	thập
卂	U+5342	tín
千	U+5343	thiên
卄	U+5344	chấp|nhập|niệm|trấp
卅	U+5345	nẫm|tráp|táp|tạp
卆	U+5346	thốt|tốt
升	U+5347	thăng|thảng
午	U+5348	ngọ
卉	U+5349	húy|hủy|tập
半	U+534A	bán
卋	U+534B	thế
卌	U+534C	tấp|tỵ
卍	U+534D	vạn
华	U+534E	hoa|hóa
协	U+534F	hiệp
卐	U+5350	vạn
卑	U+5351	ti|ty
卒	U+5352	thốt|tuất|tốt
卓	U+5353	trác
協	U+5354	hiếp|hiệp
单	U+5355	thiền|thiện|đan|đơn|đạn
卖	U+5356	mại
南	U+5357	na|nam
単	U+5358	thiền|đan|đơn|đạn
博	U+535A	bác
卛	U+535B	suất
卜	U+535C	bặc|bốc
卝	U+535D	khoáng|quán
卞	U+535E	biện|bồn
卟	U+535F	kê
占	U+5360	chiêm|chiếm
卡	U+5361	ca|khải|sá|tạp
卢	U+5362	lô|lư
卣	U+5363	dữu|đảo
卤	U+5364	lỗ|tây
卥	U+5365	tây
卦	U+5366	quái|quải
卧	U+5367	ngọa
卨	U+5368	tiết
卩	U+5369	tiết
卪	U+536A	tiết
卫	U+536B	vệ
卬	U+536C	ngang
卭	U+536D	cung|ngang
卮	U+536E	chi
卯	U+536F	mão
印	U+5370	gian|ấn
危	U+5371	nguy|ngôi|quỵ|ách
卲	U+5372	ngoẹo|thiều|thiệu
即	U+5373	tức
却	U+5374	khước|ngang|tức
卵	U+5375	côn|noãn
卷	U+5377	quyến|quyền|quyển
卸	U+5378	tá|xả
卹	U+5379	tuất
卺	U+537A	cẩn
卻	U+537B	khước|tức
卼	U+537C	ngột|quỵ
卽	U+537D	tức
卿	U+537F	khanh
厀	U+5380	tất
厁	U+5381	sát
厂	U+5382	am|hán|xưởng
厄	U+5384	ngõa|ngỏa|ách
厅	U+5385	sanh|sảnh|thinh|thính
历	U+5386	lịch
厇	U+5387	trạch
厈	U+5388	hán
厉	U+5389	lại|lệ
厊	U+538A	nha|nhã|áp
压	U+538B	yêm|yếm|yếp|yểm|áp
厌	U+538C	yêm|yếm|yểm|áp|ấp
厍	U+538D	xá
厎	U+538E	chi|chỉ
厏	U+538F	trả
厐	U+5390	bàng
厒	U+5392	kháp
厓	U+5393	day|nhai
厔	U+5394	chái|chất|thất
厕	U+5395	trắc|xí
厖	U+5396	bưu|mang
厗	U+5397	đề
厘	U+5398	hy|li|ly|triền
厙	U+5399	xá
厚	U+539A	hậu
厛	U+539B	sanh|sảnh|thính
厜	U+539C	tuy
厝	U+539D	thác|thố|xó
厞	U+539E	phì
原	U+539F	nguyên|nguyện
厠	U+53A0	lịch|trắc|xí
厡	U+53A1	nguyên|nguyện
厢	U+53A2	sương|tương
厣	U+53A3	áp
厤	U+53A4	lịch|ma
厥	U+53A5	hạ|quyết
厦	U+53A6	cứu|hạ
厧	U+53A7	chất
厨	U+53A8	trù
厩	U+53A9	cứu
厪	U+53AA	cần|cận
厫	U+53AB	ngao
厬	U+53AC	quỹ
厭	U+53AD	yêm|yếm|yểm|áp|ướm|ấp
厮	U+53AE	tê|tư
厯	U+53AF	lịch
厰	U+53B0	xưởng
厱	U+53B1	lam
厲	U+53B2	lại|lẹ|lệ
厳	U+53B3	nghiêm
厴	U+53B4	áp
厵	U+53B5	nguyên
厶	U+53B6	khư|mỗ|tư
厷	U+53B7	cung|quăng
厸	U+53B8	lân
厹	U+53B9	cầu|cửu|khư|nhu|nhữu
厺	U+53BA	khứ|khử
去	U+53BB	khu|khứ|khử
厼	U+53BC	nhĩ|nễ
厾	U+53BE	huyền|huyện|đâu
县	U+53BF	huyền|huyện
叀	U+53C0	chuyên
叁	U+53C1	tam|tham
参	U+53C2	sam|sâm|tam|tham|tảm|xam
參	U+53C3	sâm|sấm|tam|tham|tảm|xam
叄	U+53C4	sâm|tam|tham
叅	U+53C5	sâm|tham|xam
叆	U+53C6	ái
叇	U+53C7	đãi
又	U+53C8	hữu|hựu|lại
叉	U+53C9	thoa|xoa
及	U+53CA	cập
友	U+53CB	hữu
双	U+53CC	song
反	U+53CD	phiên|phiến|phản
収	U+53CE	thâu
叏	U+53CF	quái
叐	U+53D0	bạt
发	U+53D1	bát|phát
叒	U+53D2	nhược
叓	U+53D3	sự
叔	U+53D4	thúc
叕	U+53D5	chuyết|chuế|xuyết
取	U+53D6	thủ|tối|tụ
受	U+53D7	thâu|thọ|thụ
变	U+53D8	biến|biện
叙	U+53D9	tự
叚	U+53DA	giá|giả
叛	U+53DB	ban|bạn|bản|phán|phản
叜	U+53DC	tẩu
叞	U+53DE	uất|úy|ủy
叟	U+53DF	sưu|tẩu
叠	U+53E0	điệp
叡	U+53E1	duệ
叢	U+53E2	tùng
口	U+53E3	khẩu
古	U+53E4	cổ
句	U+53E5	câu|cú|cấu
另	U+53E6	lánh|quả
叧	U+53E7	lánh|qua|quả
叨	U+53E8	phao|thao|đao
叩	U+53E9	khấu
只	U+53EA	chích|chỉ|kỳ|xích
叫	U+53EB	khiếu
召	U+53EC	chiêu|chịu|thiệu|triệu
叭	U+53ED	bá|bát|bớt
叮	U+53EE	đinh
可	U+53EF	khả|khắc
台	U+53F0	di|thai|đài
叱	U+53F1	sất|sứt
史	U+53F2	sử
右	U+53F3	hữu
叴	U+53F4	cừu
叵	U+53F5	phả
叶	U+53F6	diếp|diệp|hiệp
号	U+53F7	hiệu|hào
司	U+53F8	ti|ty|tư
叹	U+53F9	thán
叻	U+53FB	lặc|sựt
叼	U+53FC	thao|điêu
叽	U+53FD	cơ|ky|kỷ
叿	U+53FF	hồng
吀	U+5400	mã|xiên
吁	U+5401	dụ|hu|vu
吂	U+5402	mang
吃	U+5403	cật|khiết|khật|lật|ngật
各	U+5404	các
吅	U+5405	huyên|tuyên
吆	U+5406	ao|yêu
吇	U+5407	tứ|tức
合	U+5408	cáp|hiệp|hạp|hợp
吉	U+5409	cát|hảo
吊	U+540A	chước|điếu|đích
吋	U+540B	thốn|đẩu
同	U+540C	đồng
名	U+540D	danh
后	U+540E	hấu|hậu
吏	U+540F	lại
吐	U+5410	thổ
向	U+5411	hướng|hưởng
吒	U+5412	cha|sá|tra|trá|trác
吓	U+5413	hách|hạ|nha
吔	U+5414	dã
吕	U+5415	lã|lữ
吗	U+5417	ma|mạ
吘	U+5418	ngẫu|ngỏ
吙	U+5419	tọa
吚	U+541A	y
君	U+541B	quân
吜	U+541C	sửu
吝	U+541D	lận
吞	U+541E	thôn
吟	U+541F	ngâm
吠	U+5420	phệ
吡	U+5421	khấm|phỉ|tật
吢	U+5422	khấm
吣	U+5423	khấm|tăm
吤	U+5424	giới
吥	U+5425	bất|phủ
否	U+5426	bĩ|bỉ|phầu|phủ
吧	U+5427	ba|và
吨	U+5428	đốn|đốt|đồn
吩	U+5429	phàn|phân
吪	U+542A	hoé|ngoa
含	U+542B	hàm|hám
听	U+542C	dẫn|ngân|thính|thệ
吭	U+542D	cang|hàng|hạng|khang|khanh
吮	U+542E	duyện
启	U+542F	khải|khể|khởi
吰	U+5430	hoành
吱	U+5431	chi|chê|khi|tư
吲	U+5432	dặn
吳	U+5433	ngô
吴	U+5434	ngô
吵	U+5435	sao|sảo
吶	U+5436	niệt|nột
吷	U+5437	huyết|xuyết
吸	U+5438	cộp|hấp
吹	U+5439	xuy|xúy
吻	U+543B	vẫn
吼	U+543C	hống
吽	U+543D	hống|hồng|ngâu|oanh|ẩu
吾	U+543E	ngo|ngô
吿	U+543F	cáo|cốc
呀	U+5440	a|nha|nhá
呁	U+5441	quân|quấn
呂	U+5442	lã|lữ
呃	U+5443	nhách|ách
呅	U+5445	môi|vẫn
呆	U+5446	bảo|ngai|ngốc|ngộc
呇	U+5447	khể
呈	U+5448	trình
呉	U+5449	ngô
告	U+544A	cáo|cốc
呋	U+544B	phu
呌	U+544C	khiêu|khiếu
呎	U+544E	xích|xếch
呏	U+544F	thăng
呐	U+5450	niệt|nói|nột
呑	U+5451	thôn
呒	U+5452	mô|phủ|vô
呓	U+5453	nghệ
呕	U+5455	hu|âu|ẩu
呖	U+5456	lịch
呗	U+5457	bái|bại|bối
员	U+5458	viên|vân
呙	U+5459	qua|quai|sang
呛	U+545B	sang|thương
呜	U+545C	ô
呝	U+545D	ách
呞	U+545E	te
呠	U+5460	bản|bỏm|bổn
呡	U+5461	răn|vẫn
呢	U+5462	ni|nài|nê|nỉ|trừu
呣	U+5463	mô
呤	U+5464	gầm|lệnh
呥	U+5465	nhiêm|nhẻm
呦	U+5466	u|ưu|ạo
呧	U+5467	thánh|để
周	U+5468	chu|châu
呩	U+5469	thị
呪	U+546A	chú
呫	U+546B	chiếp|chím|thiếp|triệp|triệt|xiếp
呬	U+546C	hứ
呭	U+546D	duệ|thé
呯	U+546F	bình
呰	U+5470	tử
呱	U+5471	cô|oa|san
呲	U+5472	thử|từ|tử
味	U+5473	vị
呴	U+5474	cấu|gâu|ha|hu|hấu|hống|hứa
呵	U+5475	a|ha|kha
呶	U+5476	nao|náo|thủy
呷	U+5477	háp|hạp
呸	U+5478	bậy|phi|phôi
呺	U+547A	hao|hiêu
呻	U+547B	hạp|thân
呼	U+547C	hao|há|hô|mỗ
命	U+547D	mạng|mệnh
呾	U+547E	thát|đát
呿	U+547F	khư|khứa
咀	U+5480	chá|chớ|chủy|thư|thở|trớ|tư|tứ|tữ
咁	U+5481	cam|cám|căm|hàm
咂	U+5482	táp
咄	U+5484	muội|xót|đoát|đốt|đột
咅	U+5485	phôi|phẫu|phủ|thấu
咆	U+5486	bao|bào|bàu|cô
咇	U+5487	biết|tất|tỵ
咈	U+5488	phất|phật|phớt
咉	U+5489	ương
咊	U+548A	hòa
咋	U+548B	chách|chạ|trá|trách|tạc|tự
和	U+548C	hoà|hòa|họa|hồ|ủy
咍	U+548D	hai|hay|hải
咎	U+548E	cao|cữu
咏	U+548F	vẳng|vịnh
咐	U+5490	phó|phù
咑	U+5491	đát
咒	U+5492	chú
咔	U+5494	ca|lộng
咕	U+5495	cô|cổ
咖	U+5496	ca|cà|gia|già
咘	U+5498	bú|bố
咙	U+5499	lung
咚	U+549A	giọng|đông
咛	U+549B	ninh
咜	U+549C	sá
咝	U+549D	ty
咠	U+54A0	nghiện|thấp|viên
咡	U+54A1	nhị
咢	U+54A2	ngạc
咣	U+54A3	quàng
咤	U+54A4	sá|trá
咥	U+54A5	chối|hý|điệt
咦	U+54A6	di|liệt|lệ
咧	U+54A7	liệt|lác|lệ
咨	U+54A8	tư
咩	U+54A9	dương|miết|mã|mị
咪	U+54AA	mi|mễ|mị
咫	U+54AB	chỉ|xích
咬	U+54AC	giao|giảo|rao|yêu
咭	U+54AD	cật|gắt|khiết|kê
咮	U+54AE	chau|chu|chú|cật|phụ|trụ
咯	U+54AF	cách|khách|khạc|lạc
咰	U+54B0	suất|tuân
咱	U+54B1	cha|gia|ta|tàm|tảm|tự
咲	U+54B2	tiếu
咳	U+54B3	cay|hài|khai|khái|khải
咵	U+54B5	khoa
咶	U+54B6	cáo|trượng
咷	U+54B7	trệu|điêu|đào
咸	U+54B8	giảm|hàm|hám
咹	U+54B9	ăn
咺	U+54BA	huyên|huyến|tuyên|tuyển
咻	U+54BB	hiu|hú|hưu|hủ
咼	U+54BC	oa|oai|oà|qua|quai
咽	U+54BD	nhằn|yên|yến|yết|ân|ế
咾	U+54BE	cấu|láo|lão
咿	U+54BF	y
哀	U+54C0	ai
品	U+54C1	phẩm
哂	U+54C2	sấn|sẩn|thẩn|tây
哃	U+54C3	đùng|đồng
哄	U+54C4	hạng|họng|hống|hồng
哅	U+54C5	hung|khoa
哆	U+54C6	sỉ|xỉ|đa|đá|đớ
哇	U+54C7	oa|oà
哈	U+54C8	cáp|ha|hóp
哉	U+54C9	tai
哌	U+54CC	hưởng|phái
响	U+54CD	hướng|hưởng
哎	U+54CE	ai|ngải
哏	U+54CF	gắn|ngân|ngận
哑	U+54D1	a|nha|nhạ|á|ách
哒	U+54D2	đát|đạt
哓	U+54D3	hiêu
哔	U+54D4	tất
哕	U+54D5	hối|uyết|uế
哖	U+54D6	hằng
哗	U+54D7	hoa
哙	U+54D9	khoái
哜	U+54DC	giai|tê|tế|tễ
哝	U+54DD	nông
哞	U+54DE	hy|mâu
哟	U+54DF	yêu|ước
哠	U+54E0	cáo
員	U+54E1	uấn|viên|vân
哢	U+54E2	lộng|trộng
哣	U+54E3	nhạu|phẫu
哤	U+54E4	mang
哥	U+54E5	ca|kha
哦	U+54E6	nga
哧	U+54E7	hách|xích
哨	U+54E8	sáo|tiêu|tiếu
哩	U+54E9	ly|lý|lỵ|rị
哪	U+54EA	na|ná
哫	U+54EB	túc
哬	U+54EC	ha|hà
哭	U+54ED	khóc|khốc
哮	U+54EE	hao|hoa
哰	U+54F0	lao|rao
哱	U+54F1	buột|bột|phá
哲	U+54F2	triết
哳	U+54F3	chiết|chít|triết
哴	U+54F4	lang
哶	U+54F6	liệt|mã
哷	U+54F7	liệt
哸	U+54F8	tôi
哹	U+54F9	phù|phẫu
哺	U+54FA	bô|bổ|bộ|phô
哻	U+54FB	hãn
哼	U+54FC	hanh
哽	U+54FD	cánh|cảnh|ngạnh
哿	U+54FF	ca|cả|gia|khả
唀	U+5500	dụ
唁	U+5501	nghiễn|ngon|ngạn
唃	U+5503	cốc
唄	U+5504	bái|bại|bối
唅	U+5505	ham|hàm|hám|hầm|ngâm
唆	U+5506	toa|toan
唇	U+5507	chấn|thân|thần
唈	U+5508	oạp|ấp
唉	U+5509	ai|hãy|ái
唊	U+550A	giáp|khiểm
唋	U+550B	dứ|thô
唌	U+550C	duyên|tiên
唍	U+550D	hoàn|hoán|uyển
唎	U+550E	lời|lợi|lỵ|rị
唏	U+550F	hy|hí|hý|hơi
唐	U+5510	đường
唑	U+5511	doạ|toa
唒	U+5512	dẫu
唓	U+5513	xa
唔	U+5514	mô|ngô|tạo|ân
唕	U+5515	tạo
唖	U+5516	á
唗	U+5517	khải|tẩu|đâu|đẩu
唘	U+5518	khải|khởi
唛	U+551B	ma|mã|mạ
唝	U+551D	cống|hống
唠	U+5520	lao|lạo
唡	U+5521	lượng
唢	U+5522	tỏa
唣	U+5523	tạo
唤	U+5524	hoán
唧	U+5527	tức
唩	U+5529	uẩy
唪	U+552A	phụng|phủng
唫	U+552B	câm|cấm|cẩm|ngâm
唬	U+552C	hao|hạ|hổ|quách
唭	U+552D	cười|cức|khi
售	U+552E	thụ
唯	U+552F	duy|dõi|dụy
唰	U+5530	bá|loát|lạt
唱	U+5531	xướng
唲	U+5532	nhi|nhè|oa
唳	U+5533	lệ
唴	U+5534	khảng
唵	U+5535	úm|ảm
唶	U+5536	giới|thùng|trách|tuếch|tá|tắc
唷	U+5537	dóc|dục
唸	U+5538	niệm|nếm|điếm
唹	U+5539	dục|ớ
唻	U+553B	lải
唼	U+553C	khánh|sáp|thiếp|thép|xiếp|xiệp
唾	U+553E	thoá|thóa|xóa|đóa
唿	U+553F	hót|hốt
啀	U+5540	nhai
啁	U+5541	chu|châu|chù|triêu|trù
啂	U+5542	nhổ
啃	U+5543	hàng|hạng|khẳng
啄	U+5544	chác|trác|trốc|trụ
啅	U+5545	chác|chạc|trác
商	U+5546	thương|đích
啇	U+5547	hanh|hạnh|đích
啈	U+5548	hanh|hạnh
啉	U+5549	lâm|lăm
啊	U+554A	a|à|á
啌	U+554C	hòng
啍	U+554D	hưởng|ngôn|thôn|truân
啎	U+554E	ngỗ|ngộ
問	U+554F	vấn
啐	U+5550	chót|thối|tát|tối
啑	U+5551	tiệp|xiếp|xiệp|điệp
啒	U+5552	khuất|quắt
啓	U+5553	khải|khởi
啔	U+5554	khải
啕	U+5555	đào
啖	U+5556	đạm
啗	U+5557	đạm
啘	U+5558	uyển
啙	U+5559	tử|tỳ
啚	U+555A	bỉ|đồ
啛	U+555B	xê
啜	U+555C	chuyết|xuyết|xuýt
啞	U+555E	a|nha|nhạ|á|ách|ố
啟	U+555F	khải|khởi
啠	U+5560	triết
啡	U+5561	phi|phê|phôi|phỉ
啢	U+5562	lưỡng|lượng|lạng
啣	U+5563	hàm
啤	U+5564	bì|ti|ty|tì|tỉ|tỳ|tỷ
啥	U+5565	xá|xả
啦	U+5566	cổn|lạp|lạt
啧	U+5567	sách|trách
啨	U+5568	xênh
啩	U+5569	quấy
啪	U+556A	ba|phách
啫	U+556B	gia
啬	U+556C	sắc
啭	U+556D	chuyển
啮	U+556E	giảo|khiết|ngão|niết
啯	U+556F	quắc
啰	U+5570	la
啱	U+5571	nhàm
啴	U+5574	siển|than|xiển
啵	U+5575	ba
啶	U+5576	đính
啷	U+5577	lang|lắng
啸	U+5578	khiếu|sất|tiêu
啺	U+557A	dể|đường
啻	U+557B	sí|thí|thỉ|xí|đề
啼	U+557C	đề
啽	U+557D	ngàm
啾	U+557E	thu|tưu
啿	U+557F	thầm|đảm
喀	U+5580	ca|khách|lạc
喁	U+5581	ngu|ngung|ngụm|vu
喂	U+5582	uy|úy|ỏi|ủy
喃	U+5583	nam|nôm
善	U+5584	thiến|thiện
喆	U+5586	triết|đề
喇	U+5587	lạt|thích
喈	U+5588	dê|giai
喉	U+5589	hầu
喊	U+558A	hàm|hám|hảm
喋	U+558B	nhịp|điệp
喌	U+558C	châu
喍	U+558D	rầy|si|sài
喎	U+558E	oa|oai
喏	U+558F	nhã|nhạ|nặc
喑	U+5591	âm|ấm|ầm
喒	U+5592	cha|gia|ta|tàm
喓	U+5593	eo|yêu
喔	U+5594	ác|ốc|ộc
喘	U+5598	suyễn
喙	U+5599	huế|uế
喚	U+559A	hoán
喜	U+559C	hy|hí|hý|hỉ|hỷ
喝	U+559D	hát|hạt|ái|ới
喞	U+559E	tức
喟	U+559F	khoái|vị
喠	U+55A0	gióng
喡	U+55A1	vi|vầy
喢	U+55A2	sáp
喣	U+55A3	hú|hủ
喤	U+55A4	hoàng|huỳnh
喥	U+55A5	dạc|đạc
喦	U+55A6	nham
喧	U+55A7	huyên
喨	U+55A8	lượng
喩	U+55A9	du|dụ
喪	U+55AA	tang|táng
喫	U+55AB	khiết|khịt|ngật
喬	U+55AC	kiều
喭	U+55AD	ngán|ngạn
單	U+55AE	thiền|thiện|đan|đơn|đạn
喯	U+55AF	buông|phún
喰	U+55B0	thặc|thực|tự
喱	U+55B1	ly
喲	U+55B2	yêu|ước
喳	U+55B3	tra
喴	U+55B4	uy
喵	U+55B5	miêu|mếu
営	U+55B6	dinh|doanh
喷	U+55B7	phôn|phún
喹	U+55B9	khuê
喻	U+55BB	du|dụ
喽	U+55BD	lâu
喾	U+55BE	khốc
喿	U+55BF	thao|táo
嗀	U+55C0	hác
嗁	U+55C1	đề
嗂	U+55C2	dao|diêu
嗃	U+55C3	gào|hao|hác|háo|hạc
嗄	U+55C4	a|chới|hạ|sá|sạ
嗅	U+55C5	khứu|thổ|xú
嗆	U+55C6	sang|thương|thướng
嗇	U+55C7	sắc
嗈	U+55C8	ung
嗉	U+55C9	nhố|tố
嗊	U+55CA	cống|hống
嗋	U+55CB	hiệp
嗌	U+55CC	ác|ách|ái|ích|ải
嗍	U+55CD	sóc|thoa
嗎	U+55CE	ma|mã|mạ|mửa
嗏	U+55CF	chà|trà
嗐	U+55D0	hại|hạt
嗑	U+55D1	hạp
嗒	U+55D2	tháp
嗓	U+55D3	tang|tảng
嗔	U+55D4	sân|xin|điền
嗕	U+55D5	nhóc|nậu
嗖	U+55D6	sưu
嗗	U+55D7	cút|oát
嗙	U+55D9	bang|bàng|bảng|bảnh
嗚	U+55DA	ô
嗛	U+55DB	hiềm|hàm|khem|khiêm|khiếm|khiếp|khiểm
嗜	U+55DC	kỳ|thị
嗝	U+55DD	cách
嗞	U+55DE	chi|tư
嗟	U+55DF	ta
嗠	U+55E0	lạc
嗡	U+55E1	hấp|óng|ông|ổng
嗢	U+55E2	miệt|ốt|ồn
嗣	U+55E3	tự
嗤	U+55E4	si|sủy|xi|xuy
嗥	U+55E5	cao|hào|tạo
嗦	U+55E6	sách|thoa
嗧	U+55E7	gialuân  # @ok
嗨	U+55E8	hải
嗩	U+55E9	tỏa
嗫	U+55EB	chiếp|nhiếp
嗯	U+55EF	yết|ân
嗲	U+55F2	đà|đả
嗳	U+55F3	ai|ngải|ái|ải
嗶	U+55F6	cao|tất
嗷	U+55F7	ngao|ngạo
嗸	U+55F8	ngao
嗹	U+55F9	liên|liến
嗺	U+55FA	cấn|thôi
嗻	U+55FB	cha|chạ|gia|già|giá
嗼	U+55FC	chương|mạc
嗽	U+55FD	sác|sứu|thấu|tấu|tốc
嗾	U+55FE	thốc|tẩu|tộc
嗿	U+55FF	thám
嘀	U+5600	thương|trách|đích
嘁	U+5601	thích|táp
嘂	U+5602	dẫn|khiếu|mạn
嘄	U+5604	kiêu
嘅	U+5605	khái
嘆	U+5606	han|thán
嘇	U+5607	thấm
嘈	U+5608	tao|tào
嘉	U+5609	gia
嘊	U+560A	nhai
嘌	U+560C	ky|phiêu|phiếu
嘍	U+560D	làu|lâu|lũ
嘎	U+560E	ca|kiết
嘏	U+560F	hỗ
嘐	U+5610	giao|hao|liêu
嘑	U+5611	hô|hố
嘒	U+5612	huế|uế|úng
嘓	U+5613	quắc
嘔	U+5614	hu|âu|ẩu
嘕	U+5615	hiên
嘖	U+5616	sách|sạch|trách
嘗	U+5617	thường
嘘	U+5618	hư
嘛	U+561B	ma
嘜	U+561C	ma|mã|mạ
嘝	U+561D	hộc|mô
嘞	U+561E	lặc
嘟	U+561F	đô
嘡	U+5621	thang|thảng
嘣	U+5623	băng
嘤	U+5624	anh
嘦	U+5626	khiếu
嘧	U+5627	mật
嘨	U+5628	khiếu|tiêu
嘩	U+5629	hoa
嘪	U+562A	ba
嘫	U+562B	nhiên|nhoẻn
嘬	U+562C	chối|soái|toát
嘮	U+562E	lao|lạo
嘯	U+562F	khiếu|sất|tiêu|tiếu
嘰	U+5630	cơ|ky|ký|kỉ|kỷ
嘱	U+5631	chúc
嘲	U+5632	trao|trào
嘴	U+5634	chủy
嘵	U+5635	hiêu|nghêu
嘶	U+5636	tê|tư
嘷	U+5637	hào
嘸	U+5638	mô|phủ
嘹	U+5639	liêu|liệu|rêu
嘺	U+563A	ghẹo|kiêu
嘻	U+563B	hi|hy
嘼	U+563C	súc
嘽	U+563D	quắc|siển|than|xiển
嘾	U+563E	đảm
嘿	U+563F	hắc|mặc
噀	U+5640	sún|tuyển|tốn|tổn
噁	U+5641	ác|ạc|ố
噂	U+5642	ton|tổn|tỗn
噄	U+5644	khiết|ngật
噅	U+5645	huy|vay
噆	U+5646	thản
噇	U+5647	sàng|tràng
噉	U+5649	hám|đạm
噋	U+564B	xôn
噌	U+564C	tăng|tằng
噍	U+564D	tiêu|tiếu|tưu
噎	U+564E	ế
噏	U+564F	hấp
噐	U+5650	khí
噒	U+5652	liên|rên
噓	U+5653	hu|hư|hờ|khư
噔	U+5654	đăng|đằng
噕	U+5655	huy
噖	U+5656	ngâm
噗	U+5657	bộc|phác|phốc
噘	U+5658	quyết
噙	U+5659	cầm|gầm
噚	U+565A	tầm
噛	U+565B	niết
噜	U+565C	lỗ|rô
噝	U+565D	ty
噞	U+565E	nghiệm|thèm
噠	U+5660	đát|đạt|đặt
噡	U+5661	chiêm|thiềm|thèm
噢	U+5662	áo|úc|ẩu|ủ
噣	U+5663	trác|trú|trụ
噤	U+5664	cấm|gặm
噥	U+5665	nông|nũng
噦	U+5666	hối|oẹ|uyết|uế
噧	U+5667	hái
器	U+5668	khí
噩	U+5669	ngạc
噪	U+566A	thao|tháo|táo
噫	U+566B	y|ái|ý|ức
噬	U+566C	phè|phệ
噭	U+566D	khiếu|kiêu|kiểu|lệ|tiếu
噯	U+566F	ai|ngải|ái|áy|ải
噰	U+5670	ung|ủng
噱	U+5671	cước|cược|cứ|cự
噲	U+5672	gọi|khoái
噳	U+5673	ngu
噴	U+5674	phôn|phún
噵	U+5675	đạo
噶	U+5676	cát|gắt
噷	U+5677	hâm|hăm
噸	U+5678	đốn|đốt
噹	U+5679	đang|đáng|đương
噾	U+567E	âm|ấm
嚀	U+5680	ninh
嚁	U+5681	địch
嚂	U+5682	giạm|hảm|lạm
嚃	U+5683	tháp|đạp
嚄	U+5684	hoát|hoạch|quác
嚅	U+5685	nheo|nhu|sủy
嚆	U+5686	cao|hao
嚇	U+5687	hách
嚈	U+5688	áp|ướm
嚉	U+5689	dối
嚋	U+568B	trù
嚌	U+568C	giai|tê|tế|tễ
嚎	U+568E	hào
嚏	U+568F	sí|đế
嚐	U+5690	thường
嚓	U+5693	sát|xát
嚔	U+5694	đế
嚕	U+5695	lỗ|rô|rủa|độc
嚗	U+5697	bác|bạc
嚘	U+5698	ưu
嚙	U+5699	giảo|khiết|ngão|niết
嚚	U+569A	ngân
嚛	U+569B	hộ|nháo
嚜	U+569C	ma|muội|mút|mặc
嚝	U+569D	hoàng
嚞	U+569E	hiêu|triết
嚠	U+56A0	lưu
嚢	U+56A2	nang
嚣	U+56A3	hiêu
嚥	U+56A5	yên|yến|yết
嚦	U+56A6	lịch|rích
嚧	U+56A7	lô|lơ
嚨	U+56A8	lung|lùng
嚩	U+56A9	phọc
嚪	U+56AA	đạm
嚫	U+56AB	sân|sấn
嚬	U+56AC	tần
嚭	U+56AD	bĩ|bỉ|dĩ|phỉ
嚮	U+56AE	hướng|hưởng
嚯	U+56AF	oác
嚱	U+56B1	hi|hy
嚲	U+56B2	đả|đọa
嚳	U+56B3	khốc
嚴	U+56B4	nghiêm
嚵	U+56B5	sàm
嚶	U+56B6	anh|inh
嚷	U+56B7	nhương|nhưỡng|nhượng
嚻	U+56BB	hiêu
嚼	U+56BC	tước
嚾	U+56BE	hoan
囀	U+56C0	chuyên|chuyến|chuyển
囁	U+56C1	chiếp|nhiếp
囂	U+56C2	hiu|hiêu
囄	U+56C4	le
囅	U+56C5	sản|xiên|xiển
囆	U+56C6	nghệ
囈	U+56C8	nghệ
囉	U+56C9	la
囊	U+56CA	nang
囋	U+56CB	tán
囌	U+56CC	tô
囍	U+56CD	songhỉ  # @ok|songhỷ  # @ok
囏	U+56CF	gian
囑	U+56D1	chúc
囒	U+56D2	rợn
囓	U+56D3	khiết|ngão|niết
囔	U+56D4	nang
囕	U+56D5	trộm
囗	U+56D7	vi
囘	U+56D8	hối|hồi
囙	U+56D9	nhân
囚	U+56DA	tù
四	U+56DB	tứ
囝	U+56DD	cưỡng|kiển|nga|nguyệt|niên|tể
回	U+56DE	hối|hồi
囟	U+56DF	thông|tín|tấn
因	U+56E0	nhân
囡	U+56E1	nam|niếp|nám
团	U+56E2	đoàn
団	U+56E3	đoàn
囤	U+56E4	đôn|đồn|độn
囥	U+56E5	khang|tỷ
囦	U+56E6	uyên
囧	U+56E7	quýnh
囪	U+56EA	song|thông
囫	U+56EB	hốt|vật
囬	U+56EC	hồi
园	U+56ED	ngoan|viên|vườn
囮	U+56EE	ngoa|phương|viên
囯	U+56EF	quốc
困	U+56F0	hồn|khốn
囱	U+56F1	song|thông
囲	U+56F2	vi
図	U+56F3	vi|đồ
围	U+56F4	vi
囵	U+56F5	luân
囶	U+56F6	quốc
囷	U+56F7	khuân|khốn
囸	U+56F8	nhật
囹	U+56F9	linh
固	U+56FA	cố
囻	U+56FB	quốc
囼	U+56FC	thai
国	U+56FD	quốc
图	U+56FE	đồ
囿	U+56FF	hữu|hựu
圀	U+5700	quốc
圁	U+5701	ngân
圂	U+5702	hoạn|hỗn|hộn
圃	U+5703	bo|bổ|dong|phố
圄	U+5704	ngữ
圅	U+5705	hàm|viên
圆	U+5706	viên
圇	U+5707	luân
圈	U+5708	khuyên|quyên|quyền|quyển
圉	U+5709	ngữ|ngự
圊	U+570A	thanh
國	U+570B	quắc|quốc
圌	U+570C	chùy|thuyên|thùy|đoàn
圍	U+570D	vi|vè
圎	U+570E	viên
圏	U+570F	khuyên|quyên|quyền|quyển
圑	U+5711	phố
園	U+5712	viên
圓	U+5713	viên
圔	U+5714	hạp|áp
圕	U+5715	đồ|đồthưquán  # @ok
圖	U+5716	đồ
圗	U+5717	đồ
團	U+5718	đoàn
圛	U+571B	dịch
圜	U+571C	hoàn|loan|viên
圝	U+571D	loan
圞	U+571E	loan|luân
土	U+571F	thổ|đỗ|độ
圠	U+5720	át
圡	U+5721	thổ|độ
圢	U+5722	đinh|đỉnh
圣	U+5723	khốt|thánh
圤	U+5724	phác
圧	U+5727	yêm|yếm|yếp|yểm|áp
在	U+5728	tại
圩	U+5729	vu|vò
圪	U+572A	khất|ất
圬	U+572C	hũ|ô
圭	U+572D	khuê|quê
圮	U+572E	bĩ|di|dãy|phỉ|tỵ
圯	U+572F	di|dãy|tỵ
地	U+5730	địa
圳	U+5733	quyến|tẩm
圴	U+5734	quân
圹	U+5739	khoáng
场	U+573A	tràng|trường
圻	U+573B	kỳ
圽	U+573D	một
圾	U+573E	cấp|ngập|sắc
址	U+5740	chỉ|xởi
坁	U+5741	chỉ
坂	U+5742	bản|phản|phẳng
坄	U+5744	dịch
均	U+5747	quân|vận
坉	U+5749	đồn
坊	U+574A	phòng|phường
坋	U+574B	phân|phấn|phận
坌	U+574C	bôn|bồn|bộn|phần
坍	U+574D	than|đan
坎	U+574E	khảm
坏	U+574F	bôi|bùi|hoài|hoại|hòai|khôi|nhưỡng|phôi
坐	U+5750	tọa
坑	U+5751	ganh|khanh|kháng
坒	U+5752	bệ
坓	U+5753	hình
坔	U+5754	địa
坕	U+5755	kinh
块	U+5757	khối
坙	U+5759	kinh
坚	U+575A	kiên
坛	U+575B	đàm|đàn
坜	U+575C	lịch
坝	U+575D	bá
坞	U+575E	ổ
坟	U+575F	bổn|phần|phẫn|vun
坠	U+5760	trụy
坡	U+5761	pha
坢	U+5762	bạn
坣	U+5763	đường
坤	U+5764	khôn
坦	U+5766	thản|đất
坧	U+5767	chước|chỉ|gạch
坨	U+5768	đà
坩	U+5769	cam|kham
坪	U+576A	bình
坫	U+576B	điếm
坭	U+576D	ni|nê|nơi
坮	U+576E	đài
坯	U+576F	bôi|bùi|khôi|phôi
坰	U+5770	quynh|quýnh
坱	U+5771	dưỡng|ương
坲	U+5772	phật
坳	U+5773	ao
坴	U+5774	lục
坵	U+5775	gò|khâu|khưu|kỳ
坶	U+5776	mẫu|mộc
坷	U+5777	kha|khả
坸	U+5778	cấu
坺	U+577A	bạt
坻	U+577B	chì|chỉ|trì|để
坼	U+577C	sách|sạch|triệt|xích
坿	U+577F	phụ
垂	U+5782	thùy
垃	U+5783	lạp|lập|lắp
垄	U+5784	lũng
垅	U+5785	lũng
垆	U+5786	lò|lô|lư|lự
垇	U+5787	ao
垉	U+5789	bàu
型	U+578B	hình
垌	U+578C	trợ|đồng
垒	U+5792	luật|lũy|lỗi
垓	U+5793	cai|gay|giai
垔	U+5794	nhân|yên
垕	U+5795	hậu
垖	U+5796	đôi
垗	U+5797	triệu
垚	U+579A	nghiêu
垛	U+579B	đóa
垜	U+579C	đóa
垝	U+579D	quỵ|quỷ
垞	U+579E	xá
垟	U+579F	dương
垠	U+57A0	hằn|ngân|ngần
垡	U+57A1	bạt|phiệt|phạt
垢	U+57A2	cáu|cấu
垣	U+57A3	viên
垤	U+57A4	biệt|điệt
垦	U+57A6	khấn|khẩn
垧	U+57A7	quynh
垨	U+57A8	thú|thủ
垩	U+57A9	ác
垫	U+57AB	điếm|điệp
垭	U+57AD	á
垮	U+57AE	khoa|khoai|khỏa
垯	U+57AF	đáp|đạt
垱	U+57B1	đãng
垲	U+57B2	khải
垴	U+57B4	não
垵	U+57B5	am|ang
垸	U+57B8	hoàn|viện
垹	U+57B9	bang|bựng
垺	U+57BA	phu|phù
垻	U+57BB	bá
垼	U+57BC	dịch
垽	U+57BD	ngấn|ngận
垾	U+57BE	hạn
垿	U+57BF	tự
埀	U+57C0	thùy
埁	U+57C1	gậm
埂	U+57C2	canh|cánh|cảnh|ghềnh
埃	U+57C3	ai
埄	U+57C4	bổng|canh|phủng|đãng
埆	U+57C6	sác|sánh|xác
埇	U+57C7	dũng|thõng
埈	U+57C8	thoạ|tuấn
埊	U+57CA	địa
埋	U+57CB	mai|man
埌	U+57CC	lãng
城	U+57CE	giàm|thành
埏	U+57CF	diên|duyên
埑	U+57D1	triết
埒	U+57D2	liệt
埓	U+57D3	liệt
埔	U+57D4	bổ|bộ|phố
埕	U+57D5	chĩnh|trình
埗	U+57D7	phụ
埘	U+57D8	thì
埙	U+57D9	huân
埚	U+57DA	oa|qua
埜	U+57DC	dã
埝	U+57DD	niệm|nấm
埞	U+57DE	đê|đề
域	U+57DF	vặc|vực
埠	U+57E0	kiết|phụ
埡	U+57E1	á
埢	U+57E2	quyền
埣	U+57E3	giót
埤	U+57E4	bì|bệ|tỳ
埦	U+57E6	oản
埧	U+57E7	cụ
埩	U+57E9	chĩnh
埬	U+57EC	đống
埭	U+57ED	đại
埮	U+57EE	vịm
埯	U+57EF	am
埰	U+57F0	thái|thải
埱	U+57F1	thúc
埲	U+57F2	phủng
埳	U+57F3	khảm
埴	U+57F4	thặc|thực
埵	U+57F5	đóa|đỏa
埶	U+57F6	nghệ|thế|đệm
執	U+57F7	chấp
埸	U+57F8	dịch
培	U+57F9	bẫu|bậu|bồ|bồi
基	U+57FA	cơ|ky
埻	U+57FB	chuân|chuẩn|đôn
埼	U+57FC	kỳ
埽	U+57FD	táo|tảo
堀	U+5800	quật
堁	U+5801	khỏa
堂	U+5802	đàng|đường
堃	U+5803	khôn
堄	U+5804	nghê|nghệ|nhị
堅	U+5805	kiên
堆	U+5806	đôi|đồi
堇	U+5807	cần|cẩn|cận
堉	U+5809	dục
堊	U+580A	á|ác
堋	U+580B	bằng
堌	U+580C	cố|cổ
堍	U+580D	miễn|thỏ|thố
堎	U+580E	lăng
堑	U+5811	tiệm|tạm
堕	U+5815	huy|đọa
堖	U+5816	não
堘	U+5818	thăng
堙	U+5819	nhân
堛	U+581B	bức
堝	U+581D	oa|qua
堞	U+581E	điệp
堠	U+5820	hậu
堡	U+5821	bảo|bửu|phố
堤	U+5824	chỉ|đê|đề|đệ
堥	U+5825	mâu
堦	U+5826	giai
堧	U+5827	nhuyên
堨	U+5828	nghiệt|yết|ái
堩	U+5829	căng
堪	U+582A	kham
堭	U+582D	hoàng|huỳnh
堮	U+582E	ngạc
堯	U+582F	nghiêu|sao
堰	U+5830	yển
報	U+5831	báo
堲	U+5832	tức
堳	U+5833	mi|thi
場	U+5834	tràng|trường
堵	U+5835	đổ
堶	U+5836	đà|đọa
堷	U+5837	om
堺	U+583A	giới
堽	U+583D	cương
堿	U+583F	giảm|kiềm|kiểm|thiêm|vặc|vực
塁	U+5841	lỗi
塃	U+5843	hoang
塄	U+5844	lăng
塆	U+5846	loan
塈	U+5848	ký
塉	U+5849	tích
塊	U+584A	khối
塋	U+584B	doanh|oanh|oánh
塌	U+584C	tháp
塍	U+584D	thành|thăng|trình
塎	U+584E	dung
塏	U+584F	khải
塐	U+5850	tố
塑	U+5851	sóc|tố
塒	U+5852	thì|thời
塓	U+5853	mịch
塔	U+5854	tháp|đáp
塕	U+5855	ông|ổng
塗	U+5857	trà|đồ
塘	U+5858	đường
塙	U+5859	sác|xác
塚	U+585A	chủng|trũng|trủng
塝	U+585D	bạng
塞	U+585E	tái|tắc
塟	U+585F	tang|táng
塡	U+5861	chấn|trấn|trần|điền|điễn
塢	U+5862	ô|ổ
塤	U+5864	huân|ven|vẫn
塥	U+5865	cách|diêm
塦	U+5866	trận
塩	U+5869	diêm
填	U+586B	chấn|trấn|trần|điền|điễn
塭	U+586D	ôn
塯	U+586F	lựu
塲	U+5872	tràng|trường
塳	U+5873	vùng
塵	U+5875	trần
塶	U+5876	bình
塷	U+5877	lỗ
塹	U+5879	khiếm|tiệm|trạm|tạm
塺	U+587A	môi
塻	U+587B	mộ
塼	U+587C	chuyên
塽	U+587D	sảng
塾	U+587E	thục
塿	U+587F	lâu|lóa|lũ
墀	U+5880	trì|tê
墁	U+5881	mạn|mạng
境	U+5883	cảnh
墄	U+5884	thức
墅	U+5885	dã|thự
墆	U+5886	khám|đai|điệt|đệ
墈	U+5888	khám
墉	U+5889	dong|dung
墊	U+588A	điếm|điệp
墋	U+588B	sẩm
墌	U+588C	chước|chỉ
墍	U+588D	kí|ký
墐	U+5890	biển|cận
墑	U+5891	thương
墓	U+5893	mộ|tăng
墕	U+5895	yển
墖	U+5896	tháp|đáp
増	U+5897	tăng
墙	U+5899	tường
墜	U+589C	truỵ|trụy|đọa
墝	U+589D	khao|nghiêu|sao|trừng
增	U+589E	tăng
墟	U+589F	hư|khu|khư|lư
墠	U+58A0	thiện
墡	U+58A1	thiện
墢	U+58A2	bạt|phạt
墣	U+58A3	phác
墤	U+58A4	khối
墦	U+58A6	phan|phiền|phàn|phồn
墧	U+58A7	sác
墨	U+58A8	mặc
墩	U+58A9	đôn
墫	U+58AB	chôn|tôn|tồn
墬	U+58AC	địa
墮	U+58AE	huy|đoạ|đọa
墯	U+58AF	đọa
墰	U+58B0	đàm
墱	U+58B1	đặng
墳	U+58B3	bổn|phần|phẫn
墵	U+58B5	đàm
墶	U+58B6	đáp|đạt
墸	U+58B8	trừ|xước
墺	U+58BA	áo|úc
墻	U+58BB	tưng|tường
墼	U+58BC	kích
墽	U+58BD	khao
墾	U+58BE	khấn|khẩn
墿	U+58BF	yểu
壁	U+58C1	bích
壄	U+58C4	dã
壅	U+58C5	ung|úng|ủng
壇	U+58C7	đàn
壈	U+58C8	bậm|lam|lẫm
壊	U+58CA	hoại
壋	U+58CB	đãng
壌	U+58CC	nhưỡng
壍	U+58CD	tiệm
壎	U+58CE	huân
壏	U+58CF	diêm|hám
壐	U+58D0	tỷ
壑	U+58D1	hác|hát
壒	U+58D2	ái
壓	U+58D3	yếp|yểm|áp
壔	U+58D4	đảo
壕	U+58D5	hào
壖	U+58D6	nguyên|nhuyên
壘	U+58D8	luật|luỹ|lũy|lưu|lỗi
壙	U+58D9	bộc|khoáng|khoảng
壚	U+58DA	lô|lư|lự
壛	U+58DB	diêm
壜	U+58DC	đàm
壝	U+58DD	duy
壞	U+58DE	bùi|hoài|hoại|hòai|phôi
壟	U+58DF	lũng
壠	U+58E0	lũng
壡	U+58E1	duệ
壢	U+58E2	gạch|lịch
壤	U+58E4	nhưỡng
壥	U+58E5	triền
壩	U+58E9	bá|bả
壪	U+58EA	loan
士	U+58EB	sĩ
壬	U+58EC	nhâm|nhăm|nhậm|trình
壮	U+58EE	trang|tráng
壯	U+58EF	trang|tráng
声	U+58F0	thanh
壱	U+58F1	nhất
売	U+58F2	mại
壳	U+58F3	xác|ê|ế
壵	U+58F5	trang
壶	U+58F6	hồ|khổn
壷	U+58F7	hồ
壸	U+58F8	hồ|khổn
壹	U+58F9	nhất
壺	U+58FA	hồ
壻	U+58FB	tế
壼	U+58FC	hồ|khổn
壽	U+58FD	thọ
壿	U+58FF	chung
夀	U+5900	thọ
夂	U+5902	chung|tri|truy
夃	U+5903	cô|nãi
处	U+5904	xứ|xử
夅	U+5905	giáng|hàng
夆	U+5906	phong|phùng
备	U+5907	bị
変	U+5909	biến
夊	U+590A	tri|truy|tuy
夋	U+590B	xuân
夌	U+590C	lăng
复	U+590D	hạ|phú|phúc|phục|phức
夏	U+590F	giá|giạ|hạ
夐	U+5910	huýnh|quýnh
夒	U+5912	nao|quỳ
夓	U+5913	hạ
夔	U+5914	quỳ
夕	U+5915	tịch
外	U+5916	ngoại
夗	U+5917	uyển
夘	U+5918	mão
夙	U+5919	túc
多	U+591A	đa
夛	U+591B	đa
夜	U+591C	dạ|dịch
够	U+591F	câu|cú|cấu|hú
夠	U+5920	câu|cú|cấu|hú
夢	U+5922	mông|mộng
夣	U+5923	mộng
夤	U+5924	di|dần
夥	U+5925	hỏa|khỏa|lõa
大	U+5927	thái|đại
天	U+5929	thiên|yêu
太	U+592A	thái
夫	U+592B	phu|phù
夬	U+592C	quyết|quái|quải
夭	U+592D	yêu|yểu
央	U+592E	ương
夯	U+592F	bổn|hãng|kháng
失	U+5931	thất
夲	U+5932	bản|bổn|thao|đầu
夳	U+5933	thái
头	U+5934	đầu
夶	U+5936	tỷ
夷	U+5937	di|dì
夸	U+5938	khoa|khõa|khỏa
夹	U+5939	giáp|hiệp|siểm
夺	U+593A	đoạt
夾	U+593E	giáp|hiệp|siểm
奀	U+5940	tư
奁	U+5941	liêm
奂	U+5942	hoán
奄	U+5944	yêm|yểm|ăm
奅	U+5945	pháo
奇	U+5947	cơ|ky|kì|kỳ
奈	U+5948	nại
奉	U+5949	bổng|phụng
奋	U+594B	phấn
奌	U+594C	điểm
奎	U+594E	khuê
奏	U+594F	thấu|tấu
奐	U+5950	hoán
契	U+5951	khiết|khất|khế|tiết
奓	U+5953	tra|trá|xa
奔	U+5954	bôn|phẫn
奕	U+5955	dịch
奖	U+5956	tưởng
套	U+5957	sáo
奘	U+5958	trang|tráng
奙	U+5959	bản|bổn
奚	U+595A	hề
奝	U+595D	điêu
奞	U+595E	tuy
奠	U+5960	điện
奡	U+5961	ngạo
奢	U+5962	sa|xa
奥	U+5965	áo|úc
奧	U+5967	áo|úc
奨	U+5968	tưởng
奩	U+5969	liêm
奪	U+596A	đoạn|đoạt
奬	U+596C	tưởng
奭	U+596D	thích
奮	U+596E	phấn
奯	U+596F	hoát
奰	U+5970	bị
奲	U+5972	xả|đả
女	U+5973	nhữ|nứ|nữ|nữa|nự
奴	U+5974	nô
奶	U+5976	nái|nãi
奷	U+5977	thiên
奸	U+5978	can|gian
她	U+5979	tha|tả
奼	U+597C	sá|thác|xá
好	U+597D	dư|hiếu|háo|hảo
奾	U+597E	tiên
妁	U+5981	chước
如	U+5982	như
妃	U+5983	phi
妄	U+5984	vong|vô|vọng
妆	U+5986	trang
妇	U+5987	phụ
妈	U+5988	ma|mụ
妉	U+5989	đam
妊	U+598A	nhâm|nhẫm|nhậm
妍	U+598D	nghiên|ngơn
妎	U+598E	chung|hái
妏	U+598F	tỷ
妐	U+5990	chung|công
妒	U+5992	đố
妓	U+5993	kĩ|kỹ
妔	U+5994	hàng|khanh
妖	U+5996	yêu
妗	U+5997	cấm
妘	U+5998	uyển|vân
妙	U+5999	diệu
妛	U+599B	si|xi|xuy
妝	U+599D	trang
妞	U+599E	nưu|nữu|nựu
妟	U+599F	yến
妠	U+59A0	nạp
妡	U+59A1	tự
妢	U+59A2	phần
妣	U+59A3	tỉ|tỷ
妤	U+59A4	dư
妥	U+59A5	thoả|thỏa
妦	U+59A6	phong
妨	U+59A8	phương|phướng
妩	U+59A9	phú|vũ
妪	U+59AA	ẩu|ủ
妫	U+59AB	quy
妬	U+59AC	đố
妮	U+59AE	ni|ny
妯	U+59AF	chưu|chục|dâu|trục|trừu|tục
妲	U+59B2	dát|đát
妳	U+59B3	nhĩ|nãi|nễ
妴	U+59B4	thượng
妵	U+59B5	thấu
妷	U+59B7	điệt
妸	U+59B8	a|ả
妹	U+59B9	muội
妺	U+59BA	muội|mạt
妻	U+59BB	thê|thế
妽	U+59BD	trục
妾	U+59BE	thiếp
姁	U+59C1	hu|hú|hủ|hử
姂	U+59C2	bợm
姃	U+59C3	bạt
姅	U+59C5	bán|bạn|nửa
姆	U+59C6	hối|mẫu|mỗ
姈	U+59C8	lanh
姉	U+59C9	chị|tỷ
姊	U+59CA	chị|tỉ|tỷ
始	U+59CB	thuỷ|thí|thỉ|thủy
姌	U+59CC	mị|nhiêm
姍	U+59CD	san|sách|tiên
姎	U+59CE	ương
姏	U+59CF	kiềm
姐	U+59D0	thư|tả
姑	U+59D1	cô
姒	U+59D2	tỉ|tự|tỷ
姓	U+59D3	tánh|tính
委	U+59D4	uy|uỷ|ủy
姕	U+59D5	tư
姗	U+59D7	san|tiên
姘	U+59D8	biền|bình|phanh
姙	U+59D9	nhâm|nhậm
姚	U+59DA	dao|diêu
姜	U+59DC	khang|khương
姝	U+59DD	chu|khu|thù|xu
姞	U+59DE	cật
姟	U+59DF	cai
姡	U+59E1	quát
姢	U+59E2	quyên
姣	U+59E3	giao|giảo|hào|đảo
姤	U+59E4	cạu|cấu
姥	U+59E5	lão|lạo|mẫu|mỗ|mụ
姦	U+59E6	gian
姧	U+59E7	gian
姨	U+59E8	di|dì
姩	U+59E9	nguyên
姪	U+59EA	điệt|đẹt
姫	U+59EB	chẩn|cơ
姬	U+59EC	cơ
姮	U+59EE	hằng
姱	U+59F1	khoa
姵	U+59F5	tẩu
姶	U+59F6	áp
姷	U+59F7	hỗ
姸	U+59F8	nghiên
姹	U+59F9	sá|xá
姺	U+59FA	sâm|sân|tiên
姻	U+59FB	nhân|tần
姼	U+59FC	phi|thi
姽	U+59FD	quỷ|quỹ
姿	U+59FF	tư
娀	U+5A00	tung|tống
威	U+5A01	oai|uy|ổi
娃	U+5A03	khuê|oa
娄	U+5A04	lu|lâu|lũ
娅	U+5A05	á
娆	U+5A06	liểu|nhiêu|nhiễu|niêu|niểu
娇	U+5A07	kiều
娈	U+5A08	luyến
娉	U+5A09	phinh|sính
娌	U+5A0C	lý
娑	U+5A11	sa|ta
娒	U+5A12	mỗ
娓	U+5A13	vãi|vĩ|vỉ
娖	U+5A16	sác|xúc
娗	U+5A17	đĩnh
娘	U+5A18	lang|nương
娙	U+5A19	nghinh
娛	U+5A1B	ngu|ngô
娜	U+5A1C	na|nã|nả
娝	U+5A1D	bỉ
娟	U+5A1F	quyên
娠	U+5A20	thần
娢	U+5A22	đễ|đệ
娣	U+5A23	đễ|đệ
娤	U+5A24	trang
娥	U+5A25	nga
娧	U+5A27	duyệt
娩	U+5A29	miễn|vãn
娪	U+5A2A	ngô|ngư
娬	U+5A2C	phú|vũ
娭	U+5A2D	ai|hy
娯	U+5A2F	ngu
娱	U+5A31	ngu
娲	U+5A32	oa
娴	U+5A34	nhàn
娵	U+5A35	cư|trâu
娶	U+5A36	thú|thủ
娸	U+5A38	khi|kỳ
娼	U+5A3C	xương|xướng
娽	U+5A3D	lộc
娾	U+5A3E	khuê
娿	U+5A3F	a|ả
婀	U+5A40	a|ả
婁	U+5A41	lu|lâu|lũ
婆	U+5A46	bà
婉	U+5A49	uyển|vãn
婊	U+5A4A	biểu
婍	U+5A4D	gả
婎	U+5A4E	huy
婐	U+5A50	a|ỏa
婑	U+5A51	tuy|ỏa
婓	U+5A53	phi
婕	U+5A55	tiệp
婗	U+5A57	nghê
婘	U+5A58	quyến|quyền|quyển
婚	U+5A5A	hôn
婞	U+5A5E	hãnh|hạnh
婟	U+5A5F	hộ
婠	U+5A60	loan|oan|oát
婢	U+5A62	tì|tỳ
婣	U+5A63	nhân
婤	U+5A64	chu
婥	U+5A65	sước|xước
婦	U+5A66	phụ
婧	U+5A67	tinh
婩	U+5A69	nghiễn
婪	U+5A6A	lam
婬	U+5A6C	dâm
婭	U+5A6D	á|ả
婯	U+5A6F	ly
婳	U+5A73	hoạch|họa
婴	U+5A74	anh
婵	U+5A75	thiền|thuyền
婶	U+5A76	thẩm
婷	U+5A77	sước|đình
婸	U+5A78	sướng
婹	U+5A79	yêu
婺	U+5A7A	vụ
婼	U+5A7C	nhi|nhược|xúc|xước
婿	U+5A7F	tế
媄	U+5A84	mĩ|mẹ
媅	U+5A85	đam
媆	U+5A86	nhuyễn|nộn
媊	U+5A8A	tiền
媌	U+5A8C	miêu
媍	U+5A8D	phụ
媎	U+5A8E	chửa
媒	U+5A92	môi|mối
媓	U+5A93	hoàng
媔	U+5A94	miên
媕	U+5A95	am|an|yểm
媖	U+5A96	anh|mô
媚	U+5A9A	mị
媛	U+5A9B	viên|viện
媞	U+5A9E	thị
媟	U+5A9F	tiếp|tiết|tá
媠	U+5AA0	nọa|đọa
媢	U+5AA2	mạo
媥	U+5AA5	thiên
媦	U+5AA6	vị
媧	U+5AA7	oa
媪	U+5AAA	ảo
媬	U+5AAC	thước
媭	U+5AAD	tu
媮	U+5AAE	du|thâu
媯	U+5AAF	quy|quỳ
媰	U+5AB0	trâu
媱	U+5AB1	dao|diêu
媲	U+5AB2	bễ|thí|tý|tỳ
媳	U+5AB3	tức
媵	U+5AB5	dắng|dựng|đẵng
媸	U+5AB8	si|xi|xuy
媹	U+5AB9	lưu
媺	U+5ABA	mĩ
媻	U+5ABB	bàn
媼	U+5ABC	ảo|ẩu
媽	U+5ABD	ma|má|mụ
媾	U+5ABE	cấu
媿	U+5ABF	quy|quý
嫀	U+5AC0	tần
嫁	U+5AC1	giá
嫂	U+5AC2	dâu|tẩu
嫄	U+5AC4	nguyên
嫇	U+5AC7	minh
嫈	U+5AC8	oanh
嫉	U+5AC9	tật
嫊	U+5ACA	tố
嫋	U+5ACB	niểu|niễu|niệu
嫌	U+5ACC	hiềm
嫏	U+5ACF	lang
嫐	U+5AD0	nam
嫒	U+5AD2	ái
嫔	U+5AD4	tần
嫕	U+5AD5	ê|ế
嫖	U+5AD6	biều|phiêu|phiếu|phếu
嫗	U+5AD7	ẩu|ủ
嫘	U+5AD8	luy
嫚	U+5ADA	mạn|oan
嫛	U+5ADB	ê
嫜	U+5ADC	chương|xáo
嫟	U+5ADF	nật
嫠	U+5AE0	ly
嫡	U+5AE1	đích
嫢	U+5AE2	quy
嫣	U+5AE3	yên
嫥	U+5AE5	chuyên
嫦	U+5AE6	thường
嫩	U+5AE9	non|nộn
嫪	U+5AEA	hông|lao|liệu|lạc
嫫	U+5AEB	mô|toán
嫭	U+5AED	hộ
嫮	U+5AEE	hộ|tường
嫱	U+5AF1	tường
嫳	U+5AF3	miết
嫵	U+5AF5	vũ
嫶	U+5AF6	tiều
嫷	U+5AF7	đọa
嫺	U+5AFA	nhàn
嫻	U+5AFB	nhàn
嫽	U+5AFD	liêu
嫿	U+5AFF	hoạch|họa|quy
嬀	U+5B00	quy
嬃	U+5B03	tu
嬈	U+5B08	kiêu|liểu|nhiêu|nhiễu|niêu|niểu
嬉	U+5B09	hi|hy
嬋	U+5B0B	thiền|thuyền
嬌	U+5B0C	kiều|mĩ
嬍	U+5B0D	mĩ
嬎	U+5B0E	phó
嬏	U+5B0F	thẩm
嬐	U+5B10	ngẫm|tiêm
嬖	U+5B16	bế
嬗	U+5B17	thiện
嬙	U+5B19	tường
嬛	U+5B1B	hoàn|huyên|quỳnh
嬝	U+5B1D	niễu|niệu
嬡	U+5B21	ái
嬢	U+5B22	nương
嬤	U+5B24	ma|mạ
嬥	U+5B25	điệu
嬪	U+5B2A	bi|tần
嬬	U+5B2C	nhu
嬭	U+5B2D	nãi|nễ
嬮	U+5B2E	cạnh
嬰	U+5B30	anh
嬲	U+5B32	niếu|niểu|niễu|điều|điểu
嬴	U+5B34	doanh
嬷	U+5B37	ma|mạ
嬸	U+5B38	thím|thẩm
嬺	U+5B3A	nật
嬼	U+5B3C	lưu
嬽	U+5B3D	huyên
嬾	U+5B3E	lãn|lại
嬿	U+5B3F	yến
孀	U+5B40	sương
孃	U+5B43	nương|tường
孅	U+5B45	thiêm|tiêm
孋	U+5B4B	ly
孌	U+5B4C	loan|luyến
孏	U+5B4F	lãn
子	U+5B50	tí|tý|tử
孑	U+5B51	kiết|quyết
孒	U+5B52	củng|quyết
孓	U+5B53	củng|quyết
孔	U+5B54	khổng
孕	U+5B55	dựng
孖	U+5B56	ma|tư
字	U+5B57	tự
存	U+5B58	tồn
孙	U+5B59	tôn|tốn
孚	U+5B5A	phu|phù
孛	U+5B5B	bội|bột|bụt
孜	U+5B5C	tư
孝	U+5B5D	hiếu
孟	U+5B5F	mãng|mạnh
孠	U+5B60	tự
孡	U+5B61	thai
孢	U+5B62	bào
季	U+5B63	quí|quý
孤	U+5B64	cô
孥	U+5B65	noa|nua|nô
学	U+5B66	học
孨	U+5B68	chuyển
孩	U+5B69	hài
孪	U+5B6A	loan|luyên|luyến
孫	U+5B6B	tôn|tốn
孬	U+5B6C	khoái|nạo
孮	U+5B6E	tôn
孰	U+5B70	dong|thục
孱	U+5B71	khiếp|sàn|sán
孲	U+5B72	nha
孳	U+5B73	tư
孴	U+5B74	nghĩ
孵	U+5B75	phu|phụ
孶	U+5B76	tư|tứ
孷	U+5B77	ly
學	U+5B78	học
孺	U+5B7A	nhu|nhũ|nhọ|nhụ
孻	U+5B7B	nai|nhụ
孼	U+5B7C	nghiệt
孽	U+5B7D	bách|nghiệt
孿	U+5B7F	loan|luyên|luyến
宀	U+5B80	miên
宁	U+5B81	ninh|nịnh|trữ
宂	U+5B82	nhũng
它	U+5B83	di|si|sà|sá|tha|xà
宄	U+5B84	quĩ|quỹ
宅	U+5B85	trạch
宇	U+5B87	vũ
守	U+5B88	thú|thủ
安	U+5B89	an|yên
宊	U+5B8A	gia|đột
宋	U+5B8B	tống
完	U+5B8C	hoàn
宍	U+5B8D	nhục
宎	U+5B8E	tỷ|yểu
宏	U+5B8F	hoành|hoằng
宐	U+5B90	nghi
宓	U+5B93	mật|phục
宕	U+5B95	đãng
宗	U+5B97	tôn|tông
官	U+5B98	quan
宙	U+5B99	trụ
定	U+5B9A	đính|định
宛	U+5B9B	uyên|uyển
宜	U+5B9C	nghi
宝	U+5B9D	bảo|bửu
实	U+5B9E	chí|thật|thực
実	U+5B9F	chí|thật|thặc|thực
宠	U+5BA0	sủng
审	U+5BA1	thẩm
客	U+5BA2	khách
宣	U+5BA3	tuyên
室	U+5BA4	thất
宥	U+5BA5	hựu
宦	U+5BA6	hoạn
宧	U+5BA7	di|hoạn
宨	U+5BA8	triệu
宪	U+5BAA	hiến
宫	U+5BAB	cung
宬	U+5BAC	thành
宭	U+5BAD	quần
宮	U+5BAE	cung
宰	U+5BB0	tể
害	U+5BB3	hại|hạt
宴	U+5BB4	yên|yến|án
宵	U+5BB5	tiêu
家	U+5BB6	cô|gia
宸	U+5BB8	thần
容	U+5BB9	dong|dung
宻	U+5BBB	mật
宼	U+5BBC	khoan|khấu
宽	U+5BBD	khoan
宾	U+5BBE	thấn|tân
宿	U+5BBF	tú|túc
寀	U+5BC0	thái
寁	U+5BC1	tiệp|toản
寂	U+5BC2	tịch
寃	U+5BC3	oan
寄	U+5BC4	gửi|kí|ký|kỳ|kỷ
寅	U+5BC5	dần
密	U+5BC6	mật
寇	U+5BC7	khấu
寉	U+5BC9	hạc
富	U+5BCC	phú
寍	U+5BCD	ninh
寎	U+5BCE	kính
寐	U+5BD0	mị
寑	U+5BD1	tẩm
寒	U+5BD2	hàn
寓	U+5BD3	ngụ|vũ
寔	U+5BD4	thật|thặc|thực|tẩm
寕	U+5BD5	ninh
寖	U+5BD6	tẩm
寘	U+5BD8	chí|trí
寚	U+5BDA	bảo
寛	U+5BDB	khoan
寜	U+5BDC	ninh
寝	U+5BDD	tẩm
寞	U+5BDE	mịch
察	U+5BDF	sát
寠	U+5BE0	cũ|lũ
寡	U+5BE1	quả
寢	U+5BE2	tẩm
寣	U+5BE3	hốt
寤	U+5BE4	ngộ|ngụ
寥	U+5BE5	liêu
實	U+5BE6	chí|thật|thặc|thực
寧	U+5BE7	ninh|trữ
寨	U+5BE8	trại
審	U+5BE9	thẩm
寪	U+5BEA	vĩ|vị
寫	U+5BEB	tả
寬	U+5BEC	khoan
寮	U+5BEE	liêu
寯	U+5BEF	tuấn
寰	U+5BF0	hoàn
寱	U+5BF1	nghệ
寳	U+5BF3	bảo|bửu
寵	U+5BF5	sủng
寶	U+5BF6	bảo|bửu
寸	U+5BF8	thốn
对	U+5BF9	đối
寺	U+5BFA	tự
寻	U+5BFB	tầm
导	U+5BFC	đạo
寽	U+5BFD	luật
対	U+5BFE	đối
寿	U+5BFF	thọ
尀	U+5C00	phả
封	U+5C01	phong
専	U+5C02	chuyên
尃	U+5C03	chuyên|phu
射	U+5C04	dạ|dịch|tạ|xạ
尅	U+5C05	khắc
将	U+5C06	thương|tương|tướng
將	U+5C07	thương|tương|tướng
專	U+5C08	chuyên|đoàn
尉	U+5C09	uất|úy|ủy
尊	U+5C0A	tôn
尋	U+5C0B	tầm
尌	U+5C0C	thụ|đố
對	U+5C0D	đối|đỗi
導	U+5C0E	đạo
小	U+5C0F	tiểu
尐	U+5C10	xử
少	U+5C11	sa|thiếu|thiểu
尒	U+5C12	nhĩ|thủy
尓	U+5C13	nhĩ
尔	U+5C14	nhĩ|nể|nễ
尖	U+5C16	tiêm
尗	U+5C17	thúc|trần
尘	U+5C18	trần
尙	U+5C19	thượng
尚	U+5C1A	chuộng|thượng
尛	U+5C1B	ma
尜	U+5C1C	kiết
尝	U+5C1D	thường
尞	U+5C1E	liêu
尟	U+5C1F	tiển
尠	U+5C20	tiển
尢	U+5C22	uông|vưu
尤	U+5C24	vưu
尥	U+5C25	bào|liệu|thược
尦	U+5C26	bào
尧	U+5C27	nghiêu
尨	U+5C28	mang|mông
尪	U+5C2A	diên|uông
尫	U+5C2B	uông
尬	U+5C2C	giới
尭	U+5C2D	nghiêu
尰	U+5C30	thũng
就	U+5C31	tựu
尲	U+5C32	dam|giám
尴	U+5C34	giám
尶	U+5C36	giám
尷	U+5C37	giam|giám
尸	U+5C38	thi|thây
尹	U+5C39	doãn|duẫn
尺	U+5C3A	chỉ|xích
尻	U+5C3B	cừu|khao|khào
尼	U+5C3C	ni|nê|nật|nặc|nệ
尽	U+5C3D	tần|tẫn|tận
尾	U+5C3E	vĩ
尿	U+5C3F	niếu|niệu|tuy
局	U+5C40	cuộc|cục
屁	U+5C41	thí
层	U+5C42	tằng
屃	U+5C43	hý|sí
屄	U+5C44	bi|bì|bức|tỳ
居	U+5C45	cư|ky|kí|ký
屆	U+5C46	giới
屈	U+5C48	giới|khuất|quật
屉	U+5C49	thế
届	U+5C4A	giới
屋	U+5C4B	ốc
屌	U+5C4C	điếu|điểu
屍	U+5C4D	thi
屎	U+5C4E	hi|hy|thỉ
屏	U+5C4F	bình|bính|phanh
屐	U+5C50	kịch|kỹ|lý
屑	U+5C51	tiêu|tiết
屓	U+5C53	hý|sí
展	U+5C55	triển
屖	U+5C56	tê
屘	U+5C58	vĩ
屙	U+5C59	a|kha|ố
屚	U+5C5A	lậu
屛	U+5C5B	bình|bính|phanh
屜	U+5C5C	thế|tiếp
屝	U+5C5D	phi|phỉ
属	U+5C5E	chú|chúc|thuộc|thục
屟	U+5C5F	tiệp
屠	U+5C60	chư|phong|đồ
屡	U+5C61	lũ
屢	U+5C62	lâu|lũ
屣	U+5C63	si|tỉ|tỷ|xí
層	U+5C64	tầng|tằng
履	U+5C65	lý|lữ
屦	U+5C66	lũ
屧	U+5C67	tiết|tiệp|điệp
屨	U+5C68	lũ
屩	U+5C69	cược|khiêu|nghiếu
屪	U+5C6A	liêu
屬	U+5C6C	chú|chúc|chủ|thuộc
屭	U+5C6D	hí|hý|sí
屮	U+5C6E	triệt
屯	U+5C6F	truân|đồn
屰	U+5C70	kích|nghịch
山	U+5C71	san|sơn|u
屳	U+5C73	hiên|tiên
屴	U+5C74	lực
屵	U+5C75	ngạt
屹	U+5C79	ngật|ngột
屺	U+5C7A	dĩ|khỉ|kỷ
屼	U+5C7C	ngột
屿	U+5C7F	dữ|tự
岀	U+5C80	xuất
岁	U+5C81	tuế
岂	U+5C82	khải|khỉ|khởi
岅	U+5C85	bản|phản
岆	U+5C86	chí
岈	U+5C88	ha
岉	U+5C89	vật
岊	U+5C8A	ngập|tiết
岋	U+5C8B	ngập
岌	U+5C8C	ngập
岍	U+5C8D	khiên
岏	U+5C8F	hoàn|ngoan|đệ
岐	U+5C90	kì|kỳ
岑	U+5C91	sấm|sầm
岒	U+5C92	kiềm
岔	U+5C94	sá|sóa|xá|xóa
岖	U+5C96	khu
岗	U+5C97	cương
岘	U+5C98	hiện|nghiễn
岙	U+5C99	áo
岚	U+5C9A	lam
岛	U+5C9B	đảo
岝	U+5C9D	trách
岞	U+5C9E	trách
岠	U+5CA0	cự
岡	U+5CA1	cương
岢	U+5CA2	kha|khả|nham
岣	U+5CA3	cu|cẩu
岥	U+5CA5	pha
岧	U+5CA7	thiều|đèo
岨	U+5CA8	thư
岩	U+5CA9	nham
岪	U+5CAA	phất|phật
岫	U+5CAB	tụ
岬	U+5CAC	giáp
岭	U+5CAD	linh|lãnh|lĩnh
岮	U+5CAE	đà
岰	U+5CB0	u
岱	U+5CB1	đại|đồi
岳	U+5CB3	nhạc
岵	U+5CB5	hô|hỗ|hộ
岷	U+5CB7	dân|mân
岸	U+5CB8	ngàn|ngạn
岹	U+5CB9	khuy|thiều|vị
岺	U+5CBA	linh
岿	U+5CBF	khuy|quy|vị
峀	U+5CC0	tụ
峁	U+5CC1	dịch
峄	U+5CC4	dịch
峆	U+5CC6	hàm
峉	U+5CC9	ngạch|điêu
峊	U+5CCA	phụ
峋	U+5CCB	tuân
峌	U+5CCC	điệt
峒	U+5CD2	đồng|đỗng|động
峓	U+5CD3	di
峗	U+5CD7	nguy
峘	U+5CD8	hoàn
峙	U+5CD9	trì|trĩ|trữ
峚	U+5CDA	mật
峛	U+5CDB	lệ|lỵ
峝	U+5CDD	đồng|đỗng|động
峡	U+5CE1	giáp|hiệp|hạp
峣	U+5CE3	nghiêu
峤	U+5CE4	kiêu|kiều|kiệu
峥	U+5CE5	tranh
峦	U+5CE6	loan
峨	U+5CE8	nga
峩	U+5CE9	nga
峪	U+5CEA	cốc|dục
峫	U+5CEB	da|đa
峬	U+5CEC	bô|phu
峭	U+5CED	tiêu|tiễu
峮	U+5CEE	quân
峯	U+5CEF	phong
峰	U+5CF0	phong
峱	U+5CF1	nao|náo|nạo
峳	U+5CF3	du
峴	U+5CF4	hiện|kiến|nghiễn
島	U+5CF6	đảo
峷	U+5CF7	sân
峹	U+5CF9	đồ
峺	U+5CFA	canh
峻	U+5CFB	tuấn
峽	U+5CFD	giáp|hiệp|hạp
峾	U+5CFE	ngân
峿	U+5CFF	ngô|ngữ
崀	U+5D00	lang
崁	U+5D01	khám|khảm
崂	U+5D02	lao
崃	U+5D03	lai
崄	U+5D04	hiểm
崆	U+5D06	khoang|không
崇	U+5D07	hoa|sùng
崊	U+5D0A	lờm
崋	U+5D0B	hoa
崌	U+5D0C	cư
崍	U+5D0D	lai
崎	U+5D0E	khi|kỳ
崏	U+5D0F	môi
崐	U+5D10	côn
崑	U+5D11	côn
崒	U+5D12	chót|thôi|tốt|tột|tụy
崔	U+5D14	thôi|tồi
崕	U+5D15	nhai
崖	U+5D16	day|nhai
崗	U+5D17	cang|cương
崘	U+5D18	luân|lôn
崙	U+5D19	luân|lôn|son
崚	U+5D1A	lăng
崛	U+5D1B	quật
崝	U+5D1D	canh|sanh
崞	U+5D1E	quách
崟	U+5D1F	dần|ngâm
崠	U+5D20	đông|ẫm
崡	U+5D21	hàm
崢	U+5D22	tranh
崣	U+5D23	khụy|ủy
崤	U+5D24	hào
崥	U+5D25	tỷ
崦	U+5D26	yêm
崧	U+5D27	tung|tùng
崩	U+5D29	băng
崪	U+5D2A	tốt|tột|tụy
崫	U+5D2B	quật|tiệm
崭	U+5D2D	tiệm
崮	U+5D2E	cố
崱	U+5D31	trắc|tắc
崴	U+5D34	uy
崷	U+5D37	tù
崺	U+5D3A	dĩ|nghi
崼	U+5D3C	thị
崽	U+5D3D	tải|tể
崿	U+5D3F	ngạc
嵁	U+5D41	cù|kham
嵂	U+5D42	luật
嵆	U+5D46	kê
嵇	U+5D47	kê
嵊	U+5D4A	thặng
嵋	U+5D4B	mi
嵌	U+5D4C	khâm|khảm
嵎	U+5D4E	giủng|ngu|ngung
嵏	U+5D4F	tông
嵐	U+5D50	lam
嵑	U+5D51	kiệt|nham
嵒	U+5D52	nham
嵔	U+5D54	ủy
嵕	U+5D55	tông
嵗	U+5D57	tuế|vanh
嵘	U+5D58	vanh
嵚	U+5D5A	hâm
嵜	U+5D5C	kỳ
嵝	U+5D5D	lũ
嵞	U+5D5E	đồ
嵤	U+5D64	tráo|trạo
嵥	U+5D65	kiệt
嵧	U+5D67	lưu
嵩	U+5D69	tung
嵫	U+5D6B	tư
嵬	U+5D6C	nguy|ngôi|vĩ
嵯	U+5D6F	ta|tha
嵲	U+5D72	niết
嵳	U+5D73	tha
嵷	U+5D77	tung
嵹	U+5D79	cưỡng
嵺	U+5D7A	lũ
嵼	U+5D7C	sản
嵾	U+5D7E	lũ|sâm
嵿	U+5D7F	đính
嶁	U+5D81	lũ
嶂	U+5D82	chướng|tòa
嶄	U+5D84	chởm|tiệm|trảm
嶇	U+5D87	khu
嶋	U+5D8B	đảo
嶌	U+5D8C	đảo
嶍	U+5D8D	tập
嶒	U+5D92	tăng|tằng
嶓	U+5D93	ba
嶔	U+5D94	hàm|hâm|khâm
嶕	U+5D95	tiêu
嶗	U+5D97	lao
嶙	U+5D99	lân
嶚	U+5D9A	liêu
嶜	U+5D9C	tâm
嶝	U+5D9D	đăng|đặng
嶞	U+5D9E	đọa
嶟	U+5D9F	tôn
嶠	U+5DA0	kiêu|kiều|kiểu|kiệu
嶡	U+5DA1	quyết
嶢	U+5DA2	nghiêu|nghèo
嶧	U+5DA7	dịch
嶨	U+5DA8	học
嶪	U+5DAA	nghiệp
嶫	U+5DAB	nghiệp
嶭	U+5DAD	tiết
嶮	U+5DAE	hiểm
嶰	U+5DB0	giải
嶱	U+5DB1	khát|tây
嶲	U+5DB2	tây
嶳	U+5DB3	địa
嶴	U+5DB4	áo
嶷	U+5DB7	nghi|ngật|ngặc|ngực
嶸	U+5DB8	vanh|vinh
嶺	U+5DBA	lãnh|lĩnh
嶼	U+5DBC	dư|dữ|dự|ngữ|tự
嶽	U+5DBD	nhạc
嶾	U+5DBE	nhạc|ẩn
巀	U+5DC0	nhai
巂	U+5DC2	huề|tây|tê
巃	U+5DC3	lung
巄	U+5DC4	lung
巅	U+5DC5	điên
巆	U+5DC6	vanh
巇	U+5DC7	hi|hy|thược
巉	U+5DC9	sàm
巊	U+5DCA	anh
巋	U+5DCB	khuy|vị
巌	U+5DCC	nham
巍	U+5DCD	nguy|ngôi
巑	U+5DD1	toản|tán
巒	U+5DD2	loan
巓	U+5DD3	điên
巔	U+5DD4	điên
巖	U+5DD6	nham
巗	U+5DD7	nham
巘	U+5DD8	hiến|nghiễn
巛	U+5DDB	khôn|xuyên
巜	U+5DDC	quái
川	U+5DDD	xuyên
州	U+5DDE	châu
巟	U+5DDF	hoang
巠	U+5DE0	kinh
巡	U+5DE1	duyên|tuần
巢	U+5DE2	sào
巣	U+5DE3	sào
工	U+5DE5	công
左	U+5DE6	tá|tả
巧	U+5DE7	xảo
巨	U+5DE8	cự|há
巩	U+5DE9	củng
巫	U+5DEB	vu
差	U+5DEE	sai|si|soa|sái
巯	U+5DEF	bái|lưu|phế
巰	U+5DF0	lưu
己	U+5DF1	kỉ|kỷ
已	U+5DF2	dĩ
巳	U+5DF3	tị|tỵ
巴	U+5DF4	ba
巵	U+5DF5	chi
巷	U+5DF7	hạng
巹	U+5DF9	cẩn
巺	U+5DFA	tốn
巻	U+5DFB	quyển
巽	U+5DFD	rốn|tốn
巾	U+5DFE	cân
巿	U+5DFF	phất|thị
帀	U+5E00	táp|tạp
币	U+5E01	tệ
市	U+5E02	thị
布	U+5E03	bố
帄	U+5E04	đinh
帅	U+5E05	soái|suất|súy
帆	U+5E06	phàm|phâm
师	U+5E08	sư
帉	U+5E09	phân
帊	U+5E0A	mạn|phạ
帋	U+5E0B	chỉ
希	U+5E0C	hy|hơi
帍	U+5E0D	hộ|vi
帏	U+5E0F	vi
帐	U+5E10	trướng
帑	U+5E11	nô|thảng
帒	U+5E12	đại|đẫy
帓	U+5E13	mạt
帔	U+5E14	bí|phí|ấp
帕	U+5E15	bạc|bạch|mạt|phách|phạ
帖	U+5E16	thiếp|thiệp
帗	U+5E17	bạt|phạt
帘	U+5E18	cân|liêm
帙	U+5E19	chật|dật|pho|trật
帚	U+5E1A	chửu|trửu
帛	U+5E1B	bạch
帜	U+5E1C	xí
帝	U+5E1D	đấy|đế
帞	U+5E1E	mạch
帟	U+5E1F	diệc|dịch
帡	U+5E21	bình|tinh
帢	U+5E22	kháp
帣	U+5E23	quyến|quyển
帤	U+5E24	như
帥	U+5E25	soái|suất|súy
带	U+5E26	đái|đới
帧	U+5E27	tránh
帨	U+5E28	thuế
帩	U+5E29	tiêu|tiếu
師	U+5E2B	sư
帬	U+5E2C	quần
席	U+5E2D	tịch
帮	U+5E2E	bang
帯	U+5E2F	đái|đới
帰	U+5E30	quy
帱	U+5E31	sâm|trù|đào
帲	U+5E32	bình
帳	U+5E33	trướng
帴	U+5E34	sa|tiên|tiễn|tàn
帵	U+5E35	oan|uyên
帶	U+5E36	đai|đái|đới
帷	U+5E37	duy
常	U+5E38	thường
帹	U+5E39	sáp|thiếp|trách
帺	U+5E3A	kỳ
帻	U+5E3B	trách
帼	U+5E3C	quắc
帽	U+5E3D	mão|mạo
幀	U+5E40	tranh|trinh|tránh
幂	U+5E42	mạc|mịch
幃	U+5E43	duy|huy|vi
幄	U+5E44	ác|ốc
幅	U+5E45	bức|phúc|phức
幇	U+5E47	bang|bình
幈	U+5E48	bình
幋	U+5E4B	bàn
幌	U+5E4C	hoảng
幍	U+5E4D	thao
幎	U+5E4E	mạc|mịch
幏	U+5E4F	giá
幐	U+5E50	đằng
幑	U+5E51	huy
幓	U+5E53	sam|sâm
幔	U+5E54	man|màn|mãn|mạn
幕	U+5E55	mán|mạc|mạn|mộ
幗	U+5E57	quắc|quốc
幘	U+5E58	trách
幙	U+5E59	mạc
幚	U+5E5A	bang
幛	U+5E5B	chướng|trướng
幜	U+5E5C	cảnh
幝	U+5E5D	xiển
幞	U+5E5E	bộc|phác|phốc
幟	U+5E5F	sí|xí
幠	U+5E60	hu
幡	U+5E61	phan|phiên
幢	U+5E62	choàng|chàng|tràng
幣	U+5E63	giẻ|tệ
幦	U+5E66	mịch
幧	U+5E67	thao|thiêu|xao
幨	U+5E68	siêm|siểm|xiêm
幩	U+5E69	phần
幪	U+5E6A	mông
幫	U+5E6B	bang
幬	U+5E6C	trù|đào|đảo
幭	U+5E6D	miệt
幮	U+5E6E	trù
幯	U+5E6F	tiết
幰	U+5E70	hiến|hiển
幱	U+5E71	lan
干	U+5E72	can|càn|cán|kiền
平	U+5E73	biền|bình
年	U+5E74	niên|nên
幵	U+5E75	kiên|tinh
并	U+5E76	bình|bính|bạng|phanh|tinh|tính|tịnh
幷	U+5E77	bình|bính|tinh|tính|tịnh
幸	U+5E78	hãnh|hạnh
幹	U+5E79	can|càn|cán|kiền
幺	U+5E7A	ma|yêu
幻	U+5E7B	huyễn|ảo
幼	U+5E7C	yếu|ấu
幽	U+5E7D	u
幾	U+5E7E	cơ|khởi|ki|ky|kí|ký|kỉ|kỳ|kỷ
广	U+5E7F	khoát|nghiễm|quáng|quảng|yểm
庀	U+5E80	bỉ|phỉ
庁	U+5E81	sảnh|thính
庂	U+5E82	trắc
庄	U+5E84	bành|chăng|trang
庅	U+5E85	ma
庆	U+5E86	khanh|khánh|khương
庇	U+5E87	tí|tý
庈	U+5E88	cầm
床	U+5E8A	sàng
庋	U+5E8B	ký|kĩ|kỹ|quỷ|quỹ
庌	U+5E8C	nhã
庍	U+5E8D	bái
序	U+5E8F	tự|tựa
庐	U+5E90	lư|lữ
庑	U+5E91	vu|vũ
庒	U+5E92	trang
库	U+5E93	khố
应	U+5E94	ưng|ứng
底	U+5E95	đắc|để
庖	U+5E96	bao|bào|cào
店	U+5E97	điếm
庙	U+5E99	miếu
庚	U+5E9A	canh
庛	U+5E9B	thứ
府	U+5E9C	phủ
庞	U+5E9E	bàng|lung
废	U+5E9F	phế
庠	U+5EA0	tường
庢	U+5EA2	chí|thất|trất
庣	U+5EA3	thiêu
庤	U+5EA4	chí|trĩ
庥	U+5EA5	hưu
度	U+5EA6	đạc|độ
座	U+5EA7	toà|tòa|tọa
庨	U+5EA8	hao
庪	U+5EAA	quỷ|quỹ
庫	U+5EAB	kho|khố
庬	U+5EAC	mang
庭	U+5EAD	thính|đình
庮	U+5EAE	dậu
庯	U+5EAF	phố
庱	U+5EB1	sưu
庲	U+5EB2	lai
庳	U+5EB3	bánh|bí|bỉ|ty|tì|tý|tỳ|tỷ
庴	U+5EB4	tạ
庵	U+5EB5	am|ải
庶	U+5EB6	thứ
康	U+5EB7	khang|khương
庸	U+5EB8	dong|dung
庹	U+5EB9	thả|thỏa
庻	U+5EBB	thứ
庼	U+5EBC	khoanh|khoảnh
庽	U+5EBD	ngụ
庾	U+5EBE	du|dữu
庿	U+5EBF	miếu
廀	U+5EC0	sưu
廁	U+5EC1	trắc|xí
廂	U+5EC2	rương|sương|tương
廃	U+5EC3	phế
廄	U+5EC4	cứu|ân
廅	U+5EC5	cáp|hạp
廆	U+5EC6	hối
廇	U+5EC7	lựu
廈	U+5EC8	hè|hạ
廉	U+5EC9	liêm
廊	U+5ECA	lang
廋	U+5ECB	dũ|sưu
廌	U+5ECC	trãi|trĩ
廎	U+5ECE	cứu|khoanh|khoảnh
廏	U+5ECF	cứu
廐	U+5ED0	cứu
廑	U+5ED1	cần|cẩn|cận
廒	U+5ED2	ngao
廓	U+5ED3	khoách|khuếch|quách
廔	U+5ED4	lâu
廕	U+5ED5	âm|ấm
廖	U+5ED6	liêu|liệu
廗	U+5ED7	đái
廙	U+5ED9	dặc|dị|dực
廚	U+5EDA	chù|trù
廛	U+5EDB	chờn|triền
廝	U+5EDD	tê|tư
廞	U+5EDE	hâm|hân
廟	U+5EDF	miếu
廠	U+5EE0	hán|xưởng
廡	U+5EE1	vu|vũ
廢	U+5EE2	phế
廣	U+5EE3	khoát|nghiễm|quáng|quảng|yểm
廥	U+5EE5	quái
廧	U+5EE7	tường
廨	U+5EE8	giải|giới
廩	U+5EE9	lẫm
廪	U+5EEA	lẫm
廬	U+5EEC	lô|lư|lữ
廰	U+5EF0	sanh|sảnh|thính
廱	U+5EF1	ung|ủng
廳	U+5EF3	sanh|sảnh|thinh|thính
廴	U+5EF4	dẫn
廵	U+5EF5	tuần
延	U+5EF6	dang|diên|duyên|niển
廷	U+5EF7	đình
廸	U+5EF8	địch
建	U+5EFA	kiến|kiển
廻	U+5EFB	hồi
廼	U+5EFC	nãi
廽	U+5EFD	hồi
廾	U+5EFE	chấp|củng|nhập|trấp
廿	U+5EFF	chấp|khai|nhập|niệm|trấp|trập
开	U+5F00	di|khai
弁	U+5F01	biền|biện|bàn
异	U+5F02	di|dị
弃	U+5F03	khí
弄	U+5F04	lộng
弆	U+5F06	cử|khí
弇	U+5F07	yêm|yểm
弈	U+5F08	dịch
弉	U+5F09	trang|tráng
弊	U+5F0A	tiết|tế|tệ
弋	U+5F0B	dặc|dực
弌	U+5F0C	nhất
弍	U+5F0D	nhị
弎	U+5F0E	tam
式	U+5F0F	thức
弑	U+5F11	thí
弒	U+5F12	thí|thỉ
弓	U+5F13	cung
弔	U+5F14	điếu|đích
引	U+5F15	dấn|dẫn
弗	U+5F17	phất
弘	U+5F18	hoàng|hoằng
弛	U+5F1B	thí|thỉ|trì
弝	U+5F1D	bá
弟	U+5F1F	đễ|đệ
张	U+5F20	trương|trướng
弢	U+5F22	thao|tỷ
弣	U+5F23	phủ
弤	U+5F24	quyên|để
弥	U+5F25	di|mi|nhị
弦	U+5F26	huyền
弧	U+5F27	hồ|o|ô
弨	U+5F28	siêu
弩	U+5F29	nỏ|nỗ
弭	U+5F2D	mị|nhĩ|nhị
弮	U+5F2E	khuyên
弯	U+5F2F	loan
弰	U+5F30	sao
弱	U+5F31	nhược
張	U+5F35	trương|trướng
弶	U+5F36	cương|cưỡng|cắng
強	U+5F37	càng|cường|cưỡng
弸	U+5F38	băng|bằng
弹	U+5F39	đàn|đạn
强	U+5F3A	cương|cường|cưỡng
弻	U+5F3B	bật
弼	U+5F3C	bật|bặt|ngật
弾	U+5F3E	đàn|đạn
彀	U+5F40	cấu
彃	U+5F43	tất
彄	U+5F44	khu
彆	U+5F46	biệt|tệ
彈	U+5F48	đàn|đạn
彉	U+5F49	khoắc
彊	U+5F4A	cương|cường|cưỡng
彌	U+5F4C	di|mi|nhị
彍	U+5F4D	khoắc
彎	U+5F4E	loan
彏	U+5F4F	cược|quặc
彐	U+5F50	kí|ký|kế|kệ|mự|tuyết
彑	U+5F51	ký|kế|kệ
归	U+5F52	quy
当	U+5F53	đang|đáng|đương
彔	U+5F54	lục|thoán
录	U+5F55	lục
彖	U+5F56	soán|thoan|thoán|triện
彗	U+5F57	tuệ
彘	U+5F58	trệ
彙	U+5F59	hối|vị|vựng
彚	U+5F5A	vận|vị|vựng
彛	U+5F5B	di
彜	U+5F5C	di
彝	U+5F5D	di|dị
彞	U+5F5E	di
彟	U+5F5F	hoạch
彠	U+5F60	hoạch
彡	U+5F61	sam|tiệm
形	U+5F62	hình
彣	U+5F63	văn
彤	U+5F64	đồng
彥	U+5F65	ngạn
彦	U+5F66	ngạn
彧	U+5F67	úc
彩	U+5F69	thái|thải|thể
彪	U+5F6A	bưu
彫	U+5F6B	điêu
彬	U+5F6C	bân|băn
彭	U+5F6D	bang|bàng|bành
彯	U+5F6F	phiêu
彰	U+5F70	chương
影	U+5F71	ảnh
彲	U+5F72	si
彳	U+5F73	sách|sạch|xích
彴	U+5F74	bột|chước|thược
彶	U+5F76	cấp
彷	U+5F77	bàng|dương|phưởng|phảng
彸	U+5F78	chung|công
役	U+5F79	dịch
彻	U+5F7B	triệt
彼	U+5F7C	bỉ
彽	U+5F7D	đê
彾	U+5F7E	linh|lĩnh
彿	U+5F7F	phất|phật|phớt
往	U+5F80	vãng
征	U+5F81	chinh|chủy|trưng|trủy|trừng
徂	U+5F82	tò|tồ
徃	U+5F83	vãng
径	U+5F84	kính
待	U+5F85	đãi
徇	U+5F87	tuân|tuấn|tuần|tuẫn|tuận
很	U+5F88	hẫn|khấn|ngận
徉	U+5F89	dương
徊	U+5F8A	hồi
律	U+5F8B	luật
後	U+5F8C	hấu|hậu
徐	U+5F90	chờ|từ
徑	U+5F91	kinh|kính
徒	U+5F92	đồ
従	U+5F93	tòng|tùng
徕	U+5F95	lai|lại
徖	U+5F96	tủi|á
得	U+5F97	đắc|đức
徘	U+5F98	bồi
徙	U+5F99	si|tỉ|tỷ
徛	U+5F9B	khi
徜	U+5F9C	thương|thường|thảng
從	U+5F9E	thung|tung|tòng|tùng|túng|tụng
徠	U+5FA0	lai|lại
御	U+5FA1	huyến|ngữ|ngự|nhạ
徣	U+5FA3	tá
徤	U+5FA4	kiện
徧	U+5FA7	biến
徨	U+5FA8	hoàng|huỳnh
復	U+5FA9	phú|phúc|phục|phức|phựu
循	U+5FAA	tuần
徬	U+5FAC	bàng|bạng|phảng
徭	U+5FAD	dao|diêu
微	U+5FAE	vi
徯	U+5FAF	hề|hễ|khê|nghễ
徳	U+5FB3	đức
徴	U+5FB4	chủy|trưng|trừng
徵	U+5FB5	chinh|chưng|chủy|trung|trưng|trủy|trừng
徶	U+5FB6	biết
德	U+5FB7	đức
徹	U+5FB9	triệt
徺	U+5FBA	kiểu|nghiêu|tung
徼	U+5FBC	khiếu|kiêu|kiếu|kiểu|yêu
徽	U+5FBD	huy
徿	U+5FBF	long
忀	U+5FC0	nhương
心	U+5FC3	tâm
忄	U+5FC4	tâm
必	U+5FC5	tất
忆	U+5FC6	hắt|ức
忇	U+5FC7	sực
忈	U+5FC8	nhân|nhơn
忉	U+5FC9	đao|đau
忌	U+5FCC	kí|ký|kị|kỵ
忍	U+5FCD	nhẫn
忎	U+5FCE	nhân
忏	U+5FCF	sám|thin|thiên
忐	U+5FD0	khẩn|thảm|tỷ
忑	U+5FD1	thắc|thức|đào|đảo
忒	U+5FD2	thắc
忔	U+5FD4	hật|ngật
忕	U+5FD5	thái|thệ|đại
忖	U+5FD6	phế|thốn|thổn|thỗn
志	U+5FD7	chí
忘	U+5FD8	vong|vô|vương
忙	U+5FD9	mang
応	U+5FDC	ưng|ứng
忝	U+5FDD	thiểm|thiệm|thỏm
忞	U+5FDE	bì|mân|mẫn
忠	U+5FE0	trung
忡	U+5FE1	sung|xung
忣	U+5FE3	cấp
忤	U+5FE4	ngỗ
忧	U+5FE7	ưu
忨	U+5FE8	ngoan|ngoạn|trữ|uyển
忩	U+5FE9	thông
忪	U+5FEA	chung|khung|thông|tung|tùng
快	U+5FEB	khoái
忭	U+5FED	biện|phản
忮	U+5FEE	chí|kĩ|kỷ|kỹ
忰	U+5FF0	tụy
忱	U+5FF1	thầm
忲	U+5FF2	thái
忳	U+5FF3	chuân|linh|tế|đồn
忴	U+5FF4	linh|liên
念	U+5FF5	niệm
忷	U+5FF7	hung
忸	U+5FF8	nục|nữu|nựu
忺	U+5FFA	hiêm|hân
忻	U+5FFB	hân|hãn|ức
忼	U+5FFC	khảng
忽	U+5FFD	cấp|hốt
忾	U+5FFE	hy|hất|khái|khải
忿	U+5FFF	phẫn
怀	U+6000	hoài|hòai|phó|phụ
态	U+6001	thái
怂	U+6002	túng|tủng
怃	U+6003	hủ|vũ
怄	U+6004	âu
怅	U+6005	trướng
怆	U+6006	sang|sảng
怇	U+6007	kinh
怊	U+600A	bạch|siêu
怍	U+600D	tạc|tộ
怎	U+600E	chẩm|chẩn|trẩm
怏	U+600F	ưởng
怐	U+6010	cú|khấu
怑	U+6011	bán|bẳn
怒	U+6012	nộ
怓	U+6013	nao
怔	U+6014	chinh
怕	U+6015	phách|phạ
怖	U+6016	bố|phố
怗	U+6017	chiêm|chức|hỗ|siêm|thiếp
怙	U+6019	hỗ
怚	U+601A	thư|tự
怛	U+601B	tuất|đát|đắn
怜	U+601C	lanh|linh|liên|lân
思	U+601D	tai|tư|tứ
怞	U+601E	du
怟	U+601F	kỳ
怠	U+6020	thống|đãi
怡	U+6021	di
怢	U+6022	đột
怤	U+6024	phu|phó
急	U+6025	cấp
怦	U+6026	bừng|phanh
性	U+6027	tánh|tính
怨	U+6028	oán|uẩn
怩	U+6029	ni|ny|náy|nê
怪	U+602A	quái
怫	U+602B	phí|phất|phật
怬	U+602C	tứ
怭	U+602D	tất
怮	U+602E	u
怯	U+602F	khiếp
怱	U+6031	thông
怲	U+6032	biếng|bính
怳	U+6033	hoảng
怵	U+6035	chuật|truật|truột
怷	U+6037	truật
怹	U+6039	than|đan
总	U+603B	tông|tổng
怼	U+603C	trụy|đỗi
怽	U+603D	kết
怿	U+603F	dịch
恀	U+6040	thị
恁	U+6041	châm|nhẫm|nhậm
恂	U+6042	tuân|tuấn|tuần
恃	U+6043	thị
恄	U+6044	ghét
恅	U+6045	làu|lão|lạo
恆	U+6046	căng|cắng|hằng
恇	U+6047	khuông
恈	U+6048	mâu
恉	U+6049	chỉ|thỏa|tuy
恊	U+604A	hiệp
恋	U+604B	luyến
恌	U+604C	dao|diêu|khiêu|thiêu
恍	U+604D	hoảng
恐	U+6050	khúng|khổng|khủng
恑	U+6051	nguây|quỷ
恒	U+6052	căng|cắng|hằng
恓	U+6053	thê|tây|tê
恔	U+6054	hiệu
恕	U+6055	thứ
恘	U+6058	hưu
恙	U+6059	dương|dạng
恚	U+605A	huệ|khuể|nhuế
恛	U+605B	hồi
恜	U+605C	sức|thức
恝	U+605D	giáp|kiết
恞	U+605E	di
恟	U+605F	hung
恠	U+6060	quái
恡	U+6061	lận
恢	U+6062	khôi
恣	U+6063	thư|thứ|tứ
恤	U+6064	tuất
恥	U+6065	sỉ
恧	U+6067	nục
恨	U+6068	hận
恩	U+6069	ân
恪	U+606A	khác
恫	U+606B	thông|đồng|đỗng|động
恬	U+606C	điềm
恭	U+606D	cung
恮	U+606E	quyền
息	U+606F	tức
恰	U+6070	cáp|kháp
恱	U+6071	duyệt
恲	U+6072	phanh
恳	U+6073	khẩn
恴	U+6074	thân
恵	U+6075	huệ
恶	U+6076	ác|ô|ố
恸	U+6078	đỗng|động
恹	U+6079	yêm
恺	U+607A	khải|khởi
恻	U+607B	trắc
恼	U+607C	não
恽	U+607D	uẩn
恾	U+607E	mang
恿	U+607F	dõng|dũng
悀	U+6080	dõng|dũng
悁	U+6081	quyên|quyến
悂	U+6082	bì
悃	U+6083	khổn
悄	U+6084	thiêu|thiểu|tiễu
悅	U+6085	duyệt|dột
悆	U+6086	dự
悇	U+6087	dơ|dự
悈	U+6088	cức|giới
悉	U+6089	tạt|tất
悊	U+608A	thôi|triết
悋	U+608B	lẫn|lận
悌	U+608C	đễ
悍	U+608D	hãn
悎	U+608E	hạo
悐	U+6090	thích
悑	U+6091	bỏ
悒	U+6092	ấp
悓	U+6093	hiện
悔	U+6094	hối|hổi
悕	U+6095	hy
悖	U+6096	bội|bột
悗	U+6097	man|miễn|mến
悚	U+609A	tủng
悛	U+609B	thoan|thoăn|thuân
悜	U+609C	bào|chường
悝	U+609D	khôi|lý|tập
悞	U+609E	ngộ
悟	U+609F	ngộ
悠	U+60A0	du
悢	U+60A2	lãng|lượng
患	U+60A3	hoạn
悤	U+60A4	thông
悦	U+60A6	duyệt
悧	U+60A7	lợi|rượi
您	U+60A8	nam|nhĩ|nâm|nẫn
悪	U+60AA	ác|ố
悫	U+60AB	khác
悬	U+60AC	huyền
悭	U+60AD	khan|san
悮	U+60AE	ngộ
悯	U+60AF	mẫn|tài
悰	U+60B0	tông
悱	U+60B1	phỉ
悲	U+60B2	bi
悳	U+60B3	khẩn|đức
悴	U+60B4	thốt|tụy|xót
悵	U+60B5	trướng
悶	U+60B6	muốn|muộn|môn|ỷ
悷	U+60B7	lệ
悸	U+60B8	quý
悹	U+60B9	quán
悺	U+60BA	quán
悻	U+60BB	hãnh
悼	U+60BC	nạo|điệu
悽	U+60BD	thê
悾	U+60BE	không
惀	U+60C0	khẩn|luân|luẩn
惂	U+60C2	khẩn
惃	U+60C3	côn
惄	U+60C4	nghễ|nịch
情	U+60C5	tình
惆	U+60C6	chù|trù
惇	U+60C7	run|đôn
惈	U+60C8	quả|uyển
惉	U+60C9	kinh|lương|siêm
惊	U+60CA	kinh|lương
惋	U+60CB	oản|uyển
惌	U+60CC	oản|uyên|uyển
惍	U+60CD	căm
惎	U+60CE	kị|kỵ
惏	U+60CF	lam|lâm|lầm|lẫm
惐	U+60D0	vặc|vực
惑	U+60D1	hoặc
惒	U+60D2	hòa
惓	U+60D3	quyền|quyển
惔	U+60D4	đàm|đạm
惕	U+60D5	dịch|thích|đãng
惘	U+60D8	võng
惙	U+60D9	chuyết|chuyện|xuyết
惚	U+60DA	dịch|hốt|tổng
惛	U+60DB	hôn|muộn
惜	U+60DC	tiếc|tích
惝	U+60DD	sưởng|sượng|thảng
惞	U+60DE	hân
惟	U+60DF	duy
惠	U+60E0	chuy|huệ
惡	U+60E1	ác|ô|ố
惢	U+60E2	nhị|tỏa
惣	U+60E3	tổng
惤	U+60E4	huyền
惥	U+60E5	dũng
惦	U+60E6	điếm
惧	U+60E7	cụ
惨	U+60E8	thảm
惩	U+60E9	trừng
惪	U+60EA	đức
惫	U+60EB	bại|bị
惬	U+60EC	khiếp|thiếp
惭	U+60ED	tàm
惮	U+60EE	đát|đạn
惯	U+60EF	quán
惰	U+60F0	noa|nọa|đọa
惱	U+60F1	não
惲	U+60F2	uấn|uẩn
想	U+60F3	tưởng
惴	U+60F4	chúy|nhoai|sủy
惵	U+60F5	điệp
惶	U+60F6	hoàng|huỳnh
惷	U+60F7	xuân|xuẩn
惸	U+60F8	bẫng|quýnh|quỳnh
惹	U+60F9	nha|nhã|nhược|nhạ|nặc
惺	U+60FA	tinh|tỉnh
惻	U+60FB	trắc
惼	U+60FC	biền|biển|bẽn
惽	U+60FD	hôn|muộn
惾	U+60FE	tông
愀	U+6100	sậu|thiều|thiểu|thu|xỉu
愁	U+6101	sầu|thiểu
愂	U+6102	bội
愃	U+6103	huyên
愄	U+6104	úy
愅	U+6105	cách
愆	U+6106	khiên|khiền
愇	U+6107	vĩ
愈	U+6108	dũ|dụ|rủ
愉	U+6109	du|thâu
愊	U+610A	bức|bực|phúc|phức
愋	U+610B	mẫn
愍	U+610D	hôn|mẫn
愎	U+610E	phục|phức
意	U+610F	y|ý
愐	U+6110	giợn|miến|miễn
愒	U+6112	khái|khế|yết
愓	U+6113	dịch|thích|đãng
愔	U+6114	am|âm
愕	U+6115	ngạc
愖	U+6116	kham|thâm|thậm|đam
愗	U+6117	mậu
愘	U+6118	duyên|duyến|khác
愙	U+6119	khác
愚	U+611A	ngu
愛	U+611B	chuy|ái
愜	U+611C	hiệp|khiếp|thiếp|thiệp
愞	U+611E	nhuyễn
感	U+611F	cảm
愠	U+6120	uấn|uẩn
愡	U+6121	tổng
愣	U+6123	lăng
愤	U+6124	phấn|phẫn
愦	U+6126	hội
愧	U+6127	quý
愨	U+6128	khác|xác
愩	U+6129	thận
愫	U+612B	tố
愬	U+612C	sách|sánh|tố
愮	U+612E	dao|diêu|diệu|thao
愯	U+612F	song
愰	U+6130	hoảng
愲	U+6132	cốt|súc
愳	U+6133	cụ
愴	U+6134	sang|sáng|sảng|thương
愵	U+6135	nịch
愷	U+6137	khải|khởi
愺	U+613A	bác|thảo|thận
愻	U+613B	tốn
愼	U+613C	thận
愽	U+613D	bác
愾	U+613E	hi|hy|hất|khái|khải
愿	U+613F	nguyện
慁	U+6141	hỗn
慂	U+6142	dũng
慃	U+6143	õng
慄	U+6144	lật
慅	U+6145	tao|tháo
慆	U+6146	thao
慇	U+6147	khác|ân
慈	U+6148	tư|từ
慉	U+6149	súc
慊	U+614A	hiềm|khiếp|khiết|khiểm|khiển
態	U+614B	thái
慌	U+614C	hoang|hoảng
慍	U+614D	uấn|uẩn|ân
慎	U+614E	thận
慑	U+6151	chiếp|nhiếp
慒	U+6152	mộng|tao
慓	U+6153	phiêu
慔	U+6154	mạc
慕	U+6155	mộ
慘	U+6158	thảm
慙	U+6159	tàm
慚	U+615A	tuồm|tàm
慛	U+615B	thôi
慝	U+615D	nặc|thắc
慞	U+615E	chương
慟	U+615F	đỏng|đỗng|động
慠	U+6160	ngạo
慢	U+6162	mạn
慣	U+6163	quen|quán
慤	U+6164	khác|xác
慥	U+6165	tháo
慦	U+6166	cứu|ngận
慧	U+6167	huệ|tuệ
慨	U+6168	khái
慪	U+616A	âu
慫	U+616B	tung|tùng|túng|tủng
慬	U+616C	cần|cận|cỡn
慭	U+616D	ngận
慮	U+616E	lư|lục|lự
慯	U+616F	thưởng
慰	U+6170	uý|úy|ủy
慱	U+6171	đoàn
慲	U+6172	man
慳	U+6173	ghen|khan|kiên|san|xan
慴	U+6174	chiếp|chiệp|nhiếp|tiệp|triếp|triệp|điệp
慵	U+6175	dong|dung|thung|thuồng
慶	U+6176	khanh|khánh|khương
慷	U+6177	khảng
慸	U+6178	sái|sại|đế
慹	U+6179	chấp
慺	U+617A	lâu
慼	U+617C	thích
慽	U+617D	thích
慾	U+617E	dục
慿	U+617F	bằng
憀	U+6180	liêu|thảm
憁	U+6181	tổng
憂	U+6182	ưu
憃	U+6183	thung|xuẩn
憇	U+6187	khế
憊	U+618A	bại|bị
憋	U+618B	biết|biệt|miết
憍	U+618D	kiêu
憎	U+618E	dịch|tăng
憏	U+618F	sế
憐	U+6190	liên|lân
憑	U+6191	bằng|bẵng
憒	U+6192	hối|hội
憓	U+6193	huệ
憔	U+6194	tiêu|tiều|tiễu
憖	U+6196	ngận
憗	U+6197	ngận
憘	U+6198	hy|hỷ
憙	U+6199	hí|hý|hỷ
憚	U+619A	dạn|đát|đạn
憛	U+619B	đàm|đạn
憜	U+619C	đọa
憝	U+619D	đỗi|đội
憞	U+619E	đội
憟	U+619F	túc
憢	U+61A2	hiêu
憣	U+61A3	phiên
憤	U+61A4	phấn|phẫn
憥	U+61A5	lao
憦	U+61A6	lao|lạo
憧	U+61A7	sung|tráng|xung|đổng
憨	U+61A8	ham|hàm|hám
憩	U+61A9	khế|điềm
憪	U+61AA	hàn|mẫn
憫	U+61AB	mẫn
憬	U+61AC	cảnh
憭	U+61AD	liêu|liễu|liệu|trêu
憮	U+61AE	hủ|vũ
憯	U+61AF	thảm
憰	U+61B0	quất
憱	U+61B1	túc|xúc
憲	U+61B2	hiến
憴	U+61B4	thằng
憵	U+61B5	tài
憶	U+61B6	ức
憸	U+61B8	tiêm
憹	U+61B9	não
憺	U+61BA	đam|đảm
憻	U+61BB	thản
憼	U+61BC	kinh|kỉnh
憾	U+61BE	hám
憿	U+61BF	kiêu
懁	U+61C1	hoài|hoàn|hòai
懂	U+61C2	đổng
懃	U+61C3	cân|cần
懅	U+61C5	cứ|cự
懆	U+61C6	tháo|thảo
懇	U+61C7	khấn|khẩn
懈	U+61C8	giải
應	U+61C9	ưng|ứng
懊	U+61CA	ngạo|núc|áo|úc|ảo
懋	U+61CB	mậu
懌	U+61CC	dịch|sần
懍	U+61CD	lẫm
懑	U+61D1	muộn
懒	U+61D2	lãn|lại
懓	U+61D3	kế|áy
懔	U+61D4	lẫm
懕	U+61D5	yêm
懘	U+61D8	sế
懙	U+61D9	dư
懜	U+61DC	mộng
懝	U+61DD	ngại
懞	U+61DE	mong|mông|mộng
懟	U+61DF	trụy|đỗi|đội
懠	U+61E0	tê
懡	U+61E1	ma|mạ
懢	U+61E2	nhàm
懣	U+61E3	muộn
懤	U+61E4	trù
懥	U+61E5	chí|sí|sý
懦	U+61E6	nhu|nhụa|nọa
懧	U+61E7	ninh|nạnh|nọa
懨	U+61E8	yêm
懩	U+61E9	dưỡng
懪	U+61EA	bạc|bạo
懫	U+61EB	chí|chất
懬	U+61EC	khoáng|quảng
懭	U+61ED	khoáng|quảng
懮	U+61EE	ưu
懰	U+61F0	lưu|lữu
懱	U+61F1	miết
懲	U+61F2	trừng
懴	U+61F4	sám
懵	U+61F5	manh|mông|mộng
懶	U+61F6	lãn|lại
懷	U+61F7	hoài|hòai
懸	U+61F8	huyền
懹	U+61F9	hoài|hòai|nhượng
懺	U+61FA	sám
懻	U+61FB	hoãn|ký|tủy
懼	U+61FC	cụ
懽	U+61FD	hoan|hoàn|quán
懾	U+61FE	nhiếp|triếp
懿	U+61FF	ý
戀	U+6200	luyến|xước
戁	U+6201	nạn|nản
戄	U+6204	cụ|quặc
戅	U+6205	tráng
戆	U+6206	tráng
戇	U+6207	chướng|cống|tráng
戈	U+6208	qua
戉	U+6209	mậu|việt
戊	U+620A	mậu
戋	U+620B	tiên|tàn
戌	U+620C	tuất
戍	U+620D	thú
戎	U+620E	nhung
戏	U+620F	huy|hô|hý
成	U+6210	thành
我	U+6211	ngã
戒	U+6212	giới
戔	U+6214	tiên|tàn
戕	U+6215	thương|tường
或	U+6216	hoặc|vặc|vực
戗	U+6217	sang|sáng|thương
战	U+6218	chiến
戚	U+621A	thích|xúc
戛	U+621B	giáp|giát|kiết
戝	U+621D	tặc
戞	U+621E	kiết
戟	U+621F	kích
戡	U+6221	kham
戢	U+6222	phữu|trấp|tấp|tập
戣	U+6223	quỳ
戤	U+6224	cái|khái|ngái
戥	U+6225	đắng|đẳng
戦	U+6226	chiến|khuyết
戧	U+6227	sang|sáng|thương
戩	U+6229	tiển|tiễn
截	U+622A	phữu|tiệt|triệt
戫	U+622B	khuyết|úc
戬	U+622C	tiển|tiễn
戭	U+622D	diễn|dẫn
戮	U+622E	lục
戯	U+622F	hý
戰	U+6230	chiến
戱	U+6231	huy|hí|hô|hý|từ
戲	U+6232	huy|hí|hô|hý
戳	U+6233	chạc|sác|trạc
戴	U+6234	đái|đới
戵	U+6235	cù
戶	U+6236	hộ
户	U+6237	hộ
戸	U+6238	hộ
戹	U+6239	ách
戺	U+623A	sĩ
戻	U+623B	lệ
戼	U+623C	mão
戽	U+623D	hố|hỗ|hộ
戾	U+623E	liệt|lệ
房	U+623F	bàng|phòng
所	U+6240	sở|sỡ
扁	U+6241	biên|biền|biển|phiên|thiên
扂	U+6242	điệm
扃	U+6243	côi|quynh|quýnh
扅	U+6245	di
扆	U+6246	thái|tra|ỷ
扇	U+6247	bình|phiến|thiên
扈	U+6248	hỗ|hộ
扉	U+6249	phi|phị
扊	U+624A	diễm|diệm
手	U+624B	thủ|trì
扌	U+624C	thủ
才	U+624D	thủ|tài
扎	U+624E	trát
扏	U+624F	há
扐	U+6250	lặc
扑	U+6251	bạc|bốc|bộc|phác|phốc
扒	U+6252	bái|bát|bắt
打	U+6253	tranh|tá|đả
扔	U+6254	nhưng|nhận|nẫy
払	U+6255	chàng|phất|phật
扗	U+6257	nhổ|tại
托	U+6258	thác|thách|thước|thướt|thốc
扙	U+6259	rượn|trượng
扚	U+625A	thược|địch
扛	U+625B	cang|công|giang|giăng
扜	U+625C	hu|vo|vu
扞	U+625E	cán|cản|hãn|hạn
扟	U+625F	nhạ
扠	U+6260	sá|thoa|xoa
扡	U+6261	tha|thiên
扢	U+6262	cốt|cột|hất|khất|ngật|ngắt
扣	U+6263	khấu|khẩu
扤	U+6264	ngột
扥	U+6265	thác
扦	U+6266	hãn|tha|thiên|xiên
执	U+6267	chấp
扨	U+6268	nhấn
扩	U+6269	khoách|khoáng|khoắc|khuếch
扪	U+626A	môn
扫	U+626B	táo|tảo
扬	U+626C	dương
扭	U+626D	nữu
扮	U+626E	ban|biện|bán|phân|phạn|phẫn
扯	U+626F	chải|xả
扰	U+6270	nhiễu
扱	U+6271	gắp|hấp|tháp|tráp
扲	U+6272	cầm
扳	U+6273	ban|bản|bẳn|phan
扴	U+6274	thôn
扵	U+6275	ư
扶	U+6276	phiếu|phò|phù
批	U+6279	phê
扺	U+627A	chỉ
扻	U+627B	tiết
扼	U+627C	ách
扽	U+627D	đùn|đốn
找	U+627E	hoa|phạt|qua|quơ|trảo
承	U+627F	chửng|thặng|thừa|tặng
技	U+6280	kĩ|kỹ
抃	U+6283	biến|biện|bện|du
抄	U+6284	sao
抅	U+6285	câu
抆	U+6286	vấn|vẫn|vặn
抇	U+6287	hột|nhặt
抈	U+6288	ngoắt|nguyệt
抉	U+6289	khoét|quyết
把	U+628A	bà|bá|bã|bả
抌	U+628C	thẩm|trẩm|đam
抎	U+628E	vẫn
抏	U+628F	canh|ngoan|ngoạn|nạp|nột
抐	U+6290	nạp|nột
抑	U+6291	ức
抒	U+6292	trử|trữ
抓	U+6293	co|trao|trảo
抔	U+6294	bầu|bồi|phầu
投	U+6295	đầu|đậu
抖	U+6296	đẩu
抗	U+6297	kháng
折	U+6298	chiếp|chiết|triết|đề
抚	U+629A	mô|phủ
抛	U+629B	phao
抜	U+629C	bạt|bội
抝	U+629D	ảo
択	U+629E	mân|trạch
抟	U+629F	chuyên|đoàn
抠	U+62A0	khu
抡	U+62A1	luân
抢	U+62A2	sang|sanh|thương|thướng|thưởng|thảng
护	U+62A4	hộ
报	U+62A5	báo
抨	U+62A8	banh|bình|phanh
抩	U+62A9	nhóm|thú|thủ
抪	U+62AA	bó|phô
披	U+62AB	bia|phi|phơ
抬	U+62AC	si|sĩ|đài
抭	U+62AD	du
抮	U+62AE	chẩn|hiển|thốt
抯	U+62AF	thiêm|tra|vả
抱	U+62B1	bào|bão|quái
抳	U+62B3	nai|nỉ
抴	U+62B4	duệ
抵	U+62B5	chỉ|để
抶	U+62B6	sất|thắt
抷	U+62B7	phơ
抸	U+62B8	bẹp
抹	U+62B9	ma|mạt
抺	U+62BA	vầy
抻	U+62BB	thân
押	U+62BC	áp
抽	U+62BD	trừu
抾	U+62BE	khư|khứa|kiếp
抿	U+62BF	mân|mẫn
拁	U+62C1	giơ
拂	U+62C2	bật|phất|phật
拃	U+62C3	tra|tạt
拄	U+62C4	chủ|trụ
担	U+62C5	tạ|đam|đãn|đảm|đản|đắn|đẵm|đẵn
拆	U+62C6	sách|sạch|thác|xích
拇	U+62C7	mẫu|tráo|trạo
拈	U+62C8	chiêm|chêm|niêm
拉	U+62C9	lạp|lạt|lấp
拊	U+62CA	phu|phụ|phủ
拋	U+62CB	phao
拌	U+62CC	ban|bàn|bạn|bắn|phan|phán
拍	U+62CD	bác|phách|phếch
拎	U+62CE	linh
拏	U+62CF	noa|nã
拐	U+62D0	biết|quái|quải|quảy|quầy
拑	U+62D1	cam|cùm|kiềm
拒	U+62D2	củ|cứ|cự
拓	U+62D3	chích|thác|tháp
拔	U+62D4	bạt|bội
拕	U+62D5	tha|đà
拖	U+62D6	tha|đà
拗	U+62D7	ao|húc|nữu|nựu|áo|ảo
拘	U+62D8	câu|cù
拙	U+62D9	chuyết|chút
拚	U+62DA	biền|biện|phan|phanh|phiên|phấn|tráo|trạo
招	U+62DB	chiêu|kiêu|kiều|thiêu|thiều|tội
拜	U+62DC	bái
拝	U+62DD	bái
拞	U+62DE	khua|khêu
拟	U+62DF	nghĩ
拠	U+62E0	cứ
拢	U+62E2	long|lung|lũng
拣	U+62E3	giản|luyến
拥	U+62E5	dùng|ung|ủng
拦	U+62E6	lan|lạn
拧	U+62E7	ninh|nịnh|thự
拨	U+62E8	bát|phạt
择	U+62E9	trạch
拪	U+62EA	tay|thiên
拫	U+62EB	gắn|ngân
括	U+62EC	hoạt|phạt|quát|thiệm
拭	U+62ED	rị|thức
拮	U+62EE	cát|cất|kiết|kiệt
拯	U+62EF	chủng|chửng
拰	U+62F0	nhúm
拱	U+62F1	cõng|cùng|củng|ky
拲	U+62F2	trí
拳	U+62F3	quyền
拴	U+62F4	thuyên|toàn
拵	U+62F5	dồn
拶	U+62F6	tạt|tản
拷	U+62F7	khảo|khỉu
拸	U+62F8	trì
拹	U+62F9	hiếp|mạ
拻	U+62FB	mạ
拼	U+62FC	banh|biền|bãi|bính|phanh
拽	U+62FD	duyệt|duệ|dìa|trí
拾	U+62FE	kiệp|thiệp|thập
拿	U+62FF	nã
持	U+6301	trì
挂	U+6302	quải|quẩy
挃	U+6303	chọi|trất
挄	U+6304	quăng
挅	U+6305	sủy|tuy|xoá|đỏa
挆	U+6306	sủy|đỏa
指	U+6307	chỉ
挈	U+6308	khiết|khế|kiết|xiết
按	U+6309	án
挋	U+630B	chấn
挌	U+630C	các|cách|gác|hiệu|rắc
挍	U+630D	gieo|hiệu
挎	U+630E	khóa
挏	U+630F	rùng|đồng
挐	U+6310	duy|ly|noa|nã|nư|nạo
挑	U+6311	khiêu|thao|thiêu|thiểu|tra|vẹo
挒	U+6312	trét
挓	U+6313	tha|trát
挕	U+6315	nhẹ
挖	U+6316	oát|oạt|ấp
挗	U+6317	dí
挙	U+6319	cử
挚	U+631A	chí
挛	U+631B	loan|luyên|luyến
挜	U+631C	á
挝	U+631D	qua
挞	U+631E	thát
挟	U+631F	cáp|hiệp|tiệp
挠	U+6320	nạo
挡	U+6321	đáng|đảng
挢	U+6322	kiều|kiểu|kiệu
挣	U+6323	tranh|tránh
挤	U+6324	trí|tê|tễ
挥	U+6325	huy
挦	U+6326	triêm|trâm|tầm
挨	U+6328	ai|nhai|tróc|ải
挩	U+6329	thoát|thuế
挪	U+632A	na|ná
挫	U+632B	doạ|tọa|tỏa
挬	U+632C	vọt
挭	U+632D	gánh|thiến
振	U+632F	chân|chấn|chẩn
挰	U+6330	dềnh
挱	U+6331	ky|sa|ta
挲	U+6332	sa|ta
挴	U+6334	la|mói|mỗi
挵	U+6335	lỏng|lộng|phan
挶	U+6336	cúc|cư|cục
挷	U+6337	văng
挸	U+6338	kén
挹	U+6339	úp|ấp
挺	U+633A	đình|đĩnh
挼	U+633C	nhoa|noa|nôi|nỗi|thiến
挽	U+633D	vãn
挾	U+633E	cáp|hiếp|hiệp|tiệp|xáp
挿	U+633F	sáp|tháp|thọc
捁	U+6341	giảo|kéo
捂	U+6342	ngỗ|ngộ|ô|ủ
捃	U+6343	khuân|quân|quấn|quận
捄	U+6344	cầu|cứu
捅	U+6345	thòng|thống|thổng
捆	U+6346	hồn|khổn
捇	U+6347	xách
捈	U+6348	giơ|đồ
捉	U+6349	tróc
捊	U+634A	bào|phu
捋	U+634B	dương|liệt|loát
捌	U+634C	bát|bịt|dương
捍	U+634D	cản|hãn|tốc
捎	U+634E	sao|siếu|sảo|tiêu
捏	U+634F	niết|nát
捐	U+6350	quen|quyên|quên
捑	U+6351	khương
捓	U+6353	da|gia
捔	U+6354	giác|trác
捕	U+6355	bõ|bổ|bộ
捖	U+6356	hoàn
捗	U+6357	duệ|lê
捘	U+6358	thoa|thoan|tuấn
捛	U+635B	trã
捜	U+635C	sưu|sảo|tiêu
捝	U+635D	thoát|thuế
捞	U+635E	lao|liệu
损	U+635F	tu|tổn
捠	U+6360	banh
捡	U+6361	kiểm|liệm
换	U+6362	hoán
捣	U+6363	đảo
捤	U+6364	tường|vãi
捥	U+6365	oản|uyên|uốn
捦	U+6366	cầm
捧	U+6367	bồng|bổng|phụng|phủng
捨	U+6368	xá|xả
捩	U+6369	liệt|lệ
捫	U+636B	mân|môn
捬	U+636C	phụ|phủ
捭	U+636D	bài|bác|bách|bãi
据	U+636E	cư|cứ
捯	U+636F	đảo
捱	U+6371	ai|ngai|nhai|nhay
捲	U+6372	cuốn|quyền|quyển
捴	U+6374	tổng
捵	U+6375	nhiên|điến|điền
捶	U+6376	chùy|chúy|chủy
捷	U+6377	thiệp|tiệp
捺	U+637A	nài|nại
捻	U+637B	nhiên|niêm|niếp|niển|niễn|niệm|niệp|nạm|nẫm
捼	U+637C	nhoa|noa|nôi
捽	U+637D	dương|lót|tốt
捾	U+637E	oát
掀	U+6380	hiên|hân
掁	U+6381	trành
掂	U+6382	giếm|điêm|điếm|điểm
掃	U+6383	táo|tảo
掄	U+6384	luân
掆	U+6386	cang|cương|giang
掇	U+6387	suốt|xuyết
授	U+6388	thọ|thụ
掉	U+6389	trao|trạo|điệu
掊	U+638A	bôi|bẫu|bồi|phó|phầu|phẩu|phẫu|ồn
掌	U+638C	chưởng
掍	U+638D	cổn
掎	U+638E	ky|kỷ|ỷ
掏	U+638F	thao|đào
掐	U+6390	cáp|kháp
掑	U+6391	cài
排	U+6392	bài
掔	U+6394	khan|kiên
掖	U+6396	dịch
掗	U+6397	nhã|á
掘	U+6398	quật
掙	U+6399	tranh|tránh|trênh
掛	U+639B	quải|quẩy
掜	U+639C	nghiệt|nghễ
掝	U+639D	hoặc
掞	U+639E	diễm|diệm|thiểm|đổng
掟	U+639F	canh
掠	U+63A0	kinh|lướt|lược
採	U+63A1	thái|thải
探	U+63A2	tham|thám
掣	U+63A3	sế|xiết|xế
掤	U+63A4	băng
接	U+63A5	tiếp
掦	U+63A6	thích
控	U+63A7	khoang|không|khống
推	U+63A8	suy|thôi|tồi
掩	U+63A9	yểm|ém
措	U+63AA	thố|trách
掫	U+63AB	chu|tâu|tưu
掬	U+63AC	cúc
掭	U+63AD	thiệm
掮	U+63AE	khiêng|kiên
掯	U+63AF	khắng|khẳng
掰	U+63B0	bai|bài|bãi|phách
掱	U+63B1	thủ
掲	U+63B2	yết
掳	U+63B3	lỗ
掴	U+63B4	quách|quắc|quặc|quốc
掷	U+63B7	trịch
掸	U+63B8	đàn|đãn|đạn
掺	U+63BA	sam|sàm|sâm|sảm|tham|thám
掻	U+63BB	tao
掼	U+63BC	quán
掽	U+63BD	bánh
掾	U+63BE	duyện
掿	U+63BF	nhắc
揀	U+63C0	gióng|giản|luyến|luyện
揁	U+63C1	hy|rinh
揂	U+63C2	dùa
揃	U+63C3	tiên|tiễn
揄	U+63C4	du
揅	U+63C5	nghiên
揆	U+63C6	quẫy|quỹ
揉	U+63C9	nhu|nhụ
揌	U+63CC	tai
揍	U+63CD	thấu|tấu
揎	U+63CE	tuyên
描	U+63CF	miêu
提	U+63D0	thì|đề|để
揑	U+63D1	nghễ|niết|nát
插	U+63D2	chắp|quải|sáp|tháp|tráp
揔	U+63D4	tổng
揕	U+63D5	chạm|chấm|trấm
揖	U+63D6	tập|ấp|ập
揗	U+63D7	thuẫn|tuần
揘	U+63D8	hoành|niết
揙	U+63D9	biến
揚	U+63DA	dương
換	U+63DB	hoán
揜	U+63DC	yểm
揝	U+63DD	toản|tản
揞	U+63DE	yêm|ẵm
揠	U+63E0	loát|yết|yển|át
握	U+63E1	ác|ốc
揢	U+63E2	khách
揣	U+63E3	chùy|ma|soại|sủy|tuy|đoàn
揥	U+63E5	thế|đế
揦	U+63E6	lạp|lạt
揨	U+63E8	đình
揩	U+63E9	giai|khai
揪	U+63EA	thu|tưu
揫	U+63EB	thu|tưu
揬	U+63EC	dụt|thiên|đột
揭	U+63ED	khế|yết
揮	U+63EE	huy
揰	U+63F0	xung
揱	U+63F1	sóc
揲	U+63F2	diệp|thiệt|xà|điệp
揳	U+63F3	khế|kiết|tiết
援	U+63F4	viên|viện
揵	U+63F5	kiền
揶	U+63F6	da|gia
揷	U+63F7	sáp|tháp|tráp
揸	U+63F8	tra
揹	U+63F9	bối|bội
揺	U+63FA	dao|diêu|đao
揽	U+63FD	lãm
揾	U+63FE	uấn|ùn
揿	U+63FF	khấm
搀	U+6400	sam
搁	U+6401	các
搂	U+6402	lâu
搃	U+6403	tông|tổng
搅	U+6405	giảo
搆	U+6406	câu|cấu
搇	U+6407	cấm|khấm
搈	U+6408	dong
搉	U+6409	giác|xác
搊	U+640A	so|sâu|sí|sưu|xu|xâu
搋	U+640B	sai|sỉ|trỉ
搌	U+640C	triển
損	U+640D	tốn|tổn
搎	U+640E	dun|tôn
搏	U+640F	bác|chuyên|vác|đoàn
搐	U+6410	phóc|súc
搒	U+6412	bang|bàng|bành|bãng|bảng
搓	U+6413	sai|ta|tha
搔	U+6414	tao|trao|trảo
搕	U+6415	hạp|khạp|ngạ|áp
搖	U+6416	dao|diêu|gieo
搗	U+6417	đảo|đẽo
搘	U+6418	chi
搚	U+641A	hiếp|kiêm|lạp
搛	U+641B	gom|kiêm
搜	U+641C	sưu|sảo|thúy|tiêu
搝	U+641D	xỏ
搞	U+641E	cào|cảo|khao|xao
搠	U+6420	sóc
搡	U+6421	táng|tảng
搢	U+6422	tấn
搣	U+6423	diệt
搤	U+6424	ách
搥	U+6425	chuy|chùy|trùy|đôi
搦	U+6426	nhược|nạch|nạch. nhược|nặc|nọa
搧	U+6427	phiến|thiên
搨	U+6428	tháp
搩	U+6429	trách
搪	U+642A	đường
搫	U+642B	bà|bàn
搬	U+642C	ban|bàn|bưng
搭	U+642D	tháp|đáp|đắp
搮	U+642E	lắt|phiếu
搯	U+642F	thao|đào
搰	U+6430	cô|cốt|hột|mân
搲	U+6432	oa
搳	U+6433	hoa|hạt
搴	U+6434	chương|khiên
搵	U+6435	uấn|vấn|ốn
搶	U+6436	sang|sanh|thương|thướng|thưởng|thảng
搷	U+6437	chẩn|điền
搹	U+6439	ách
携	U+643A	huề
搽	U+643D	chà|trà
搾	U+643E	trá|trách
搿	U+643F	cách
摀	U+6440	ô
摁	U+6441	ân
摂	U+6442	nhiếp
摃	U+6443	giang
摄	U+6444	nhiếp
摅	U+6445	sư
摆	U+6446	bi|bài|bãi
摇	U+6447	dao|diêu
摈	U+6448	bấn|thấn|tấn
摊	U+644A	than
摋	U+644B	sát|tát
摍	U+644D	quắc|súc|túc
摎	U+644E	cưu|lưu
摏	U+644F	thung
摐	U+6450	song
摑	U+6451	quách|quắc|quặc|quốc
摒	U+6452	bình|bính|tính
摓	U+6453	bồng|phùng
摔	U+6454	suất
摕	U+6455	đế
摘	U+6458	trích
摙	U+6459	liên|liễn|lèn
摚	U+645A	đường
摛	U+645B	si|xi
摜	U+645C	quán
摝	U+645D	loa|lộc
摞	U+645E	loa
摟	U+645F	lâu|lùa
摠	U+6460	tông|tổng
摢	U+6462	hồ|hộ|sư|xư
摣	U+6463	tra
摦	U+6466	hoa
摧	U+6467	thôi|tỏa|tồi|tủy
摩	U+6469	ma|soái|sủy
摪	U+646A	rướn
摫	U+646B	quy
摭	U+646D	chích|diễn|thứ|trích
摮	U+646E	ngao
摯	U+646F	chí|nghiệt|xiết
摰	U+6470	chí|nghiệt
摱	U+6471	mần
摲	U+6472	sảm
摳	U+6473	khu|khua
摴	U+6474	sư|xư
摵	U+6475	sách|súc
摶	U+6476	chuyên|đoàn
摷	U+6477	sào|tiễu
摸	U+6478	mò|mô|mạc
摹	U+6479	mò|mô|mộ
摺	U+647A	chiếp|chiết|dập|lạp|triếp|triệp|tập
摻	U+647B	cổn|sam|sàm|sâm|sảm|tham|thám
摼	U+647C	ken|khanh|khiên
摽	U+647D	phiêu|phiếu|tiêu|tiếu
撂	U+6482	lược
撃	U+6483	kích
撄	U+6484	anh|oanh
撅	U+6485	quyết|quyệt|quét|quệ
撆	U+6486	biết
撇	U+6487	biết|phiết|phiệt|tệ
撈	U+6488	lao|lau|liệu
撉	U+6489	đôn
撊	U+648A	giản
撋	U+648B	hàn|nhuyên
撌	U+648C	quấy|quỹ
撎	U+648E	nhắt
撏	U+648F	cách|triêm|trâm|tầm
撐	U+6490	sanh|xanh
撑	U+6491	sanh|xanh|xênh
撒	U+6492	tán|táp|tát|tản
撓	U+6493	nhiễu|nhéo|náo|nạo
撔	U+6494	ngảnh
撕	U+6495	ty|tê|tề|tỵ
撖	U+6496	hàn
撘	U+6498	tháp|đáp
撙	U+6499	tôn|tổn|tỗn
撚	U+649A	nhiên|niên|niến|niết|niển|niễn|niệm|niệp
撜	U+649C	chửng|trành|đặng
撝	U+649D	huy|vày
撞	U+649E	chàng|tràng
撟	U+649F	kiều|kiểu|kiệu|kéo
撠	U+64A0	kích
撡	U+64A1	thao
撢	U+64A2	cao|thám|đàm|đùm|đạn
撣	U+64A3	đàn|đãn|đạn|đản
撤	U+64A4	triệt
撥	U+64A5	bát|phạt
撦	U+64A6	xả
撧	U+64A7	quyết|tuyệt
撩	U+64A9	liêu|liệu|lêu
撫	U+64AB	mô|phủ|vỗ
撬	U+64AC	khiêu|khiếu
播	U+64AD	bá|bả|vá
撮	U+64AE	toát
撰	U+64B0	chuyển|soạn|toán|tuyển
撱	U+64B1	khảo|tùy
撲	U+64B2	bạc|bộc|phác|phốc|vục
撳	U+64B3	khâm|khấm|lão
撴	U+64B4	đun|đôn
撵	U+64B5	niện
撷	U+64B7	hiệt
撸	U+64B8	thoán
撺	U+64BA	soán|thoán
撻	U+64BB	thát
撼	U+64BC	hám
撽	U+64BD	khiếu
撾	U+64BE	oa|qua
撿	U+64BF	kiêm|kiểm|kỳ|liễm
擀	U+64C0	cán
擁	U+64C1	ung|ủng
擂	U+64C2	lôi|lụy
擃	U+64C3	chấn|nống
擄	U+64C4	lỗ|mạo
擅	U+64C5	chen|thiện
擇	U+64C7	trạch
擉	U+64C9	thọc|thục|trạc
擊	U+64CA	kích
擋	U+64CB	đang|đáng|đảng
操	U+64CD	thao|tháo
擎	U+64CE	kình
擏	U+64CF	cảnh|kình
擐	U+64D0	hoàn|hoán|hoạn|nhi|sần
擒	U+64D2	cầm
擓	U+64D3	khối
擔	U+64D4	đam|đảm
擕	U+64D5	huề
擖	U+64D6	ca|khát
擗	U+64D7	bích|bịch|phích|tích|tịch
擘	U+64D8	bài|bích|bịch|phách
據	U+64DA	cư|cớ|cứ
擛	U+64DB	dẹp
擞	U+64DE	tẩu
擠	U+64E0	tê|tễ|tệ
擡	U+64E1	sĩ|đài
擢	U+64E2	trạc
擣	U+64E3	đảo
擤	U+64E4	hanh|tỉnh
擥	U+64E5	lãm
擦	U+64E6	sát|xát
擧	U+64E7	cử
擨	U+64E8	cử|trấm|tỷ
擩	U+64E9	nhuyên|nhũ|nhụ
擪	U+64EA	áp
擫	U+64EB	áp
擬	U+64EC	nghĩ
擭	U+64ED	hoạch|hoắc|hộ|oách
擯	U+64EF	bấn|thấn|tấn
擰	U+64F0	ninh|nịnh
擱	U+64F1	các|cách|gác
擲	U+64F2	trịch
擴	U+64F4	khoách|khoáng|khoắc|khuếch|khách|quẳng
擷	U+64F7	hiệt
擸	U+64F8	liệp|lạp|tạp|xợp
擺	U+64FA	bài|bãi|bẫy
擻	U+64FB	tẩu
擼	U+64FC	lỗ|trỏ
擽	U+64FD	lịch
擾	U+64FE	nhiễu
擿	U+64FF	thích|trích|trịch
攀	U+6500	chúng|phan|phàn
攂	U+6502	lôi|lụy
攃	U+6503	sát|thát
攄	U+6504	lư|lựa|sư|thu
攅	U+6505	toàn
攆	U+6506	liễn|niện
攇	U+6507	hiến
攈	U+6508	quấn
攉	U+6509	hoắc
攌	U+650C	hoàn
攍	U+650D	doanh
攎	U+650E	sư
攏	U+650F	long|lung|lũng
攐	U+6510	khiên|vân
攑	U+6511	gỡ
攒	U+6512	toàn|toản
攓	U+6513	khiên|kiển
攔	U+6514	dan|lan|lạn
攕	U+6515	tiêm
攖	U+6516	anh|oanh
攗	U+6517	quấn
攘	U+6518	nhương|nhương. nhưỡng|nhường|nhưỡng|nhượng
攙	U+6519	sam|sàm|sọm
攛	U+651B	soán|thoan|thoán
攜	U+651C	huề
攝	U+651D	nhiếp|nhép
攞	U+651E	la|lõa|rà
攟	U+651F	quấn|quần
攡	U+6521	ly
攢	U+6522	toàn|toản
攣	U+6523	loan|luyên|luyến
攤	U+6524	nặn|than
攥	U+6525	toán|toản|tát
攦	U+6526	lệ
攧	U+6527	điên
攩	U+6529	đảng
攪	U+652A	cảo|giác|giảo
攫	U+652B	quắc|quặc
攬	U+652C	lãm
攭	U+652D	lệ
攮	U+652E	nãng|năng|nện
支	U+652F	chi
攲	U+6532	khi
攳	U+6533	tầm
攴	U+6534	ngạt|phác|phốc|phộc
攵	U+6535	phác|phốc|phộc|truy
收	U+6536	củng|thu|thâu|thú
攷	U+6537	khảo
攸	U+6538	du
改	U+6539	cải
攺	U+653A	cải
攻	U+653B	công
攽	U+653D	ban
放	U+653E	phóng|phương|phỏng
政	U+653F	chinh|chánh|chính
敁	U+6541	văn|điêm
敂	U+6542	khấu
故	U+6545	cố
效	U+6548	hiệu
敉	U+6549	mê|mị|địch
敌	U+654C	văn|địch
敍	U+654D	tự
敎	U+654E	giao|giáo
敏	U+654F	mẫn
敐	U+6550	đam
救	U+6551	cứu
敓	U+6553	thoát|tế|đoạt
敔	U+6554	ngữ
敕	U+6555	sắc
敖	U+6556	ngao|ngào|ngạo
敗	U+6557	bại
敘	U+6558	tự
教	U+6559	giao|giáo
敚	U+655A	thoát
敛	U+655B	liễm|liệm
敜	U+655C	niếp
敝	U+655D	biết|sưởng|tệ
敞	U+655E	sưởng|tệ|xưởng
敠	U+6560	uyết|xuyết
敢	U+6562	cám|cảm|thính
散	U+6563	tán|tản
敤	U+6564	khỏa
敦	U+6566	tụ|điêu|đoàn|đôi|đôn|đạo|đối|đồn|độn
敨	U+6568	thầu
敩	U+6569	hiệu
敪	U+656A	uyết|xuyết
敫	U+656B	kiểu
敬	U+656C	kính
敭	U+656D	dương
数	U+6570	sác|số|sổ|xúc
敱	U+6571	liên|ngai
敲	U+6572	khao|kháo|ly|sao|xao
敳	U+6573	ngai
整	U+6574	chỉnh
敵	U+6575	địch
敶	U+6576	trần
敷	U+6577	phu
數	U+6578	sác|số|sổ|xúc
敹	U+6579	liêu
敺	U+657A	khu|ẩu
敻	U+657B	huyến|huýnh|quýnh|quỳnh
敽	U+657D	kiều|kiểu
敿	U+657F	kiều|kiểu
斁	U+6581	dịch|đố
斂	U+6582	liễm|liệm
斃	U+6583	tễ|tệ
斄	U+6584	ly
斅	U+6585	hiệu
斆	U+6586	hiệu
文	U+6587	văn|vấn
斈	U+6588	học
斉	U+6589	tế|tề
斊	U+658A	tế
斋	U+658B	trai
斌	U+658C	bân
斍	U+658D	giác|giáo
斎	U+658E	trai
斐	U+6590	phi|phỉ
斑	U+6591	ban
斒	U+6592	ban
斓	U+6593	lan
斔	U+6594	dữu
斕	U+6595	lan
斗	U+6597	đấu|đẩu|ẩu
料	U+6599	liêu|liệu
斛	U+659B	hộc
斜	U+659C	dã|gia|trạ|tà
斝	U+659D	giả
斞	U+659E	dữu
斟	U+659F	châm|thông
斠	U+65A0	các|dác|giác
斡	U+65A1	oát|quản|trích
斢	U+65A2	các|dác
斤	U+65A4	cân|cấn
斥	U+65A5	xích|xịch
斧	U+65A7	búa|phủ
斨	U+65A8	thương
斩	U+65A9	trảm
斪	U+65AA	cù
斫	U+65AB	chước
斬	U+65AC	trảm
断	U+65AD	đoán|đoạn
斮	U+65AE	trác|trước
斯	U+65AF	tư
新	U+65B0	tân
斲	U+65B2	trác
斳	U+65B3	cần|trác
斵	U+65B5	thác|trác
斶	U+65B6	xúc
斷	U+65B7	đoán|đoạn
斸	U+65B8	chúc|trục
方	U+65B9	bàng|phương
斻	U+65BB	hàng
於	U+65BC	hu|vu|ô|ư
施	U+65BD	di|dị|thi|thí|thỉ
斾	U+65BE	bái
斿	U+65BF	du|lưu
旁	U+65C1	banh|bàng|bạng|phang
旂	U+65C2	kì|kỳ
旃	U+65C3	chiên
旄	U+65C4	mao|mạo
旅	U+65C5	lữ
旆	U+65C6	bái|phế
旇	U+65C7	mĩ|phi
旉	U+65C9	chu|phu
旊	U+65CA	phưởng|toàn
旋	U+65CB	toàn|triền|truyền|tuyền
旌	U+65CC	tinh
旍	U+65CD	tinh
旎	U+65CE	ni|nỉ|nị
族	U+65CF	tấu|tộc
旐	U+65D0	triệu
旒	U+65D2	lưu
旓	U+65D3	sao
旖	U+65D6	y|ỷ
旗	U+65D7	cờ|kỳ|tinh|tuyền
旚	U+65DA	sao
旛	U+65DB	phan|phiên|phướn
旜	U+65DC	chiên
旝	U+65DD	cốc|quái
旞	U+65DE	toại
旟	U+65DF	dư
无	U+65E0	mô|vô
旡	U+65E1	ký|vô
既	U+65E2	ký
旣	U+65E3	ký
旤	U+65E4	họa
日	U+65E5	a|nhật|nhựt
旦	U+65E6	đán
旧	U+65E7	cựu
旨	U+65E8	chỉ
早	U+65E9	tảo
旪	U+65EA	hiệp
旬	U+65EC	quyên|quân|tuần
旭	U+65ED	hóc|húc|hức
旮	U+65EE	ca|húc
旯	U+65EF	húc|lạp
旰	U+65F0	càn|cán|hãn
旱	U+65F1	hạn
旲	U+65F2	ánh
旳	U+65F3	đích
旴	U+65F4	hu|hù|thì|thời
旵	U+65F5	sam|sảm
时	U+65F6	thì|thời
旷	U+65F7	khoáng
旸	U+65F8	dương
旹	U+65F9	thì|thời
旺	U+65FA	vượng
旻	U+65FB	mân
旼	U+65FC	diên|mân
旽	U+65FD	truân|xuân|đôn
旾	U+65FE	xuân
昀	U+6600	duân|quân|vân
昂	U+6602	ngang
昃	U+6603	trắc
昄	U+6604	bản|bối
昅	U+6605	tác
昆	U+6606	con|côn
昇	U+6607	thăng
昈	U+6608	hộ
昉	U+6609	phưởng|phảng|quyên
昊	U+660A	hiêu|hiệu|hạo
昋	U+660B	huệ
昌	U+660C	xương
明	U+660E	minh
昏	U+660F	hôn|mẫn
昐	U+6610	phân|yêu
昑	U+6611	thương
昒	U+6612	hốt
易	U+6613	dị|dịch
昔	U+6614	thác|thố|tích
昕	U+6615	cân|hân
昙	U+6619	đàm
昚	U+661A	thận
昛	U+661B	cữ
昜	U+661C	dương|dị|dịch
昝	U+661D	quỹ|tảm
昞	U+661E	bính|bỉnh
星	U+661F	tinh|triệu
映	U+6620	thư|ánh
昡	U+6621	huyền|huyễn
昢	U+6622	phốt
昤	U+6624	linh
春	U+6625	triệu|xuân
昦	U+6626	triệu
昧	U+6627	muội|mạt
昨	U+6628	dị|tạc|tứ|đoạn
昪	U+662A	biện
昫	U+662B	hu|hú
昬	U+662C	hôn
昭	U+662D	chiêu|thiều|thiệu
是	U+662F	thị
昰	U+6630	thị
昱	U+6631	dục
昲	U+6632	phí
昳	U+6633	dật|điệt
昴	U+6634	mão|ngang
昵	U+6635	chức|nật|nặc|nễ
昶	U+6636	sưởng|tưởng|xưởng
昷	U+6637	ôn
昸	U+6638	đông
昺	U+663A	bính|bỉnh|phì
昻	U+663B	manh
昼	U+663C	trú
昽	U+663D	lung|lông
显	U+663E	hiển
昿	U+663F	khoáng
晁	U+6641	triều|trào
時	U+6642	thì|thời
晃	U+6643	hoáng|hoảng|quáng|tư
晄	U+6644	hoáng|hoảng|hung
晅	U+6645	huyên|huyển
晈	U+6648	hiểu
晉	U+6649	tấn
晋	U+664B	tấn
晌	U+664C	hướng|hưởng|thưởng
晍	U+664D	dận
晏	U+664F	yến|án
晑	U+6651	hưởng
晒	U+6652	sái
晓	U+6653	hiểu
晔	U+6654	diệp|huy
晕	U+6655	vận|vựng
晖	U+6656	huy
晗	U+6657	hàm
晘	U+6658	chi
晚	U+665A	vãn
晛	U+665B	hiện
晜	U+665C	côn
晝	U+665D	chú|trú
晞	U+665E	hi|hung|hy|hý
晟	U+665F	thạnh|thịnh
晠	U+6660	chi|thạnh
晡	U+6661	bô
晢	U+6662	triết
晣	U+6663	triết
晤	U+6664	cữ|ngộ
晦	U+6666	hối|hổi
晧	U+6667	hạo
晨	U+6668	thần
晩	U+6669	hào|vãn
晫	U+666B	chinh|trác
晬	U+666C	tối
普	U+666E	phổ
景	U+666F	cảnh|ảnh
晰	U+6670	tích
晱	U+6671	thiểm
晲	U+6672	nghễ|ngải
晳	U+6673	chẩn|chế|triết|tích
晴	U+6674	tình|tạnh
晶	U+6676	tinh
晷	U+6677	quỹ
智	U+667A	trí
晻	U+667B	yểm|ám|ảm
晼	U+667C	oản
晽	U+667D	lâm
晾	U+667E	cảnh|lượng
暀	U+6680	vãng|vương|vưởng
暁	U+6681	hiểu
暂	U+6682	tạm
暃	U+6683	bái|phế
暄	U+6684	huyên
暆	U+6686	dĩ
暇	U+6687	giả|hà|hạ
暈	U+6688	huân|quân|vận|vừng|vựng
暉	U+6689	huy
暊	U+668A	thời
暋	U+668B	mân|mẫn
暌	U+668C	khuê|kiên
暍	U+668D	hát|hạt|yết
暎	U+668E	ánh
暐	U+6690	vĩ
暑	U+6691	kiên|thư|thử
暒	U+6692	thử|tình
暔	U+6694	nam
暕	U+6695	giản
暖	U+6696	huyên|noãn
暗	U+6697	am|ám|âm|ảm
暘	U+6698	dương
暙	U+6699	xuân
暝	U+669D	minh|mính|mịnh
暠	U+66A0	cảo|hạo
暡	U+66A1	ống|ổng
暢	U+66A2	mạc|sướng|xướng
暤	U+66A4	hạo
暦	U+66A6	lịch
暧	U+66A7	ái
暨	U+66A8	kí|ký|kị|kỵ
暩	U+66A9	canh
暫	U+66AB	tạm
暬	U+66AC	hạo|tiết
暭	U+66AD	hạo
暮	U+66AE	mộ
暯	U+66AF	dận|mạc
暰	U+66B0	hiếp
暱	U+66B1	nật
暲	U+66B2	chương
暳	U+66B3	huệ
暴	U+66B4	bác|bão|bạo|bộc
暵	U+66B5	hán
暸	U+66B8	liêu|liệu
暹	U+66B9	tiêm|xiêm
暾	U+66BE	hung|thôn|đôn|đồn
暿	U+66BF	hy
曀	U+66C0	ê|ý|ế
曁	U+66C1	kỵ
曃	U+66C3	đãi|đại
曄	U+66C4	diệp|việp
曅	U+66C5	diệp
曆	U+66C6	lịch
曇	U+66C7	đàm
曈	U+66C8	thông|đồng
曉	U+66C9	hiểu|hẻo
曌	U+66CC	chiếu
曏	U+66CF	hướng|hưởng|thưởng
曐	U+66D0	tinh
曒	U+66D2	thôn
曕	U+66D5	cước
曖	U+66D6	ái|áy
曙	U+66D9	thử|thự
曚	U+66DA	mông|mồng
曛	U+66DB	huân
曜	U+66DC	diệu
曝	U+66DD	bộc
曞	U+66DE	cốc
曟	U+66DF	thần
曠	U+66E0	khoáng|khoảng
曡	U+66E1	điệp
曢	U+66E2	quắc
曣	U+66E3	yến
曥	U+66E5	lư|trưa
曦	U+66E6	hi|hy
曧	U+66E7	dung
曨	U+66E8	lung|lông
曩	U+66E9	nán|nãng|nẵng
曪	U+66EA	la
曫	U+66EB	dận|loan
曬	U+66EC	dận|sái
曭	U+66ED	huân|thảng|đảng
曮	U+66EE	nghiễm
曯	U+66EF	chúc
曰	U+66F0	a|viết
曲	U+66F2	khúc
曳	U+66F3	duệ|dấy
更	U+66F4	canh|cánh|xâu
曵	U+66F5	duệ
曶	U+66F6	cước|hốt
曷	U+66F7	hạt|át
書	U+66F8	thư
曹	U+66F9	tào
曺	U+66FA	tào
曻	U+66FB	thăng
曼	U+66FC	man|mạn
曽	U+66FD	tăng|tằng
曾	U+66FE	tăng|tầng|tằng
替	U+66FF	thế
最	U+6700	tối
朁	U+6701	thảm
朂	U+6702	hào|húc
會	U+6703	cối|hội
朄	U+6704	dẫn
朅	U+6705	khiết|kiệt
朆	U+6706	phân
朇	U+6707	bì|ty|tỳ
月	U+6708	ngoạt|nguyệt
有	U+6709	dựu|hữu|hựu
朊	U+670A	nhuyễn
朋	U+670B	băng|bằng|đà
朌	U+670C	phần
服	U+670D	phục
朏	U+670F	khốt|phỉ|xoét|đốt
朐	U+6710	cù|nục
朒	U+6712	nục
朓	U+6713	diểu|thiêu|thiếu|thiểm|thiểu
朔	U+6714	sóc
朕	U+6715	ky|trẫm
朖	U+6716	lãng
朗	U+6717	lãng
朘	U+6718	tuyên
朙	U+6719	hào|minh
朚	U+671A	hào
望	U+671B	vọng
朝	U+671D	triêu|triều|trào
朞	U+671E	ki|ky|kỳ
期	U+671F	cơ|ky|kì|kỳ
朠	U+6720	anh
朡	U+6721	tông
朢	U+6722	vọng
朣	U+6723	đồng
朤	U+6724	lãng
朦	U+6726	mông
朧	U+6727	long|lung|lông
木	U+6728	mộc
朩	U+6729	mộc|đẳng
未	U+672A	mùi|vị
末	U+672B	mạt
本	U+672C	bản|bổn|thao
札	U+672D	tráp|trát
朮	U+672E	thuật|toại|truật
术	U+672F	thuật|toại|truật
朱	U+6731	cho|chu|châu
朳	U+6733	bát
朴	U+6734	bốc|phiêu|phu|phác|phắc
朵	U+6735	đoá|đóa
朶	U+6736	đóa
朸	U+6738	lực
朹	U+6739	cưu|cửu|cựu
机	U+673A	cơ|ky|kỷ
朻	U+673B	khiếu
朽	U+673D	hủ
朾	U+673E	tranh
朿	U+673F	thích|thục|thứ
杀	U+6740	sái|sát|tát|ân|ẩn
杂	U+6742	tạp
权	U+6743	quyền
杄	U+6744	then
杅	U+6745	vu
杆	U+6746	can|cán|cơn|cản|hãn
杇	U+6747	hủ|ô
杈	U+6748	sá|thoa|xoa
杉	U+6749	am|chế|sam
杌	U+674C	ngột
李	U+674E	lí|lý
杏	U+674F	hạnh
材	U+6750	tài
村	U+6751	thôn
杓	U+6753	chước|thược|tiêu
杕	U+6755	nghi|đà|đại|đệ
杖	U+6756	tráng|trượng
杗	U+6757	mang
杘	U+6758	si|sí
杙	U+6759	dặc
杚	U+675A	cật
杜	U+675C	đỗ
杝	U+675D	di|kỷ|trĩ
杞	U+675E	kỷ
束	U+675F	thú|thúc|thút
杠	U+6760	cống|dang|giang|gông
条	U+6761	thiêu|điêu|điều
杣	U+6763	sơn
来	U+6765	lai|lãi
杧	U+6767	mang
杨	U+6768	dương
杩	U+6769	mạ|vị
杪	U+676A	bào|diếu|diểu|miểu
杫	U+676B	yêu
杬	U+676C	ngoạn|nguyên
杭	U+676D	bí|hàng
杮	U+676E	phế
杯	U+676F	bôi
杰	U+6770	kiệt|tiết
東	U+6771	cô|hốc|đông
杲	U+6772	cảo
杳	U+6773	chiểu|diểu|liểu|liễu|yển|yểu
杵	U+6775	chư|chử|ngỏ|tù|xử
杶	U+6776	chuân|chuẩn|suân|đòn
杷	U+6777	ba|bà|bá
杹	U+6779	hóa
杺	U+677A	tăm
杻	U+677B	nữu|sửu|xiềng
杼	U+677C	thư|thữ|thự|trì|trị|trứ|trữ
松	U+677E	tung|tông|tùng|tự
板	U+677F	bản|bổn|du|ván
极	U+6781	cấp|cập|cực|kiệp
构	U+6784	câu|cấu
枅	U+6785	bình|kê|phanh|vị
枇	U+6787	muội|mạt|tì|tỳ|tỷ
枉	U+6789	huống|uổng
枊	U+678A	ngang
枋	U+678B	bính|phương
枌	U+678C	phần
枎	U+678E	phù
枏	U+678F	nam
析	U+6790	tích|tứ
枑	U+6791	hộ
枒	U+6792	nha|nhạ
枓	U+6793	chủ|duyên|rẫu|đấu|đẩu
枕	U+6795	chấm|chẩm|chẳm|hà|trẩm
林	U+6797	hoằng|lâm
枘	U+6798	nhuế
枙	U+6799	ngoa
枚	U+679A	mai|ương
枛	U+679B	trảu
果	U+679C	quả|triêm
枝	U+679D	chi|kỳ
枞	U+679E	tung
枢	U+67A2	xu
枣	U+67A3	tảo
枥	U+67A5	lịch
枦	U+67A6	hoắc
枨	U+67A8	tranh|trành
枩	U+67A9	dận|tùng
枪	U+67AA	sang|sanh|thương
枫	U+67AB	phong
枬	U+67AC	nam
枭	U+67AD	kiêu
枮	U+67AE	sim
枯	U+67AF	khô
枰	U+67B0	bình|bính
枱	U+67B1	cử|di|đài
枲	U+67B2	di|tỉ|tỷ
枳	U+67B3	chỉ
枴	U+67B4	lánh|quải
枵	U+67B5	hiêu|hiều|hèo
架	U+67B6	giá
枷	U+67B7	da|gia|già|giá|tồ
枸	U+67B8	câu|cú|cẩu|củ|tang
枹	U+67B9	bao|bào|hộ|phu|phù
枺	U+67BA	mùi
枻	U+67BB	diệp|duệ|tiết
枼	U+67BC	diệp
枾	U+67BE	sĩ|thị
枿	U+67BF	nghiệt
柁	U+67C1	xà|đà|đả
柂	U+67C2	di|đà
柃	U+67C3	linh|rành
柄	U+67C4	bính
柅	U+67C5	ni|nê|sí
柆	U+67C6	cũi|sập|thù
柈	U+67C8	bàn|bán
柉	U+67C9	mướp
柊	U+67CA	chung|dông
柌	U+67CC	giáng
柍	U+67CD	anh|ương
柎	U+67CE	phu|phụ|phủ
柏	U+67CF	bá|bách
某	U+67D0	lưu|mỗ
柑	U+67D1	cam|kiềm|đàn
柒	U+67D2	thất
染	U+67D3	dương|nhiễm|nhuộm
柔	U+67D4	hồng|nhu
柘	U+67D8	chá|chạ|giá
柙	U+67D9	giáp|hiệp|hạp
柚	U+67DA	du|dâu|dứu|dữu|dựu|trục
柛	U+67DB	thân
柜	U+67DC	cự|quỹ
柝	U+67DD	thác|tiêu
柞	U+67DE	trách|tác|tạc
柟	U+67DF	nam
柠	U+67E0	ninh|nịnh
柢	U+67E2	thần|đế|để
柣	U+67E3	di|trật
柤	U+67E4	tra|tu
查	U+67E5	tra
柦	U+67E6	mô|mạc|tra
柧	U+67E7	cô
柨	U+67E8	sĩ|thị
柩	U+67E9	cữu
柪	U+67EA	ấu
柫	U+67EB	phất
柬	U+67EC	giản
柮	U+67EE	nột|đóa|đốt
柯	U+67EF	kha
柰	U+67F0	nại
柱	U+67F1	châu|trú|trụ
柲	U+67F2	biết|tất
柳	U+67F3	liễu
柴	U+67F4	si|sài|trại|tái|tí|tý|tứ
柵	U+67F5	san|sách|sạch
柶	U+67F6	tê|tứ
柷	U+67F7	chúc|hào
柹	U+67F9	sĩ|thị
査	U+67FB	tra
柼	U+67FC	hồi
柽	U+67FD	sanh
柾	U+67FE	cữu
柿	U+67FF	niêu|sĩ|thị
栀	U+6800	chi
栁	U+6801	liễu
栂	U+6802	mẫu
栄	U+6804	vinh
栅	U+6805	san|sách
标	U+6807	phiêu|tiêu
栈	U+6808	sạn|trăn|trản|xiễn
栉	U+6809	trất
栊	U+680A	long|lung|não
栋	U+680B	đống
栌	U+680C	lô
栍	U+680D	sanh
栎	U+680E	dược|lao|lịch
栏	U+680F	lan
栐	U+6810	vành
树	U+6811	thọ|thụ
栒	U+6812	khám
栓	U+6813	thoen|thuyên|xuyên
栔	U+6814	khế
栖	U+6816	thê|tây|tê
栗	U+6817	lật|niêu
栘	U+6818	di|đa
栚	U+681A	trẫm
栝	U+681D	quát|thiến|thiệm
栞	U+681E	khan|san
栟	U+681F	banh|bình|bôn|kiên|phanh
校	U+6821	giáo|hiệu|hào|đắng
栢	U+6822	bá|bách|bứa
栥	U+6825	thứ
栨	U+6828	thứ
栩	U+6829	hú|hủ|hứa
株	U+682A	chu|châu|chò
栫	U+682B	tiến
栭	U+682D	nhi
栯	U+682F	hữu
栰	U+6830	phạt
栱	U+6831	củng
栲	U+6832	khảo
栳	U+6833	khảo|lão
栴	U+6834	chiên
栵	U+6835	liệt|lệ
样	U+6837	dạng
核	U+6838	hạch|hạt|hồ
根	U+6839	căn
格	U+683C	các|cách
栽	U+683D	tai|tài|tải
栾	U+683E	loan
桀	U+6840	kiết|kiệt
桁	U+6841	hàng|hành|hãng
桂	U+6842	quế
桃	U+6843	đào
桄	U+6844	quang|quáng
桅	U+6845	nguy|ngôi
框	U+6846	khuôn|khuông
案	U+6848	an|duyên|án
桉	U+6849	an|án
桋	U+684B	di|đề
桌	U+684C	trác
桎	U+684E	chuối|chất|trất
桐	U+6850	thông|đồng
桑	U+6851	tang
桒	U+6852	tang
桓	U+6853	hoàn
桔	U+6854	cát|cữu|kiết|kết|quất
桕	U+6855	cữu
桚	U+685A	tạt
桜	U+685C	tý
桟	U+685F	sạn|trản
桠	U+6860	nha
桡	U+6861	kiêu|nhiêu|nạo
桢	U+6862	trinh
档	U+6863	đáng|đương
桤	U+6864	khi
桥	U+6865	cao|khiêu|kiếu|kiều|kiểu
桦	U+6866	hoa
桧	U+6867	cối
桨	U+6868	tương|tưởng
桩	U+6869	thung|trang
桫	U+686B	sa|toa
桬	U+686C	sa
桭	U+686D	tranh
桮	U+686E	bôi|bễ
桯	U+686F	doanh|thinh|trình
桰	U+6870	quát
桱	U+6871	kinh
桲	U+6872	bột|vụt
桴	U+6874	phu|phù|phất
桶	U+6876	dõng|dũng|thùng|thũng|đồng
桷	U+6877	dác|giác
桸	U+6878	hy
桹	U+6879	lang|lương
桺	U+687A	liễu
桻	U+687B	bốc
桼	U+687C	tất
桿	U+687F	can|cán|cản|hãn
梀	U+6880	tốc
梁	U+6881	lương
梂	U+6882	cầu
梃	U+6883	siên|đình|đĩnh
梅	U+6885	mai
梆	U+6886	bang|bương
梇	U+6887	róng
梉	U+6889	trang
梌	U+688C	dừa|đồ
梏	U+688F	cốc|gáo
梐	U+6890	bẹ|bệ
梒	U+6892	hòm
梓	U+6893	tử
梔	U+6894	chi
梖	U+6896	bái|bối|vối|ưng
梗	U+6897	cánh|cạnh|cảnh|ngạnh
梛	U+689B	nứa
條	U+689D	thiêu|điêu|điều
梞	U+689E	cậy
梟	U+689F	hiêu|kiêu
梠	U+68A0	lư|lữ|suả
梡	U+68A1	hoàn|khoản
梢	U+68A2	sao|tiêu
梣	U+68A3	rầm|sầm
梤	U+68A4	bàn
梦	U+68A6	mông|mộng
梧	U+68A7	ngô|ngộ
梨	U+68A8	lê
梩	U+68A9	lái|tỷ
梪	U+68AA	đậu
梫	U+68AB	xâm
梬	U+68AC	sến
梭	U+68AD	thoa|thoan|thoi|toa
梮	U+68AE	cọc|cục
梯	U+68AF	thê|đệ
械	U+68B0	giới
梱	U+68B1	hồn|khốn|khổn|ngôn
梲	U+68B2	chuyết|thoát
梳	U+68B3	sơ
梴	U+68B4	siên|thoải
梵	U+68B5	phạm|phạn
梶	U+68B6	vả
梹	U+68B9	biêng|tân
梺	U+68BA	lộc
梼	U+68BC	đào
梿	U+68BF	liên
检	U+68C0	kiểm
棁	U+68C1	chuyết|thoát
棂	U+68C2	linh|ranh
棃	U+68C3	lê
棄	U+68C4	khí
棆	U+68C6	suôn
棉	U+68C9	miên
棊	U+68CA	kỳ
棋	U+68CB	cời|ky|kí|ký|kỳ
棌	U+68CC	thái
棍	U+68CD	côn|hỗn|điềm
棐	U+68D0	phỉ
棑	U+68D1	bài|phỉ
棒	U+68D2	bảng|bổng|vổng
棓	U+68D3	bang|bạng|bội
棕	U+68D5	thung|tung|tuyên|tông
棖	U+68D6	tranh|trành|trường|ất
棗	U+68D7	táo|tảo
棘	U+68D8	cức|gấc|táo
棙	U+68D9	liệt
棚	U+68DA	bành|bằng
棜	U+68DC	di|ứ
棞	U+68DE	di
棟	U+68DF	nhắm|đống
棠	U+68E0	đưng|đường
棡	U+68E1	cương
棣	U+68E3	lệ|thế|đại|đệ
棦	U+68E6	ranh
棧	U+68E7	chăn|suông|sàn|sạn|trăn|trản|xiễn
棨	U+68E8	khải|khể
棫	U+68EB	vặc|vực
棬	U+68EC	khuyên|quyên|quyền|quyển
森	U+68EE	chùm|sâm
棯	U+68EF	nhẫm|nạm
棰	U+68F0	chùy|chủy|trùy
棱	U+68F1	lăng|săng
棲	U+68F2	thê|tê
棳	U+68F3	xuyết
棵	U+68F5	khỏa|quả
棷	U+68F7	trâu
棸	U+68F8	trâu
棹	U+68F9	chèo|trác|trạc|trạo|trảo|tự
棺	U+68FA	quan|quán
棻	U+68FB	phân
棼	U+68FC	phần|tự
棽	U+68FD	phần|sâm
棿	U+68FF	nghê
椀	U+6900	khứu|oản|uyển
椁	U+6901	quách
椄	U+6904	tiếp
椅	U+6905	kỷ|y|ỷ
椆	U+6906	chu|trù
椇	U+6907	củ|gụ
椈	U+6908	cúc
椉	U+6909	thặng|thừa
椊	U+690A	chốt
椌	U+690C	khoang|không
植	U+690D	thặc|thực|trĩ|trị
椎	U+690E	chuy|chòi|chùy|truy|trùy
椏	U+690F	nha|á
椐	U+6910	cư|cử
椑	U+6911	bì|bế|bề|tích
椒	U+6912	tiêu
椓	U+6913	trác|trát|trạc
椔	U+6914	chuy
椗	U+6917	đính|đĩnh
椘	U+6918	sở
椚	U+691A	mun
検	U+691C	kiểm
椝	U+691D	quy
椟	U+691F	độc
椠	U+6920	thiễm|tiệm|tạm
椤	U+6924	la
椥	U+6925	tre|tri
椪	U+692A	phi
椫	U+692B	đàn
椭	U+692D	thỏa|đọa
椰	U+6930	da|gia
椳	U+6933	chí|ôi|ổi
椴	U+6934	đoạn
椵	U+6935	chí|gia|giả
椶	U+6936	tông
椷	U+6937	giam|ham|hàm
椸	U+6938	di
椹	U+6939	châm|thầm|thậm|trí
椺	U+693A	trí
椼	U+693C	đài
椽	U+693D	chuyên|duyên|duyến|triện
椾	U+693E	tiên
椿	U+693F	thung|xuân
楀	U+6940	vũ
楂	U+6942	sa|tra
楃	U+6943	ác
楄	U+6944	biên|biền
楅	U+6945	bức|phúc
楇	U+6947	trăn
楉	U+6949	nhược
楊	U+694A	dương
楍	U+694D	bản
楎	U+694E	huy|hồn
楑	U+6951	cúc
楓	U+6953	phong
楔	U+6954	khiết|kiết|tiết
楕	U+6955	thỏa
楖	U+6956	chí|trất|tức
楗	U+6957	kiển|kiện|mộc
楘	U+6958	mộc
楙	U+6959	mậu
楚	U+695A	sở
楛	U+695B	gỗ|hô|hộ|khổ
楜	U+695C	hồ
楝	U+695D	luyện
楞	U+695E	lăng
楟	U+695F	đình
楠	U+6960	nam|nêm
楡	U+6961	du
楢	U+6962	do|du|giùa
楣	U+6963	me|mi
楥	U+6965	hoãn|huyên|tuyên
楦	U+6966	huyên|tuyên
楨	U+6968	trinh|trính
楩	U+6969	tiên|tiện
楪	U+696A	điệp
楫	U+696B	tiếp
楬	U+696C	kiệt|kệ
業	U+696D	nghiệp
楮	U+696E	chử|dó
楯	U+696F	thuẫn
楰	U+6970	du|sẩu
楱	U+6971	thấu|táu
楲	U+6972	uy
楳	U+6973	kì|kỳ|mõ
楴	U+6974	ghế
極	U+6975	cực
楶	U+6976	tiết
楷	U+6977	giai|khải
楸	U+6978	thu
楹	U+6979	doanh
楼	U+697C	lâu
楽	U+697D	lạc|nhạc
概	U+6982	khác|khái
榄	U+6984	lãm
榅	U+6985	uấn|ôn|ốt
榆	U+6986	du
榇	U+6987	quán|sấn|thấn
榈	U+6988	lư|lữ
榉	U+6989	cử
榎	U+698E	giá|giả
榑	U+6991	bác|phù
榓	U+6993	mật|âu|ẩu
榔	U+6994	chất|lang|tóm
榕	U+6995	dong|dung
榖	U+6996	cốc|kéo
榘	U+6998	củ
榚	U+699A	lộc
榛	U+699B	trân|trăn|tần
榜	U+699C	bàng|báng|bảng|xách
榠	U+69A0	minh
榡	U+69A1	tó|tố
榣	U+69A3	dao|diêu
榤	U+69A4	hử|kiệt
榥	U+69A5	hoảng
榦	U+69A6	cán|hàn
榧	U+69A7	phỉ
榨	U+69A8	trá
榩	U+69A9	kiền
榪	U+69AA	mạ
榫	U+69AB	chuẩn
榬	U+69AC	viên
榭	U+69AD	khiếu|tạ
榮	U+69AE	vinh
榯	U+69AF	thì
榰	U+69B0	chi
榱	U+69B1	suy|suôi|thôi
榲	U+69B2	uấn|ôn|ốt
榳	U+69B3	đoàn
榴	U+69B4	lưu|lựu
榵	U+69B5	bánh
榷	U+69B7	các|giác|thôi|xác
榹	U+69B9	ty
榻	U+69BB	tháp
榼	U+69BC	kháp|khạp|khải
榾	U+69BE	cốt|cột
榿	U+69BF	khi|khởi
槀	U+69C0	cao|cảo
槁	U+69C1	cau|cảo
槃	U+69C3	bàn|hàn
槅	U+69C5	cách|hạch
槇	U+69C7	chẩn|chỉ|thị|điên
槈	U+69C8	nậu|nọc
槉	U+69C9	tật
槊	U+69CA	giáo|sáo|sóc
構	U+69CB	cấu
槌	U+69CC	chùy|duì|đôi
槍	U+69CD	sang|sanh|thương
槎	U+69CE	sà|tra|xay
槐	U+69D0	hoè|hòe
槑	U+69D1	mai
槒	U+69D2	súc
槓	U+69D3	chỉ|cống|cổng|thị
槔	U+69D4	cao|cau|ác
槕	U+69D5	trác|trạc|trạo
槖	U+69D6	thác
様	U+69D8	dạng
槙	U+69D9	chẩn|điên
槚	U+69DA	giả
槛	U+69DB	hạm|lãm
槜	U+69DC	tuy
槞	U+69DE	trồng
槟	U+69DF	tân
槠	U+69E0	chư
槢	U+69E2	tập
槣	U+69E3	ghế
槤	U+69E4	liên
槥	U+69E5	huệ|tuệ|tệ
槧	U+69E7	chỉ|thiễm|thị|tiệm|tạm
槨	U+69E8	quách|quạch
槩	U+69E9	khái
槪	U+69EA	khái
槫	U+69EB	thuyên|đoàn
槭	U+69ED	húc|sắc|thích|túc
槮	U+69EE	sâm
槯	U+69EF	chuôi
槱	U+69F1	dửu|dữu
槲	U+69F2	hộc
槳	U+69F3	lạc|tương|tưởng
槵	U+69F5	hoạn
槶	U+69F6	guốc
槸	U+69F8	cao|nghệ|niết
槹	U+69F9	cao
槺	U+69FA	khang|lương
槻	U+69FB	quy
槼	U+69FC	quy
槽	U+69FD	tào|tàu
槾	U+69FE	man|mận
槿	U+69FF	cẩn|cận
樀	U+6A00	tảng|đích
樁	U+6A01	thung|trang
樂	U+6A02	lạc|nhạc|nhạo
樅	U+6A05	tung
樆	U+6A06	cầm|ly
樊	U+6A0A	phiền|phàn|phồn
樋	U+6A0B	thông
樏	U+6A0F	lũy|lụy
樐	U+6A10	lỗ
樑	U+6A11	lương|rường
樒	U+6A12	mật
樓	U+6A13	lâu|lầu
樔	U+6A14	sào|tiễu
樗	U+6A17	ban|bàn|bát|sư|tư|vụ|xú|xư
樘	U+6A18	sanh|đường
標	U+6A19	bêu|phiêu|tiêu
樚	U+6A1A	lộc
樛	U+6A1B	cù
樝	U+6A1D	tra
樞	U+6A1E	xu
樟	U+6A1F	chương
樠	U+6A20	man
模	U+6A21	mô
樣	U+6A23	dạng
樧	U+6A27	sát
樨	U+6A28	tê
権	U+6A29	quyền
横	U+6A2A	hoành|hoạnh|quáng
樯	U+6A2F	tường
樱	U+6A31	anh
樲	U+6A32	nhị
樳	U+6A33	giầm|đẽo
樴	U+6A34	chức|đồng
樵	U+6A35	tiều
樶	U+6A36	chuối
樷	U+6A37	tùng
樸	U+6A38	bốc|bộc|phác
樹	U+6A39	thọ|thụ
樺	U+6A3A	hoa
樻	U+6A3B	quỹ
樼	U+6A3C	trân
樽	U+6A3D	tôn
樾	U+6A3E	việt|vẹt
樿	U+6A3F	đàn
橁	U+6A41	xuân
橃	U+6A43	phạt
橄	U+6A44	cảm
橅	U+6A45	mô|vồ
橇	U+6A47	khiêu|tuyệt
橈	U+6A48	kiêu|nhiêu|nạo
橉	U+6A49	lân|săng
橊	U+6A4A	lưu|lựu
橋	U+6A4B	cao|khiêu|kiếu|kiều|kiểu|lương
橐	U+6A50	thác|tháo
橑	U+6A51	liêu
橕	U+6A55	sanh|xanh
橖	U+6A56	đường
橘	U+6A58	quất
橙	U+6A59	chanh|sập|tranh|đăng|đắng
橚	U+6A5A	thu|túc
橛	U+6A5B	cột|quyết|quật
橜	U+6A5C	quyết
橝	U+6A5D	tao
機	U+6A5F	cơ|ky
橠	U+6A60	bế
橡	U+6A61	tượng
橢	U+6A62	thỏa|tùy|đọa
橤	U+6A64	nhuỵ|nhị|nhụy
橥	U+6A65	trư
橦	U+6A66	sàng|tràng|đồng
橧	U+6A67	tăng|tằng
橪	U+6A6A	nhiễn
橫	U+6A6B	hoành|hoạnh|quáng
橬	U+6A6C	trắm
橯	U+6A6F	rào
橰	U+6A70	cao
橱	U+6A71	thụ|trù
橷	U+6A77	dâu
橹	U+6A79	lỗ
橺	U+6A7A	giàn
橼	U+6A7C	duyên
橽	U+6A7D	thớt
橾	U+6A7E	thao|táo
橿	U+6A7F	cương
檀	U+6A80	chiên|đàn
檁	U+6A81	day|lẩm|lẫm|ất
檂	U+6A82	nòng
檃	U+6A83	ẩn|ổn
檄	U+6A84	hịch
檅	U+6A85	biếu
檇	U+6A87	tuy|túy
檉	U+6A89	sanh
檊	U+6A8A	cán|gán
檋	U+6A8B	cúc
檍	U+6A8D	ức
檎	U+6A8E	cầm
檐	U+6A90	diêm|thiềm
檑	U+6A91	lôi|rui
檓	U+6A93	hủy
檔	U+6A94	đáng|đương
檖	U+6A96	toại|tùy
檗	U+6A97	bá|bách|phách
檘	U+6A98	bá|bách|nghiệt
檚	U+6A9A	sở
檛	U+6A9B	choa|qua
檜	U+6A9C	cối
檝	U+6A9D	tiếp
檞	U+6A9E	giải
檟	U+6A9F	giả
檠	U+6AA0	kình|kính|kềnh
檢	U+6AA2	ghém|kiềm|kiểm
檣	U+6AA3	tường
檤	U+6AA4	đạo
檥	U+6AA5	nghi|nghĩ|nghị|ỷ
檦	U+6AA6	biểu|lẫm
檩	U+6AA9	lẫm
檬	U+6AAC	muồng|mông|quạt
檮	U+6AAE	đào|đảo
檯	U+6AAF	di|thai|đài
檰	U+6AB0	miên
檳	U+6AB3	thung|tân
檴	U+6AB4	hoạch
檷	U+6AB7	nhĩ
檸	U+6AB8	ninh|nịnh
檺	U+6ABA	cào
檻	U+6ABB	hạm
檼	U+6ABC	ẩn
檽	U+6ABD	nâu
檾	U+6ABE	khoảnh
檿	U+6ABF	yểm
櫂	U+6AC2	trạc|trạo
櫃	U+6AC3	cũi|cự|quỹ
櫅	U+6AC5	tễ|ấm
櫆	U+6AC6	khôi
櫈	U+6AC8	đắng
櫉	U+6AC9	chù|trù
櫊	U+6ACA	gác|hàn
櫋	U+6ACB	miên
櫌	U+6ACC	ưu
櫍	U+6ACD	chất
櫎	U+6ACE	hoảng
櫐	U+6AD0	lũy
櫑	U+6AD1	lôi|lũy|lỗi
櫓	U+6AD3	lỗ
櫔	U+6AD4	lệ
櫖	U+6AD6	lự
櫗	U+6AD7	miết|mít
櫙	U+6AD9	âu|ất
櫚	U+6ADA	lư|lữ|quan
櫛	U+6ADB	chất|tiết|trất|tất
櫜	U+6ADC	cao
櫝	U+6ADD	độc
櫞	U+6ADE	duyên
櫟	U+6ADF	dược|lao|lác|lạc|lịch
櫡	U+6AE1	trước
櫢	U+6AE2	tẩu
櫥	U+6AE5	chù|thụ|tru|trù
櫧	U+6AE7	chư|chử
櫨	U+6AE8	lô|lư
櫩	U+6AE9	diêm|lịch
櫪	U+6AEA	lịch
櫫	U+6AEB	trư
櫬	U+6AEC	quán|sấn|thân|thấn
櫰	U+6AF0	hoài|hòai
櫱	U+6AF1	nghiệt
櫳	U+6AF3	long|lung|lông|trồng
櫸	U+6AF8	cử
櫺	U+6AFA	linh|nhu
櫻	U+6AFB	anh
櫼	U+6AFC	tiêm
櫽	U+6AFD	ẩn|ổn
櫾	U+6AFE	dứu|trục
欂	U+6B02	bách|bích|bạc
欃	U+6B03	sam|sàm
欄	U+6B04	lan|đan
欉	U+6B09	tùng
權	U+6B0A	quyền
欋	U+6B0B	cù|uất
欎	U+6B0E	uất
欏	U+6B0F	la
欐	U+6B10	lệ
欑	U+6B11	toản
欒	U+6B12	loan
欓	U+6B13	đảng
欖	U+6B16	lãm
欗	U+6B17	lan|lườn
欘	U+6B18	chúc
欙	U+6B19	luy
欚	U+6B1A	lễ
欛	U+6B1B	bá
欝	U+6B1D	uất
欞	U+6B1E	linh
欠	U+6B20	khiếm
次	U+6B21	thứ|tư
欢	U+6B22	hoan|quán
欣	U+6B23	bạc|hân
欤	U+6B24	dư
欧	U+6B27	âu|ẩu
欨	U+6B28	hu
欬	U+6B2C	khái|ái
欱	U+6B31	dục|hạp
欲	U+6B32	dục
欵	U+6B35	khoản
欷	U+6B37	hy
欸	U+6B38	ai|ái|ải
欹	U+6B39	khi|y
欺	U+6B3A	khi
欻	U+6B3B	huất|hốt|soát
欽	U+6B3D	khâm|khấm
款	U+6B3E	khoản
欿	U+6B3F	khảm
歀	U+6B40	khoản
歁	U+6B41	khảm
歂	U+6B42	suyễn|thuyên
歃	U+6B43	sáp
歅	U+6B45	nhân
歆	U+6B46	cắn|hàm|hâm
歇	U+6B47	hiết|hiệt|hết|tiết|yết
歈	U+6B48	du
歉	U+6B49	khiếm|khiểm
歊	U+6B4A	hiêu
歌	U+6B4C	ca
歍	U+6B4D	ô
歎	U+6B4E	thán
歐	U+6B50	âu|ẩu
歑	U+6B51	hô|hư
歓	U+6B53	hoan
歔	U+6B54	giái|hư
歕	U+6B55	phun|phún
歖	U+6B56	hỷ
歗	U+6B57	khiếu|tiêu
歙	U+6B59	hấp|thiệp
歛	U+6B5B	liêm|liễm|liệm
歜	U+6B5C	xúc
歟	U+6B5F	dư|ru
歠	U+6B60	suyết|xuyết
歡	U+6B61	hoan
止	U+6B62	chi|chỉ
正	U+6B63	chinh|chánh|chính
此	U+6B64	thử
步	U+6B65	bộ|thiệp
武	U+6B66	mạt|võ|vũ
歧	U+6B67	kỳ|kỷ|xí
歩	U+6B69	bộ
歪	U+6B6A	oa|oai|quay
歫	U+6B6B	cự
歬	U+6B6C	tiền|tiễn
歭	U+6B6D	trĩ
歯	U+6B6F	xỉ
歰	U+6B70	sáp
歱	U+6B71	chủng
歲	U+6B72	tuế
歳	U+6B73	tuế
歴	U+6B74	lịch
歷	U+6B77	lịch
歸	U+6B78	quy
歹	U+6B79	ngạt|đai|đãi
歺	U+6B7A	ngạt
死	U+6B7B	phơi|tử
歼	U+6B7C	tiêm
歾	U+6B7E	một|vẫn
歿	U+6B7F	một
殀	U+6B80	yêu|yểu
殁	U+6B81	một
殂	U+6B82	tồ
殃	U+6B83	trưa|ương
殄	U+6B84	điến|điển|điễn
殆	U+6B86	đãi
殇	U+6B87	thương
殈	U+6B88	hức|tuẫn
殉	U+6B89	tuẫn|tuận
殊	U+6B8A	thù|thùa
残	U+6B8B	tàn
殍	U+6B8D	biểu|biễu|thánh
殏	U+6B8F	phàn
殑	U+6B91	căng|vẫn
殒	U+6B92	vẫn
殓	U+6B93	liễm|liệm
殔	U+6B94	dị
殕	U+6B95	phẫu|phủ
殖	U+6B96	thặc|thực
殗	U+6B97	yêm|yếp|yểm
殘	U+6B98	tàn|đêm
殙	U+6B99	hôn
殚	U+6B9A	đàn|đạn
殛	U+6B9B	cức
殜	U+6B9C	triệp
殞	U+6B9E	vẫn
殟	U+6B9F	ốt
殠	U+6BA0	hú|thấn|tấn|tẫn|xú
殡	U+6BA1	thấn|tấn|tẫn
殢	U+6BA2	đế
殣	U+6BA3	cận
殤	U+6BA4	thương
殥	U+6BA5	dần
殪	U+6BAA	ế
殫	U+6BAB	đàn|đạn
殭	U+6BAD	cương|thương
殮	U+6BAE	liễm|liệm
殯	U+6BAF	dần|thấn|tấn|tẫn
殰	U+6BB0	độc
殱	U+6BB1	tiêm
殲	U+6BB2	chiêm|tiêm|triêm
殳	U+6BB3	thù
殴	U+6BB4	khu|ấu|ẩu
段	U+6BB5	đoàn|đoán|đoạn
殶	U+6BB6	chú
殷	U+6BB7	an|yên|ân|ẩn
殸	U+6BB8	thanh
殹	U+6BB9	ê|ế
殺	U+6BBA	sái|sát|tát|ái
殻	U+6BBB	xác
殼	U+6BBC	hốc|nôi|xác
殽	U+6BBD	hiệu|hào|hạo
殿	U+6BBF	điến|điện|đán
毀	U+6BC0	huỷ|húy|hủy
毁	U+6BC1	húy|hủy
毂	U+6BC2	cốc
毃	U+6BC3	khác
毄	U+6BC4	kích
毅	U+6BC5	nghị
毆	U+6BC6	khu|ấu|ẩu
毇	U+6BC7	hủy
毈	U+6BC8	đoạn
毉	U+6BC9	y|ỷ
毊	U+6BCA	hiêu|sác
毋	U+6BCB	mưu|vô
毌	U+6BCC	quán|vô
母	U+6BCD	mô|mẫu
毎	U+6BCE	mỗi
每	U+6BCF	dằm|môi|mỗi
毐	U+6BD0	bình|ải
毒	U+6BD2	đại|đốc|độc
毓	U+6BD3	dục
比	U+6BD4	bì|bí|bỉ|tỉ|tỵ|tỷ
毕	U+6BD5	tất
毖	U+6BD6	bí|tất
毗	U+6BD7	bì|tỳ|tỷ
毘	U+6BD8	bì|tỳ
毙	U+6BD9	tễ|tệ
毚	U+6BDA	sàm
毛	U+6BDB	mao|mô
毡	U+6BE1	chiên
毤	U+6BE4	thóa
毦	U+6BE6	nhị
毧	U+6BE7	nhung
毨	U+6BE8	tiển
毫	U+6BEB	hào
毬	U+6BEC	choác|cầu|hòai
毯	U+6BEF	thảm|thản|xồm
毰	U+6BF0	bồi
毱	U+6BF1	cúc
毲	U+6BF2	thỏa|đát
毳	U+6BF3	nhuế|thuế|thúy|xuế
毵	U+6BF5	tam
毷	U+6BF7	máo|mạo
毸	U+6BF8	tồi
毹	U+6BF9	du|su
毺	U+6BFA	du|su
毻	U+6BFB	thóa
毼	U+6BFC	hạt
毽	U+6BFD	kiến|kiện
毾	U+6BFE	tháp
毿	U+6BFF	sam|tam
氀	U+6C00	lâu
氂	U+6C02	li|ly|mao
氃	U+6C03	đồng
氄	U+6C04	nhũng
氅	U+6C05	sưởng|xưởng
氆	U+6C06	bảng|phổ
氇	U+6C07	la|lỗ
氈	U+6C08	chen|chiên
氉	U+6C09	máo|táo
氊	U+6C0A	chiên
氋	U+6C0B	mông
氌	U+6C0C	la|lỗ
氍	U+6C0D	cù
氎	U+6C0E	điệp
氏	U+6C0F	chi|thị
氐	U+6C10	chi|đê|để
民	U+6C11	dân
氓	U+6C13	mang|manh
气	U+6C14	khí|khất
氕	U+6C15	khí|phân
氖	U+6C16	nãi
気	U+6C17	khí
氘	U+6C18	khí|đao
氙	U+6C19	tiên
氚	U+6C1A	xuyên
氛	U+6C1B	phân|phần
氜	U+6C1C	dương|phất
氝	U+6C1D	nãi
氟	U+6C1F	phất
氠	U+6C20	tiên
氡	U+6C21	đông
氢	U+6C22	khinh
氣	U+6C23	khí|khất
氤	U+6C24	nhân
氥	U+6C25	tây
氦	U+6C26	hợi
氧	U+6C27	dương|dưỡng
氨	U+6C28	an
氩	U+6C29	á
氪	U+6C2A	khắc
氫	U+6C2B	khinh|kinh|tịnh
氬	U+6C2C	á
氮	U+6C2E	đàm|đạm
氯	U+6C2F	lục
氰	U+6C30	tình
氱	U+6C31	dưỡng|uân
氲	U+6C32	uân
氳	U+6C33	huân|nhân|uân
水	U+6C34	héo|thuỷ|thủy
氵	U+6C35	thủy
氶	U+6C36	chửng
氷	U+6C37	băng
永	U+6C38	vĩnh|vắng|vịnh
氺	U+6C3A	thủy
氻	U+6C3B	cửu
氽	U+6C3D	thận|thộn
氾	U+6C3E	dĩ|phiếm|phạm
氿	U+6C3F	cửu|quỹ
汀	U+6C40	thinh|đinh|đênh
汁	U+6C41	chấp|hiệp|trấp
求	U+6C42	cầu
汃	U+6C43	bát|bân|bẩm
汆	U+6C46	thoản|thận|thổn|thộn|tù
汇	U+6C47	hối|hội|vị|vựng
汉	U+6C49	hán
汊	U+6C4A	sá|thoa|xoà|xá
汋	U+6C4B	chước|thược
汍	U+6C4D	hoàn
汎	U+6C4E	phiếm|phàm|phùng|phạp
汏	U+6C4F	thái|đại
汐	U+6C50	tách|tịch|đập
汒	U+6C52	mang
汓	U+6C53	tù|tở
汔	U+6C54	khất|ngật
汕	U+6C55	khung|san|sán|sươn
汗	U+6C57	hàn|hãn|hạn
汙	U+6C59	hu|oa|ô|ố
汚	U+6C5A	oa|ô|ố
汛	U+6C5B	tấn|vàm
汜	U+6C5C	dĩ|dẫy|tỵ|tỷ
汝	U+6C5D	nhớ|nhữ
汞	U+6C5E	cống|hống
江	U+6C5F	giang
池	U+6C60	trì
污	U+6C61	oa|ô|ố
汤	U+6C64	sương|thang|thãng
汧	U+6C67	bính|khiên
汨	U+6C68	cốt|duật|mịch|nhặt
汩	U+6C69	cốt|cổ|dật|mịch
汪	U+6C6A	uông
汫	U+6C6B	giếng|phí
汭	U+6C6D	nhuế
汮	U+6C6E	quân
汯	U+6C6F	hoành
汰	U+6C70	thái|thải|thảy|vè
汱	U+6C71	kiển
汲	U+6C72	cấp|cụm|ngập
汳	U+6C73	biện
汴	U+6C74	biện
汵	U+6C75	ngấm
汶	U+6C76	môn|văn|vấn
汸	U+6C78	bàng|đài
汹	U+6C79	hung
決	U+6C7A	huyết|khuyết|quyết
汽	U+6C7D	hất|khí|ất
汾	U+6C7E	phân|phần
汿	U+6C7F	dơ
沁	U+6C81	sấm|thấm|tâm|tấm|tẩm|tắm
沂	U+6C82	cân|nghi|ngân
沃	U+6C83	óc|ốc
沄	U+6C84	vân
沅	U+6C85	nguyên
沆	U+6C86	hàng|hãng
沇	U+6C87	duyễn|duyện
沈	U+6C88	thẩm|trấm|trầm|đắm
沉	U+6C89	thẩm|tròm|trấm|trầm|trẩm
沊	U+6C8A	đào
沋	U+6C8B	vưu|yêu
沌	U+6C8C	thuần|xộn|độn
沍	U+6C8D	hỗ|hộ
沏	U+6C8F	thiết|thế
沐	U+6C90	múc|mộc
沒	U+6C92	một|mớ
沓	U+6C93	đạp
沔	U+6C94	miến|miền|miễn|miện
沕	U+6C95	mật|vật|vắt
沖	U+6C96	khem|trong|trùng|xung
沘	U+6C98	tỷ
沙	U+6C99	sa|sá|vành
沚	U+6C9A	chảy|chỉ
沛	U+6C9B	bái|một|phái|phải
沜	U+6C9C	phán
沝	U+6C9D	chủy|câu
沟	U+6C9F	câu
没	U+6CA1	một
沢	U+6CA2	dịch|thích|trạch
沣	U+6CA3	phong
沤	U+6CA4	âu|ẩu
沥	U+6CA5	lịch
沦	U+6CA6	luân
沧	U+6CA7	thương
沨	U+6CA8	phong|phùng
沩	U+6CA9	hỗ|quy|vi
沪	U+6CAA	hỗ
沫	U+6CAB	mượt|mạt
沬	U+6CAC	huệ|hối|muội|mạt|mội|vị
沭	U+6CAD	thuật
沮	U+6CAE	thư|thứ|trở|tư|tự
沱	U+6CB1	săng|đà|đờ
沲	U+6CB2	đà
河	U+6CB3	hà
沴	U+6CB4	diễn|lệ|ủy
沵	U+6CB5	mị|nhĩ
沶	U+6CB6	cự
沸	U+6CB8	phí|phất|phị
油	U+6CB9	du|dầu
沺	U+6CBA	điền
治	U+6CBB	trì|trị
沼	U+6CBC	chiểu|trẻo
沽	U+6CBD	cô|cổ
沾	U+6CBE	chiêm|chăm|thiêm|tiêm|triêm|điếp
沿	U+6CBF	diên|duyên
泀	U+6CC0	từ
況	U+6CC1	huống|hùng
泂	U+6CC2	huýnh|quýnh
泃	U+6CC3	câu|cù|cú
泄	U+6CC4	duệ|tiết|tướt
泅	U+6CC5	tù
泆	U+6CC6	dật
泇	U+6CC7	gia
泉	U+6CC9	toàn|tuyền
泊	U+6CCA	bạc|phách
泋	U+6CCB	húy
泌	U+6CCC	bí|tiết
泍	U+6CCD	bẩn
泏	U+6CCF	quật|truất|xứ
泐	U+6CD0	lặc
泑	U+6CD1	ao|cô|u|ửu
泒	U+6CD2	cô
泓	U+6CD3	hoằng
泔	U+6CD4	cam|hạm
法	U+6CD5	pháp
泖	U+6CD6	mão
泗	U+6CD7	hứ|tứ|tứa
泙	U+6CD9	bềnh|khám|nhai|phanh
泚	U+6CDA	thử|tỷ
泛	U+6CDB	phiếm|phùng|phạp|phủng
泜	U+6CDC	dề|tri|trì|đề
泝	U+6CDD	phi|tố
泞	U+6CDE	nính|nịnh|trữ
泠	U+6CE0	linh|lênh
泡	U+6CE1	bào|bàu|phao|pháo
波	U+6CE2	ba
泣	U+6CE3	khấp|khắp
泥	U+6CE5	nhãn|nê|nề|nễ|nệ
泧	U+6CE7	hoạt
注	U+6CE8	chú
泩	U+6CE9	sanh|sinh
泪	U+6CEA	lệ|lụy|thớt
泫	U+6CEB	huyên|huyễn
泬	U+6CEC	quyết
泭	U+6CED	phu
泮	U+6CEE	bợn|phán
泯	U+6CEF	dân|dẫn|miến|mẫn
泰	U+6CF0	thái
泱	U+6CF1	áng|ương|ưởng
泲	U+6CF2	tế|tể
泳	U+6CF3	vịnh
泵	U+6CF5	bâm|bơm|lưu
泶	U+6CF6	hạc
泷	U+6CF7	lang|lung
泸	U+6CF8	lô|lư
泺	U+6CFA	bạc|lạc
泻	U+6CFB	tích|tạ|tả
泼	U+6CFC	bát
泽	U+6CFD	dịch|thích|trạch
泾	U+6CFE	kinh|kính
泿	U+6CFF	khiết|ngân
洁	U+6D01	cát|khiết|thợ
洃	U+6D03	hôi
洄	U+6D04	hói|hồi
洅	U+6D05	tưới
洇	U+6D07	nhân
洈	U+6D08	nguy
洊	U+6D0A	tiến|tuồn|tồn
洋	U+6D0B	dương
洌	U+6D0C	liệt|rét
洎	U+6D0E	kịp|kỵ|tự
洏	U+6D0F	nhi|nhỉ
洑	U+6D11	phục
洒	U+6D12	si|sái|thối|tiển|tẩy
洖	U+6D16	ngô
洗	U+6D17	tiển|tẩy
洙	U+6D19	chu|chua|thù
洚	U+6D1A	giáng|hàng|hồng
洛	U+6D1B	lạc|rặc
洝	U+6D1D	án|át
洞	U+6D1E	đọng|đỗng|động
洟	U+6D1F	di|dề|thế
洡	U+6D21	giội
洣	U+6D23	mễ
津	U+6D25	tân
洧	U+6D27	vĩ|vị
洨	U+6D28	hào
洩	U+6D29	duệ|dáy|tiết
洪	U+6D2A	hồng|suyền
洫	U+6D2B	húc|hức
洭	U+6D2D	khuông
洮	U+6D2E	dao|rệu|thao|đào
洰	U+6D30	biền
洱	U+6D31	nhĩ|nhị
洲	U+6D32	chao|châu|chòng
洳	U+6D33	nhu|nhơ|như|nhự
洴	U+6D34	bình
洵	U+6D35	tuân|tuần
洶	U+6D36	hung|húng
洷	U+6D37	sờ|xối
洸	U+6D38	hoảng|quang
洹	U+6D39	hoàn|viên
洺	U+6D3A	danh|minh
活	U+6D3B	hoạt|quạt
洼	U+6D3C	khuê|oa
洽	U+6D3D	hiệp|hợp
派	U+6D3E	ba|phái
洿	U+6D3F	hộ|ô
流	U+6D41	lưu
浃	U+6D43	giáp|tiếp
浄	U+6D44	tịnh
浅	U+6D45	thiển|tiên
浆	U+6D46	tương
浇	U+6D47	kiêu|nghiêu
浈	U+6D48	sanh|trinh
浉	U+6D49	sư
浊	U+6D4A	trạc|trọc
测	U+6D4B	trắc
浍	U+6D4D	quái
济	U+6D4E	tế|tể
浏	U+6D4F	lưu|lựu
浐	U+6D50	sản
浑	U+6D51	hồn|hỗn
浒	U+6D52	hử
浓	U+6D53	nùng
浔	U+6D54	tầm
浕	U+6D55	tấn|tận
浗	U+6D57	gàu
浘	U+6D58	vã
浙	U+6D59	chiết|triết|tích
浚	U+6D5A	tuấn
浛	U+6D5B	hàm
浜	U+6D5C	banh|binh
浞	U+6D5E	trác|trạc
浟	U+6D5F	du
浠	U+6D60	hy|hơ
浡	U+6D61	bọt|bột
浣	U+6D63	cán|hoán
浤	U+6D64	hoành
浥	U+6D65	ướp|ấp
浦	U+6D66	phố|phổ
浧	U+6D67	sình
浩	U+6D69	hạo
浪	U+6D6A	lang|lãng
浬	U+6D6C	hải|hảilý  # @ok|lí|lý|rí
浭	U+6D6D	canh
浮	U+6D6E	phù
浯	U+6D6F	ngô
浰	U+6D70	lợi|rời
浴	U+6D74	dục
浶	U+6D76	lao
海	U+6D77	hải
浸	U+6D78	tẩm|tắm
浹	U+6D79	giáp|thiếp|thiệp|tiếp
浺	U+6D7A	xung
浻	U+6D7B	quýnh
浼	U+6D7C	miễn|mỗi
浽	U+6D7D	nổi|tuy
浿	U+6D7F	bái|phái|phối
涂	U+6D82	dơ|trà|đồ
涃	U+6D83	ào
涅	U+6D85	niết|nát|nết
涆	U+6D86	cán|hạn
涇	U+6D87	kinh|kính
消	U+6D88	tiêu
涉	U+6D89	thiệp
涊	U+6D8A	nhẫn|niễn
涋	U+6D8B	đột
涌	U+6D8C	dũng
涍	U+6D8D	nan
涎	U+6D8E	diên|diện|duyên|hào|tiên
涏	U+6D8F	diên
涐	U+6D90	nga
涑	U+6D91	thúc|tâu|tóc|tốc
涒	U+6D92	thôn|uân
涓	U+6D93	quen|quyên
涔	U+6D94	sầm
涕	U+6D95	di|thế
涖	U+6D96	lị|lỵ|rang|rị
涗	U+6D97	thuế|đuối
涘	U+6D98	sĩ
涚	U+6D9A	thuế|đào
涛	U+6D9B	đào
涝	U+6D9D	lao|lão|lạo
涞	U+6D9E	lai|thui
涟	U+6D9F	liên
涡	U+6DA1	oa|qua
涢	U+6DA2	vân
涣	U+6DA3	hoán
涤	U+6DA4	địch
润	U+6DA6	nhuận
涧	U+6DA7	giản
涨	U+6DA8	trướng
涩	U+6DA9	sáp
涪	U+6DAA	bồi|phù
涫	U+6DAB	quan|quản
涬	U+6DAC	hãnh|xuyến
涮	U+6DAE	loát|xuyến
涯	U+6DAF	nhai|rượi
液	U+6DB2	dịch|giá|trạc
涳	U+6DB3	không
涴	U+6DB4	ngọa|nọa|oản|uyển
涵	U+6DB5	hàm
涷	U+6DB7	đông|đống
涸	U+6DB8	hạc|hạt
涹	U+6DB9	oa|ủy
涼	U+6DBC	lương|lượng|truy
涽	U+6DBD	hôn
涾	U+6DBE	đạp
涿	U+6DBF	trác|trục
淀	U+6DC0	điến|điện
淁	U+6DC1	thiếp
淂	U+6DC2	đắc
淄	U+6DC4	chuy|tri|truy
淅	U+6DC5	tích|tý
淆	U+6DC6	hào
淇	U+6DC7	kì|kỳ
淈	U+6DC8	cốt
淋	U+6DCB	lâm|lấm|lậm
淌	U+6DCC	thảng|xướng
淎	U+6DCE	vũng
淏	U+6DCF	hạo
淑	U+6DD1	thục
淒	U+6DD2	thiến|thê
淓	U+6DD3	phương
淖	U+6DD6	náo|xước
淘	U+6DD8	đào
淙	U+6DD9	thối|tông
淚	U+6DDA	lệ|lụy
淛	U+6DDB	chiết|xế|đắng
淜	U+6DDC	băng|bằng
淝	U+6DDD	phì
淞	U+6DDE	tùng
淟	U+6DDF	sượng|điến|điển|đén
淠	U+6DE0	bái|bí|tý|tụy
淡	U+6DE1	cam|đàm|đạm
淢	U+6DE2	hức|thổi|vặc|vực
淤	U+6DE4	ứ|ứa
淥	U+6DE5	lóc|lộc|lục
淦	U+6DE6	cam
淨	U+6DE8	tịnh
淩	U+6DE9	lâng|lăng
淪	U+6DEA	luân|lún
淫	U+6DEB	dâm
淬	U+6DEC	rót|thúy|thối|tôi|tụy
淭	U+6DED	hoài|hòai
淮	U+6DEE	hoài|hòai
淯	U+6DEF	dục|rộc
淰	U+6DF0	niệm|thiểm
深	U+6DF1	thâm
淳	U+6DF3	choang|thuần
淴	U+6DF4	hốt|ốt
淵	U+6DF5	uyên
淶	U+6DF6	lai
混	U+6DF7	côn|cổn|hồn|hổn|hỗn
淸	U+6DF8	sảnh|thanh
淹	U+6DF9	yêm|yểm|êm
淺	U+6DFA	thiển|tiên
添	U+6DFB	thiêm|thêm
淼	U+6DFC	diểu|diễu|miểu
淽	U+6DFD	nhị
渀	U+6E00	biện
渃	U+6E03	nhược|nước
清	U+6E05	sảnh|thanh
渇	U+6E07	hạt|khát|kiệt
渉	U+6E09	thiệp
渊	U+6E0A	uyên
渌	U+6E0C	lục
渍	U+6E0D	tý
渎	U+6E0E	đậu|độc
渐	U+6E10	tiêm|tiềm|tiệm
渑	U+6E11	miễn|mãnh|mẫn|thằng
渒	U+6E12	tụy
渓	U+6E13	khê
渔	U+6E14	ngư
渕	U+6E15	uyên
渖	U+6E16	thẩm|trấm|trầm
渗	U+6E17	sâm|sấm
渙	U+6E19	hoán
渚	U+6E1A	chã|chử|hử
減	U+6E1B	giảm
渜	U+6E1C	nhuyên|noãn
渝	U+6E1D	du
渟	U+6E1F	phỉ|đình
渠	U+6E20	cừ|cự
渡	U+6E21	đò|độ
渢	U+6E22	phong|phùng
渣	U+6E23	tra
渤	U+6E24	bọt|bột
渥	U+6E25	ác|ốc
渦	U+6E26	oa|qua
渧	U+6E27	đế
渨	U+6E28	hoáy|ôi|úy
温	U+6E29	uẩn|ôn|ồn
渫	U+6E2B	tiết|điệp
測	U+6E2C	trắc
渭	U+6E2D	ngan|vây|vị
渮	U+6E2E	ca
港	U+6E2F	cảng|hống
渰	U+6E30	yêm|yểm
渱	U+6E31	hồng
渲	U+6E32	huyên|tuyển
渳	U+6E33	nhị
渴	U+6E34	hạt|khát|kiệt
游	U+6E38	du
渹	U+6E39	hoành|oanh|sảnh
渺	U+6E3A	diêu|diểu|miểu
渻	U+6E3B	tỉnh
渼	U+6E3C	mĩ|mẻ
渾	U+6E3E	hồn|hỗn
渿	U+6E3F	nại
湁	U+6E41	sấp
湃	U+6E43	bành|bái|bình|phái|vi
湄	U+6E44	mi|mưa
湅	U+6E45	luyện|rịn
湆	U+6E46	khấp|ùm
湇	U+6E47	khấp
湈	U+6E48	mủ|sói
湉	U+6E49	điềm
湊	U+6E4A	thấu|tấu
湋	U+6E4B	vi
湌	U+6E4C	xan
湍	U+6E4D	suyền|thoan
湎	U+6E4E	giờn|miến|miện
湏	U+6E4F	hối|tu
湑	U+6E51	tư|tử
湒	U+6E52	bồn|tập
湓	U+6E53	bùn|bồn
湔	U+6E54	tiên|tiền|tiễn
湖	U+6E56	hồ
湘	U+6E58	sương|tương
湛	U+6E5B	thầm|tiêm|trạm|trầm|đam|đậm
湜	U+6E5C	thặc|thục|thực
湝	U+6E5D	giai|thiếp
湞	U+6E5E	sanh|trinh
湟	U+6E5F	hoàng|huỳnh
湠	U+6E60	thán
湡	U+6E61	ngu
湢	U+6E62	bức
湣	U+6E63	dẫn|hôn|mẫn
湥	U+6E65	dột|đột
湦	U+6E66	sanh
湧	U+6E67	dũng|rụng
湨	U+6E68	xố
湩	U+6E69	chúng|đống
湫	U+6E6B	bàng|tiều|tiểu|tưu
湮	U+6E6E	nhân|yên|yển
湯	U+6E6F	sương|thang|thãng
湱	U+6E71	hoạch|viên
湲	U+6E72	bợn|viên
湳	U+6E73	nươm
湴	U+6E74	ban|bám
湻	U+6E7B	thuần
湼	U+6E7C	niết|nát
湽	U+6E7D	truy
湾	U+6E7E	loan
湿	U+6E7F	chập|sấp|thấp
溂	U+6E82	lạt
溃	U+6E83	hội
溅	U+6E85	tiên|tiễn
溆	U+6E86	tự
溇	U+6E87	lâu|lũ
溈	U+6E88	quy
溉	U+6E89	cái|khái
溋	U+6E8B	duềnh
溌	U+6E8C	bát
溎	U+6E8E	quế|yến
溏	U+6E8F	đường
源	U+6E90	nguyên|nguồn
溓	U+6E93	liêm|liễm|liệm|niêm
溕	U+6E95	trùng|trụng
準	U+6E96	chuyết|chuẩn
溘	U+6E98	hạp|hụp|kháp|khạp
溚	U+6E9A	tháp
溛	U+6E9B	oa
溜	U+6E9C	lưu|lựu
溝	U+6E9D	câu
溞	U+6E9E	tao
溟	U+6E9F	minh
溠	U+6EA0	tra|trá
溢	U+6EA2	dật
溤	U+6EA4	mã
溥	U+6EA5	bạc|phu|phọc|phổ
溦	U+6EA6	vi
溧	U+6EA7	lật|rớt|tiêu
溪	U+6EAA	hoát|khe|khê
溫	U+6EAB	uẩn|ôn
溭	U+6EAD	chu|tắc
溮	U+6EAE	sư
溯	U+6EAF	tố
溰	U+6EB0	nghi
溱	U+6EB1	trân|trăn
溲	U+6EB2	sưu|sửu
溳	U+6EB3	vân|vờn
溴	U+6EB4	khưu|khứu|kích|xú
溵	U+6EB5	ân
溶	U+6EB6	dong|dung|ròng
溷	U+6EB7	hỗn
溹	U+6EB9	sách|tác
溺	U+6EBA	niệu|nịch
溻	U+6EBB	thạp
溼	U+6EBC	kinh|thấp
溽	U+6EBD	nhục
溾	U+6EBE	ai|ôi|ổi
滀	U+6EC0	súc|sốc
滁	U+6EC1	trừ
滂	U+6EC2	bàng|bẵng
滃	U+6EC3	ông|ổng
滄	U+6EC4	thương
滅	U+6EC5	diệt
滆	U+6EC6	dụng|hách|lịch
滇	U+6EC7	chan|điên|điền
滈	U+6EC8	hao|hạo
滉	U+6EC9	hoáng|hoảng
滋	U+6ECB	tư
滌	U+6ECC	sạch|địch
滍	U+6ECD	trĩ
滎	U+6ECE	huỳnh
滏	U+6ECF	phũ|phủ
滑	U+6ED1	cốt|gột|hoạt
滒	U+6ED2	ca
滓	U+6ED3	chỉ|trể|tể|tử
滔	U+6ED4	thao|đào
滕	U+6ED5	thắng|đằng
滖	U+6ED6	tiết|tuy
滗	U+6ED7	tiết
滘	U+6ED8	hỗ|khiếu
滙	U+6ED9	hối
滚	U+6EDA	cổn
滛	U+6EDB	dâm
滝	U+6EDD	sông
滞	U+6EDE	trệ
滟	U+6EDF	diễm
滠	U+6EE0	mãn|nhiếp
满	U+6EE1	muộn|mãn
滢	U+6EE2	huỳnh|oanh|oánh
滤	U+6EE4	lự
滥	U+6EE5	cãm|hạm|lam|lãm|lạm
滦	U+6EE6	loan
滨	U+6EE8	tân
滩	U+6EE9	than
滪	U+6EEA	dự
滫	U+6EEB	hủ|tưu|tựu
滬	U+6EEC	hỗ|ung
滭	U+6EED	tất
滮	U+6EEE	bưu
滯	U+6EEF	sệ|trệ
滱	U+6EF1	khấu
滲	U+6EF2	rướm|sâm|sấm
滴	U+6EF4	chích|nhích|thích|trích|tích
滵	U+6EF5	mật
滶	U+6EF6	ngao|độc
滷	U+6EF7	lỗ
滸	U+6EF8	hử
滹	U+6EF9	hô
滺	U+6EFA	du
滻	U+6EFB	sản
滽	U+6EFD	dung
滾	U+6EFE	cổn|củn
滿	U+6EFF	man|muộn|mãn
漁	U+6F01	ngư
漂	U+6F02	phiêu|phiếu|phều|xiếu
漃	U+6F03	tịch
漅	U+6F05	sào
漆	U+6F06	thế|tất
漈	U+6F08	tế
漉	U+6F09	lộc
漊	U+6F0A	lâu|lũ|sâu
漎	U+6F0E	tung|tùng|tủng
漏	U+6F0F	lâu|lậu
漑	U+6F11	cái|khái|ngấy
漓	U+6F13	li|ly|lầy
演	U+6F14	diễn
漕	U+6F15	tao|tào
漘	U+6F18	thần
漙	U+6F19	đoàn
漚	U+6F1A	âu|ẩu
漠	U+6F20	mô|mạc
漢	U+6F22	hàn|hán
漣	U+6F23	liên|lăn
漤	U+6F24	lãm|lạm
漥	U+6F25	oa
漦	U+6F26	ly
漧	U+6F27	càn|kiền
漨	U+6F28	bồng|vùng
漩	U+6F29	hoàn|tuyền
漪	U+6F2A	y
漫	U+6F2B	man|mạn
漬	U+6F2C	trách|tí|tý|tứ
漭	U+6F2D	mãng
漯	U+6F2F	loa|lũy|tháp
漰	U+6F30	băng|bằng|phanh
漱	U+6F31	sấu|thấu|tâu
漲	U+6F32	trướng|trưởng
漳	U+6F33	chương
漴	U+6F34	sòng|sùng
漵	U+6F35	tự
漶	U+6F36	hoán|hoạn
漷	U+6F37	khoách|khuếch|ngà
漸	U+6F38	tiêm|tiềm|tiệm
漻	U+6F3B	liêu|liệu
漼	U+6F3C	dồi|thôi|tồi
漾	U+6F3E	dạng
漿	U+6F3F	tương
潀	U+6F40	tung|tùng
潁	U+6F41	dĩnh|quýnh|toánh
潃	U+6F43	sấu|thấu|tâu
潄	U+6F44	sấu|thấu
潅	U+6F45	quán
潆	U+6F46	oanh|uynh
潇	U+6F47	tiêu
潋	U+6F4B	liễm
潍	U+6F4D	duy
潎	U+6F4E	bệ
潏	U+6F4F	bí|duật|quyết|quất|thuật
潐	U+6F50	tiêu|tèo
潑	U+6F51	bát|phát
潒	U+6F52	tượng
潔	U+6F54	khiết
潕	U+6F55	vũ
潗	U+6F57	bập|tập
潘	U+6F58	bàn|phan
潙	U+6F59	quy|vi|vơi
潚	U+6F5A	tiêu|túc
潛	U+6F5B	tiềm
潜	U+6F5C	tiềm
潝	U+6F5D	hấp
潞	U+6F5E	lộ
潟	U+6F5F	tích|tả
潠	U+6F60	lún|tuyển|tốn
潡	U+6F61	đốn
潢	U+6F62	hoàng|hoảng|huỳnh
潤	U+6F64	cân|nhuần|nhuận
潦	U+6F66	lao|liêu|lạo|lẻo
潨	U+6F68	tung|tùng
潬	U+6F6C	đán
潭	U+6F6D	tầm|đàm|đằm
潮	U+6F6E	triều|trào
潯	U+6F6F	tầm
潰	U+6F70	hói|hội
潲	U+6F72	bẩm|sảo
潴	U+6F74	chư|trư
潷	U+6F77	tiết|vuốt
潸	U+6F78	lâm|san
潺	U+6F7A	sàn|sờn
潼	U+6F7C	đồng
潽	U+6F7D	phổ
潾	U+6F7E	lân
潿	U+6F7F	vi
澀	U+6F80	sáp|sát
澁	U+6F81	sáp
澂	U+6F82	trừng
澄	U+6F84	chừng|trừng
澆	U+6F86	khú|kiêu|nghiêu|nhiễu|nhão
澇	U+6F87	lao|lão|lạo
澈	U+6F88	triệt
澉	U+6F89	cám|cảm
澊	U+6F8A	thủy
澌	U+6F8C	thốc|ti|ty|tê|tư
澍	U+6F8D	chú|thụ
澎	U+6F8E	bành|dề
澐	U+6F90	vân
澑	U+6F91	lưu|lựu
澒	U+6F92	hống|hổng
澓	U+6F93	phúc|phục
澔	U+6F94	hạo
澖	U+6F96	nhàn
澗	U+6F97	giản
澛	U+6F9B	lỗ
澜	U+6F9C	lan
澝	U+6F9D	nính
澞	U+6F9E	ngu
澟	U+6F9F	lẫm
澠	U+6FA0	miễn|miện|mãnh|mẫn|thằng
澡	U+6FA1	thao|tháo|táo|tảo
澢	U+6FA2	mông
澣	U+6FA3	cán|hoán|hoãn
澤	U+6FA4	dịch|rạch|thích|trạch
澥	U+6FA5	giải|hải
澦	U+6FA6	dự
澧	U+6FA7	lễ
澨	U+6FA8	phệ|thệ
澩	U+6FA9	hạc|hảo
澫	U+6FAB	vạn
澭	U+6FAD	ung
澮	U+6FAE	gội|khoái|quái
澯	U+6FAF	xán
澰	U+6FB0	liễm
澱	U+6FB1	điến|điện
澳	U+6FB3	áo|úc
澴	U+6FB4	hoàn
澶	U+6FB6	thiên|thiền|đàn|đạn
澹	U+6FB9	chiêm|đàm|đạm
澺	U+6FBA	ức
澼	U+6FBC	phích|tích|tịch
澽	U+6FBD	cự
澾	U+6FBE	dạt|thát
激	U+6FC0	khích|kích|váng
濁	U+6FC1	trạc|trọc
濂	U+6FC2	liêm
濃	U+6FC3	nùng|nống|nồng
濄	U+6FC4	qua
濆	U+6FC6	phún|phần|phẫn
濇	U+6FC7	sáp|sắc|sắt
濈	U+6FC8	trấp|xắp
濉	U+6FC9	tuy
濊	U+6FCA	khoát|uế
濋	U+6FCB	sở
濎	U+6FCE	lại|đỉnh
濑	U+6FD1	lai|lại
濒	U+6FD2	tân|tần
濓	U+6FD3	nhèm
濔	U+6FD4	mị|nhĩ|nhễ
濕	U+6FD5	chập|lậu|sấp|thấp
濘	U+6FD8	ninh|nính|nịnh
濛	U+6FDB	mông
濜	U+6FDC	tấn|tận
濞	U+6FDE	tia|tý|tỵ
濟	U+6FDF	tế|tể
濠	U+6FE0	hào
濡	U+6FE1	nhi|nhu|nhuyên|nhụa
濤	U+6FE4	đào
濦	U+6FE6	hấp|ân
濧	U+6FE7	đuối|đối
濩	U+6FE9	hoạch|hộ
濫	U+6FEB	cãm|hạm|lam|lãm|lạm
濬	U+6FEC	tuấn
濭	U+6FED	ái
濮	U+6FEE	bộc
濯	U+6FEF	trạc|trạo
濰	U+6FF0	duy
濱	U+6FF1	banh|tân
濲	U+6FF2	cốc
濴	U+6FF4	huỳnh|oanh
濵	U+6FF5	tân
濶	U+6FF6	khoát
濺	U+6FFA	thiển|tiên|tiễn
濼	U+6FFC	bạc|lạc|nhợt
濽	U+6FFD	dẫn
濾	U+6FFE	lự
濿	U+6FFF	lệ
瀀	U+7000	ưu
瀁	U+7001	dưỡng|dạng
瀂	U+7002	lỗ|rỏ
瀄	U+7004	trất
瀅	U+7005	huỳnh|oanh|oánh
瀆	U+7006	đậu|độc
瀇	U+7007	oảng|độc
瀉	U+7009	tạ|tả
瀋	U+700B	thẩm|thẳm|trấm|trầm
瀌	U+700C	tiêu
瀍	U+700D	chiền|triền
瀎	U+700E	mạt
瀏	U+700F	lưu|lựu
瀐	U+7010	tươm
瀑	U+7011	bạo|bộc
瀕	U+7015	tân|tần
瀖	U+7016	hoắc|nhuyên
瀘	U+7018	lô|lư
瀙	U+7019	sấn
瀚	U+701A	hàn|hãn
瀛	U+701B	doanh
瀜	U+701C	dong|dung|dụng
瀝	U+701D	lạch|lịch
瀞	U+701E	tiêu|tĩnh|tịnh
瀟	U+701F	tiêu
瀠	U+7020	oanh|uynh
瀡	U+7021	tủy
瀢	U+7022	giới|đỗi
瀣	U+7023	dới|giới
瀦	U+7026	chư|trư
瀧	U+7027	lang|lung|lũng|rông
瀨	U+7028	lai|lại
瀩	U+7029	đội
瀫	U+702B	cốc|hộc
瀬	U+702C	lại
瀯	U+702F	uynh
瀰	U+7030	di|mi|nhị
瀱	U+7031	kế
瀲	U+7032	liễm|liệm
瀳	U+7033	tiến
瀴	U+7034	anh
瀷	U+7037	dặc|dực
瀸	U+7038	sàm|tiêm
瀹	U+7039	dược|thược
瀺	U+703A	sàm
瀼	U+703C	nhương|nhương. nhưỡng|nhưỡng|nhượng
瀾	U+703E	lan|làn|nhắm
瀿	U+703F	phiền|phồn
灂	U+7042	tiếu|trác|trạc
灃	U+7043	phong
灄	U+7044	nhiếp
灅	U+7045	lũy
灇	U+7047	tung
灈	U+7048	cù
灉	U+7049	ung|ưng
灊	U+704A	tiềm
灋	U+704B	pháp
灌	U+704C	quán
灎	U+704E	diễm
灏	U+704F	hạo
灑	U+7051	lệ|ngơ|rợi|si|sái|thối|tẩy
灒	U+7052	tán
灓	U+7053	loan
灔	U+7054	diễm
灕	U+7055	ly
灖	U+7056	mị
灘	U+7058	than
灛	U+705B	xiển
灝	U+705D	hạo
灞	U+705E	ba|bá
灟	U+705F	chúc|luộc
灠	U+7060	lãm|lạm
灡	U+7061	lan|làn
灣	U+7063	loan
灤	U+7064	loan|lạc
灥	U+7065	tuyền|tuần
灦	U+7066	diễm|hiển
灧	U+7067	diễm
灨	U+7068	cám|công|cống
灩	U+7069	diễm|liễm
灪	U+706A	uất
火	U+706B	hoả|hỏa|lạp
灬	U+706C	hỏa
灭	U+706D	diệt
灮	U+706E	quang
灯	U+706F	đinh|đăng
灰	U+7070	hôi|khôi
灳	U+7073	linh
灴	U+7074	hồng
灵	U+7075	linh
灶	U+7076	táo
灸	U+7078	cưu|cứu
灺	U+707A	tiết|tã|tả|đả
灼	U+707C	chước
災	U+707D	tai
灾	U+707E	tai
灿	U+707F	xán
炀	U+7080	dương|dượng|dạng
炁	U+7081	khí
炄	U+7084	nữu|thương
炅	U+7085	cảnh|quý|quýnh|quế
炆	U+7086	bí|văn
炉	U+7089	lô|lư
炊	U+708A	sôi|tròn|xuy|xúy
炍	U+708D	phản
炎	U+708E	diễm|viêm|đàm
炐	U+7090	phừng
炒	U+7092	sao
炔	U+7094	khuyết|kiêu|quế
炕	U+7095	khanh|kháng
炖	U+7096	đoái|đôn|đùn|đốn|đồn
炗	U+7097	quang
炘	U+7098	hân
炙	U+7099	chá|chích
炜	U+709C	vĩ
炝	U+709D	sang|thương
炟	U+709F	rán|đát
炤	U+70A4	chiêu|chiếu|chiểu
炥	U+70A5	phụt
炧	U+70A7	tã|đả
炨	U+70A8	xuy
炩	U+70A9	rạnh
炪	U+70AA	đốt
炫	U+70AB	huyễn
炬	U+70AC	cự
炭	U+70AD	than|thán
炮	U+70AE	bào|bác|báo|pháo|pháp
炯	U+70AF	huỳnh|quýnh
炰	U+70B0	bào
炱	U+70B1	đài
炳	U+70B3	bính|bỉnh|đòng
炶	U+70B6	trèm
炷	U+70B7	chú|chụ
炸	U+70B8	tác|tạc
点	U+70B9	điểm
為	U+70BA	luyện|vi|vị
炼	U+70BC	luyện
炽	U+70BD	sí|xí
烁	U+70C1	thước
烂	U+70C2	lạn
烃	U+70C3	hĩnh|kính|thinh
烈	U+70C8	liệt
烉	U+70C9	hoán
烊	U+70CA	dương|dạng|rang
烋	U+70CB	hao|hưu|tiêu
烏	U+70CF	ô
烒	U+70D2	tai
烓	U+70D3	oai|uy
烕	U+70D5	diệt
烖	U+70D6	tai
烘	U+70D8	hong|hồng
烙	U+70D9	lạc
烚	U+70DA	hiệp
烛	U+70DB	chúc
烜	U+70DC	huyên|huyển|huyễn|hối|hủy
烝	U+70DD	chưng|chứng
烟	U+70DF	nhân|yên|ư
烣	U+70E3	tro
烤	U+70E4	khảo
烦	U+70E6	phiền
烧	U+70E7	thiêu|thiếu
烨	U+70E8	diệp
烩	U+70E9	khoái|quái
烫	U+70EB	năng|đãng
烬	U+70EC	tấn|tẫn
热	U+70ED	nhiệt
烯	U+70EF	hy
烰	U+70F0	phù
烱	U+70F1	huỳnh|quýnh
烳	U+70F3	phủ
烴	U+70F4	hĩnh|kính|thinh
烶	U+70F6	diễn|đĩnh
烷	U+70F7	hoàn
烸	U+70F8	mồi
烹	U+70F9	phanh
烺	U+70FA	lãng
烼	U+70FC	toại
烽	U+70FD	phong
焂	U+7102	thúc
焄	U+7104	huân|hôn
焆	U+7106	yết
焇	U+7107	tiêu
焈	U+7108	hy
焉	U+7109	diên|hãn|vờn|yên
焊	U+710A	hàn|hãn|hạn
焌	U+710C	tuấn
焏	U+710F	cức
焐	U+7110	ngộ
焒	U+7112	lửa
焓	U+7113	hàm|hầm
焔	U+7114	diễm|diệm|yêm
焕	U+7115	hoán
焖	U+7116	muộn
焗	U+7117	cuộc|cục
焘	U+7118	đào|đảo
焙	U+7119	bồi|bội|vùi
焚	U+711A	phần|phẫn
焜	U+711C	côn|hỗn
焝	U+711D	hun
焞	U+711E	hửng|đôn
焠	U+7120	sốt|thối|tụy
無	U+7121	mô|vô
焤	U+7124	hủ
焥	U+7125	thung
焦	U+7126	tiêu|tiều
焨	U+7128	tích
焩	U+7129	vằng
焫	U+712B	nhiệt
焮	U+712E	hân|phập
焯	U+712F	chước|trác
焰	U+7130	diễm|diệm|yêm
焱	U+7131	diễm|diệm|yên
焲	U+7132	tiêu
然	U+7136	nhiên
焸	U+7138	cảnh
焾	U+713E	nám
煁	U+7141	thâm|thầm
煃	U+7143	khuể
煄	U+7144	huân
煅	U+7145	thuyên|đoán
煆	U+7146	hà|hạ|đoán
煇	U+7147	huy|huân|vận
煉	U+7149	luyện
煊	U+714A	huyên
煌	U+714C	hoàng|huỳnh
煎	U+714E	tiên|tiễn
煏	U+714F	bức|phúc|phức
煐	U+7150	anh
煑	U+7151	chử
煒	U+7152	vĩ
煔	U+7154	tiêm
煕	U+7155	hi|hy
煖	U+7156	huyên|noãn
煗	U+7157	noãn
煙	U+7159	yên
煚	U+715A	cảnh|quýnh
煜	U+715C	dục
煝	U+715D	mi
煞	U+715E	sát
煟	U+715F	vị
煠	U+7160	diệp|sáp
煢	U+7162	quỳnh
煣	U+7163	nhu|nhữu
煤	U+7164	muồi|môi
煥	U+7165	hoán
煦	U+7166	hú
照	U+7167	chiêu|chiếu|chiểu
煨	U+7168	oi|ôi|úy|ổi
煩	U+7169	phiền|phồn
煬	U+716C	dương|dượng|dạng
煮	U+716E	chử
煲	U+7172	bao|bảo
煳	U+7173	hồ
煴	U+7174	uân|uấn
煸	U+7178	biên
煺	U+717A	thoái|thối
煻	U+717B	đường
煼	U+717C	sao
煽	U+717D	phiên|phiến
熀	U+7180	hoảng
熂	U+7182	độc
熄	U+7184	tắt|tức
熅	U+7185	huân|uân|uấn|uẩn|ùn|úy|đào
熇	U+7187	hác|hốc|khảo
熈	U+7188	hy
熉	U+7189	vân
熊	U+718A	hùng
熋	U+718B	hùng
熏	U+718F	huân
熑	U+7191	mũi|rim
熒	U+7192	huỳnh|oanh
熔	U+7194	dong|dung
熖	U+7196	diễm|diệm
熗	U+7197	sang|thương
熘	U+7198	lựu
熙	U+7199	hy|hây
熚	U+719A	bức|diệp|điệp
熛	U+719B	tiêu
熜	U+719C	thông
熟	U+719F	thục
熠	U+71A0	dập|tập
熣	U+71A3	thui
熤	U+71A4	dặc|tập
熥	U+71A5	thông
熨	U+71A8	uất|úy|ủi
熬	U+71AC	ngao
熭	U+71AD	duệ
熯	U+71AF	hán|hãn|nhiễn|nạn
熰	U+71B0	âu
熱	U+71B1	nhiết|nhiệt
熲	U+71B2	cảnh|huỳnh|quýnh
熳	U+71B3	mạn
熶	U+71B6	chói
熷	U+71B7	tưng
熸	U+71B8	tiêm|tủy
熹	U+71B9	hy
熺	U+71BA	hy
熾	U+71BE	sí|xé|xí
熿	U+71BF	hoàng|hoảng
燀	U+71C0	sán|xiển
燁	U+71C1	diệp
燂	U+71C2	tầm
燃	U+71C3	nhen|nhiên
燄	U+71C4	diễm|diệm
燅	U+71C5	tầm
燈	U+71C8	đăng
燉	U+71C9	đun|đôn|đốn
燊	U+71CA	châm|sân
燋	U+71CB	tiêu|tiều
燎	U+71CE	díp|liệu
燏	U+71CF	duật|uất
燐	U+71D0	lân
燒	U+71D2	thiêu|thiếu
燔	U+71D4	phiền|phần|phồn
燕	U+71D5	yên|yến|én
燖	U+71D6	tầm
燙	U+71D9	nãng|năng|thang|đãng
燚	U+71DA	diệc
燜	U+71DC	muộn
營	U+71DF	dinh|doanh
燠	U+71E0	áo|úc|ốc|ủ|ứ
燡	U+71E1	dịch
燥	U+71E5	táo
燦	U+71E6	xán
燧	U+71E7	toại
燨	U+71E8	hy
燬	U+71EC	húy|hủy
燭	U+71ED	chúc|đuốc
燮	U+71EE	nhiếp|tiếp
燰	U+71F0	áy
燴	U+71F4	hội|khoái|quái
燶	U+71F6	nóng
燸	U+71F8	nhu
燹	U+71F9	tiển|tiễn
燻	U+71FB	hun|huân
燼	U+71FC	tấn|tần|tẩn|tẫn|tận
燽	U+71FD	đảo
燾	U+71FE	đào|đạo|đảo
燿	U+71FF	diệu|sảo
爀	U+7200	hách
爁	U+7201	rám
爂	U+7202	tiêu
爆	U+7206	bạc|bạo|bộc
爇	U+7207	nhiệt|nhược
爉	U+7209	dộp
爊	U+720A	ao|ngao
爌	U+720C	hoảng|quáng
爍	U+720D	thước
爐	U+7210	chùa|lô|lư
爓	U+7213	diêm|diễm|diệm|kiền
爔	U+7214	hy
爕	U+7215	tiếp
爗	U+7217	diệp
爙	U+7219	nháng
爚	U+721A	dược|thược
爛	U+721B	lan|lạn
爝	U+721D	tước
爞	U+721E	trùng
爟	U+721F	quán
爣	U+7223	lãng|thảng
爥	U+7225	chúc
爦	U+7226	lãm|lạm
爨	U+7228	soán|thoan|thoán|toán
爩	U+7229	uất
爪	U+722A	oa|trảo
爫	U+722B	trảo
爬	U+722C	ba|bà|bò
爭	U+722D	bào|tranh|tránh
爮	U+722E	bào
爯	U+722F	xưng
爰	U+7230	viên|vươn|ái
爱	U+7231	ái
爲	U+7232	vay|vi|vị
爵	U+7235	tước
父	U+7236	phụ|phủ
爷	U+7237	da|gia
爸	U+7238	ba|bà|bá|bả
爹	U+7239	đa|đà
爺	U+723A	da|gia
爻	U+723B	hào
爼	U+723C	trở
爽	U+723D	sảng|sửng
爾	U+723E	nhãi|nhĩ|nễ
爿	U+723F	tường
牀	U+7240	giường|sàng
牁	U+7241	ca
牂	U+7242	tang|tường
牅	U+7245	dung
牆	U+7246	teo|tường
片	U+7247	phiến
版	U+7248	bản|bổn
牉	U+7249	phán
牋	U+724B	tiên
牌	U+724C	bài
牍	U+724D	độc
牎	U+724E	song
牏	U+724F	du
牐	U+7250	sáp
牒	U+7252	điệp
牓	U+7253	bảng
牕	U+7255	song
牖	U+7256	dũ|dữu
牘	U+7258	độc
牙	U+7259	nha
牚	U+725A	sanh|xanh
牛	U+725B	ngưu
牜	U+725C	nguy|ngưu
牝	U+725D	bẫn|tẫn
牟	U+725F	màu|mâu|mưu|rậm
牠	U+7260	tha|đà
牡	U+7261	mẫu
牢	U+7262	lao
牣	U+7263	nhẫn|nhận|nhẳn
牦	U+7266	ly|mao
牧	U+7267	mẫu|mục
物	U+7269	vật
牪	U+726A	ngạn
牫	U+726B	phạt
牮	U+726E	tiến
牯	U+726F	cổ
牲	U+7272	sanh|sinh
牳	U+7273	mẫu
牴	U+7274	để
牵	U+7275	khiên|khản
牷	U+7277	toàn
牸	U+7278	tự
特	U+7279	đặc
牺	U+727A	hy
牻	U+727B	mang
牼	U+727C	khanh|kinh
牽	U+727D	khiên|khản
牾	U+727E	ngỗ|ngộ
牿	U+727F	cố|cốc
犀	U+7280	tê
犁	U+7281	ly|lê
犂	U+7282	lê|lưu
犄	U+7284	cơ|ky|ỷ
犅	U+7285	cương
犆	U+7286	đặc
犇	U+7287	bôn
犈	U+7288	quyền
犉	U+7289	nhuyên|thuần
犊	U+728A	độc
犋	U+728B	cụ
犌	U+728C	gia
犍	U+728D	kiên|kiền
犎	U+728E	phong
犏	U+728F	biên|thiên
犐	U+7290	khoa
犒	U+7292	khao
犓	U+7293	xu
犖	U+7296	lao|lạc
犗	U+7297	giới
犙	U+7299	tam
犚	U+729A	úy
犛	U+729B	ly|mao|tê
犝	U+729D	đồng
犠	U+72A0	hy|nghé
犢	U+72A2	độc
犣	U+72A3	liệp|yểng
犤	U+72A4	bi
犦	U+72A6	báo
犧	U+72A7	hy
犨	U+72A8	sưu|thù
犩	U+72A9	nguy
犪	U+72AA	quỳ
犫	U+72AB	sưu|thù
犬	U+72AC	khuyển
犭	U+72AD	khuyển
犮	U+72AE	bạt
犯	U+72AF	phạm
犰	U+72B0	cừu|cửu
犲	U+72B2	sài
犴	U+72B4	can|hãn|ngan|ngạn
犵	U+72B5	cật|khất|ngật
状	U+72B6	trạng
犷	U+72B7	quáng|quánh|quảng
犸	U+72B8	mã
犹	U+72B9	do|du|dứu
犺	U+72BA	hống|kháng
犼	U+72BC	hống
犽	U+72BD	nha
犿	U+72BF	phiên
狀	U+72C0	duẫn|trạng
狁	U+72C1	doãn|duẫn
狂	U+72C2	cuồng
狃	U+72C3	nứu|nữu
狄	U+72C4	thích|địch
狆	U+72C6	trung|trọng
狇	U+72C7	bái|mộc
狈	U+72C8	bái
狉	U+72C9	phi
狊	U+72CA	hích|xú
狋	U+72CB	nghi
狌	U+72CC	bích|sinh|tinh|tính
狍	U+72CD	bào
狎	U+72CE	hiệp
狐	U+72D0	hồ
狑	U+72D1	linh
狒	U+72D2	phí|phất|thiêm
狓	U+72D3	phi
狔	U+72D4	nai|nỉ|phi
狖	U+72D6	dứu
狗	U+72D7	cẩu
狘	U+72D8	huyết|quyên
狙	U+72D9	thư|trớ
狚	U+72DA	đán
狜	U+72DC	cổ|tiển
狝	U+72DD	tiển
狞	U+72DE	nanh|ninh
狟	U+72DF	hoàn
狠	U+72E0	ngoan|ngận
狡	U+72E1	giảo
狢	U+72E2	hạc
狥	U+72E5	tuân|tuẫn
狧	U+72E7	tháp
狨	U+72E8	nhung
狩	U+72E9	thú
狪	U+72EA	thông
狫	U+72EB	lao|lão
独	U+72EC	độc
狭	U+72ED	hiệp
狮	U+72EE	sư
狯	U+72EF	quái
狰	U+72F0	tranh
狱	U+72F1	ngục
狲	U+72F2	tôn
狴	U+72F4	bệ
狶	U+72F6	hỷ
狷	U+72F7	quyên|quyến
狸	U+72F8	li|ly|uất
狹	U+72F9	chân|hiệp|hẹp
狺	U+72FA	ngân
狻	U+72FB	toan
狼	U+72FC	lang|lừa
狽	U+72FD	bái|bối
狾	U+72FE	chế
猀	U+7300	sa
猁	U+7301	lị|lợi|lỵ
猂	U+7302	hãn
猃	U+7303	hiểm
猇	U+7307	hao|hổ|khiêu
猈	U+7308	bãi
猉	U+7309	cầy
猊	U+730A	nghê
猋	U+730B	tiêu
猍	U+730D	lai|liệp|lạp
猎	U+730E	liệp|lạp
猑	U+7311	côn
猒	U+7312	yêm
猓	U+7313	quả
猕	U+7315	di|mi
猖	U+7316	xương|xướng
猗	U+7317	uy|y|ả|ỷ
猘	U+7318	chế|chệ
猙	U+7319	tranh
猛	U+731B	mãnh
猜	U+731C	sai|thai|xai
猝	U+731D	thốt
猞	U+731E	sá|xá
猟	U+731F	liệp|lạp
猡	U+7321	la
猢	U+7322	hồ
猣	U+7323	tông
猤	U+7324	quý
猥	U+7325	ổi
猧	U+7327	oa
猨	U+7328	viên
猩	U+7329	tinh
猪	U+732A	trư
猫	U+732B	miêu
猬	U+732C	vị
猭	U+732D	duyên
献	U+732E	hiến|ta
猰	U+7330	khiết
猱	U+7331	nao|nhu
猲	U+7332	cát|hiết|hạt|yết
猳	U+7333	gia
猴	U+7334	hầu
猵	U+7335	biên|biển
猶	U+7336	do|dứu|đạo
猷	U+7337	du
猺	U+733A	dao|diêu
猻	U+733B	tôn
猼	U+733C	bác
猾	U+733E	hoạt
猿	U+733F	rô|viên|vượn
獀	U+7340	sưu
獁	U+7341	mã
獂	U+7342	cáng|hoàn
獃	U+7343	ngai|ngốc
獄	U+7344	ngục|đong
獅	U+7345	sư|tép
獆	U+7346	hào|trăn
獉	U+7349	trăn
獋	U+734B	hào
獍	U+734D	cánh|kính
獎	U+734E	tưởng
獏	U+734F	mô
獐	U+7350	chương|tràng
獑	U+7351	sàm
獒	U+7352	ngao
獓	U+7353	ngao|ngáo
獗	U+7357	quyết|quệ
獘	U+7358	bệ|tệ
獙	U+7359	tệ
獚	U+735A	hoàng
獝	U+735D	huất|húc
獞	U+735E	đồng
獟	U+735F	hiêu|nghiêu
獠	U+7360	cần|liêu|lão
獢	U+7362	kiêu
獣	U+7363	thú
獥	U+7365	kích
獦	U+7366	cát
獧	U+7367	quyến
獨	U+7368	độc
獩	U+7369	uế
獪	U+736A	khoái|quái
獫	U+736B	hiểm|kiểm
獬	U+736C	giải|hãi|hải
獭	U+736D	thát
獮	U+736E	tiển|tiễn
獯	U+736F	huân
獰	U+7370	nanh|ninh
獱	U+7371	tân
獲	U+7372	hoạch|hoắt
獳	U+7373	mông|nậu
獴	U+7374	mông
獵	U+7375	liệp|lạp|lốp
獶	U+7376	não
獷	U+7377	quáng|quánh|quảng
獸	U+7378	thú
獹	U+7379	lô|lư
獺	U+737A	rái|thát
獻	U+737B	hiến|ta
獼	U+737C	di|mi
獽	U+737D	nhương
獾	U+737E	hoan
獿	U+737F	nao
玀	U+7380	la
玁	U+7381	hiềm|hiểm
玂	U+7382	kỳ
玃	U+7383	quặc
玄	U+7384	huyền
玅	U+7385	diệu
玆	U+7386	huyền|tư
率	U+7387	luật|lô|soát|suất|súy
玈	U+7388	lô
玉	U+7389	ngọc|túc
玊	U+738A	ngọc|túc
王	U+738B	ngọc|vương|vượng
玍	U+738D	ca
玎	U+738E	tranh|đinh
玏	U+738F	ky|lặc
玑	U+7391	cơ|ky
玓	U+7393	đích
玔	U+7394	xuyến
玕	U+7395	can
玖	U+7396	cửu
玗	U+7397	dư|vu
玘	U+7398	khỉ
玙	U+7399	dư|dữ
玚	U+739A	dương|sướng|đãng
玛	U+739B	mã
玞	U+739E	phu
玟	U+739F	mai|mân|văn
玠	U+73A0	giới
玡	U+73A1	ngà|nha
玢	U+73A2	bân|phân
玤	U+73A4	bạng|bổng|nguyệt
玥	U+73A5	ngoạt|nguyệt
玦	U+73A6	quyết
玨	U+73A8	giác|quyết
玩	U+73A9	ngoạn
玪	U+73AA	giam
玫	U+73AB	mai|mân|phốc
玬	U+73AC	xú
玭	U+73AD	biền|phần|tần|vĩ
玮	U+73AE	vĩ
环	U+73AF	hoàn
现	U+73B0	hiện
玱	U+73B1	thương
玲	U+73B2	linh|liếng
玳	U+73B3	ngan|thương|đại|đồi
玷	U+73B7	dẽ|điêm|điếm
玺	U+73BA	tỷ
玻	U+73BB	pha
玼	U+73BC	thí|thể|thử|tỳ
珀	U+73C0	phách
珂	U+73C2	kha
珅	U+73C5	thân
珇	U+73C7	tổ
珈	U+73C8	gia|già
珉	U+73C9	dân|mân
珊	U+73CA	san
珌	U+73CC	tất
珍	U+73CD	trân
珎	U+73CE	trân
珏	U+73CF	giác|pháp
珐	U+73D0	pháp
珑	U+73D1	lung
珓	U+73D3	giảo
珔	U+73D4	tiến
珖	U+73D6	quang
珙	U+73D9	củng
珛	U+73DB	khứu|xú
珞	U+73DE	lạc|lộ
珠	U+73E0	chu|châu
珡	U+73E1	cầm
珣	U+73E3	tuân|tuần
珤	U+73E4	bảo
珥	U+73E5	nhĩ|nhẹ|nhị|yến
珦	U+73E6	hướng
珧	U+73E7	dao|diêu
珩	U+73E9	hoành|hành
珪	U+73EA	khuê
班	U+73ED	ban
珮	U+73EE	bội
珰	U+73F0	đang|đương
珲	U+73F2	huy|hồn
珶	U+73F6	đề
珷	U+73F7	vũ
珺	U+73FA	quân|quận
珽	U+73FD	đĩnh
現	U+73FE	hiện
琀	U+7400	hàm
琁	U+7401	quỳnh|toàn
球	U+7403	cầu
琅	U+7405	lang|lãng
理	U+7406	lí|lý
琇	U+7407	tú
琉	U+7409	lưu
琊	U+740A	da|gia|nha
琎	U+740E	liễn|tấn
琏	U+740F	liễn
琐	U+7410	tỏa
琖	U+7416	trản
琗	U+7417	tối
琚	U+741A	cư
琛	U+741B	sâm|thám
琜	U+741C	trai
琢	U+7422	chác|trác
琣	U+7423	bội
琤	U+7424	sanh|tranh
琥	U+7425	hô|hổ
琦	U+7426	cơ|ky|kỳ
琨	U+7428	côn
琪	U+742A	kỳ
琫	U+742B	bồng|bổng
琬	U+742C	uyển
琭	U+742D	lộc|lục
琮	U+742E	tông
琯	U+742F	quan|quản
琰	U+7430	diễm|diệm
琱	U+7431	chu|tủi|điêu
琲	U+7432	bội|tủi
琳	U+7433	lâm
琴	U+7434	cầm
琵	U+7435	tì|tỳ
琶	U+7436	bà|cầm
琹	U+7439	cầm
琺	U+743A	pháp
琼	U+743C	quỳnh
琿	U+743F	huy|hồn
瑀	U+7440	vũ
瑁	U+7441	cười|mạc|mạo|mồi|mội
瑂	U+7442	mi
瑄	U+7444	tuyên
瑅	U+7445	đề
瑇	U+7447	đại
瑉	U+7449	mân
瑊	U+744A	châm|giam|sung|thiêm
瑋	U+744B	vĩ
瑌	U+744C	nhuyễn
瑑	U+7451	chiện|soạn|triện
瑒	U+7452	dương|sướng|sưởng|đãng
瑔	U+7454	toàn
瑕	U+7455	hà
瑗	U+7457	viện
瑘	U+7458	da|gia
瑙	U+7459	não
瑚	U+745A	hô|hồ
瑛	U+745B	anh
瑜	U+745C	du
瑞	U+745E	thụy
瑟	U+745F	sắt
瑠	U+7460	lưu
瑢	U+7462	dong|dung
瑣	U+7463	tỏa
瑤	U+7464	dao|diêu|rơm
瑧	U+7467	trăn
瑨	U+7468	tấn
瑩	U+7469	oanh|oánh
瑪	U+746A	mã
瑫	U+746B	thao
瑬	U+746C	lưu|lật
瑭	U+746D	đường
瑮	U+746E	lật
瑯	U+746F	lang
瑰	U+7470	côi|khôi|quý
瑱	U+7471	chấn|thiến|thến|trấn|điền
瑲	U+7472	thương
瑳	U+7473	tha
瑴	U+7474	giác
瑶	U+7476	dao
瑷	U+7477	ái
瑸	U+7478	tân|tần
瑽	U+747D	thung|xung
瑾	U+747E	cấn|cẩn
瑿	U+747F	ê
璀	U+7480	thôi|thối|thổi
璁	U+7481	thông|tổng
璂	U+7482	ky
璃	U+7483	li|ly|lê|rế
璅	U+7485	tảo|tỏa
璆	U+7486	cù|cầu
璇	U+7487	toàn|tuyền
璈	U+7488	ngao|trạc
璉	U+7489	liễn
璊	U+748A	môn
璋	U+748B	chương
璎	U+748E	anh
璐	U+7490	lộ
璒	U+7492	đăng
璕	U+7495	tầm
璗	U+7497	đãng
璘	U+7498	lân
璙	U+7499	liêu|liệu
璚	U+749A	quyết|quỳnh
璜	U+749C	hoàng|huỳnh
璞	U+749E	bộc|phác
璟	U+749F	cảnh|kỉnh|ảnh
璠	U+74A0	phan|phiền|phàn|phồn
璡	U+74A1	tấn
璢	U+74A2	lưu
璣	U+74A3	cơ|ki|ky
璥	U+74A5	kính
璦	U+74A6	ái
璧	U+74A7	bích
璨	U+74A8	xán
璩	U+74A9	cù|cư|cừ|tuyền
璪	U+74AA	tảo
璫	U+74AB	đang|đương
璯	U+74AF	hội|khoái
環	U+74B0	hoàn
璱	U+74B1	sắt
璲	U+74B2	toại
璵	U+74B5	du|dư|dữ
璸	U+74B8	tân|tần
璺	U+74BA	hấn|vấn
璽	U+74BD	tỉ|tỷ
璿	U+74BF	tuyền
瓀	U+74C0	nhuyên|nhuyễn
瓃	U+74C3	yểng
瓅	U+74C5	lịch
瓈	U+74C8	ly|lê
瓊	U+74CA	quỳnh|sừng
瓌	U+74CC	côi|hoàn|khôi
瓏	U+74CF	lung
瓒	U+74D2	toản
瓔	U+74D4	anh
瓖	U+74D6	tương
瓘	U+74D8	quán
瓚	U+74DA	toán|toản|tán
瓛	U+74DB	hiến|hoàn
瓜	U+74DC	qua|trảo
瓝	U+74DD	bạc
瓞	U+74DE	điệt
瓟	U+74DF	bào|bạc
瓠	U+74E0	hoạch|hồ
瓢	U+74E2	biều|biểu|bầu
瓣	U+74E3	biện|bạn
瓤	U+74E4	nhương
瓦	U+74E6	ngói|ngõa
瓨	U+74E8	giang|thiênngoã  # @ok
瓩	U+74E9	thiênngoã  # @ok
瓫	U+74EB	bồn
瓮	U+74EE	ung|úng|ủng
瓯	U+74EF	âu
瓴	U+74F4	linh
瓶	U+74F6	bình
瓷	U+74F7	dậu|sứ|tư|từ
瓻	U+74FB	hi|hy|si
瓽	U+74FD	đáng
瓿	U+74FF	bầu|bẫu|phẫu
甀	U+7500	trụy
甁	U+7501	bình
甂	U+7502	mãn|thiên
甃	U+7503	thứu|trụ|trứu
甄	U+7504	chân|chấn
甆	U+7506	tư|từ
甇	U+7507	anh|oanh|trứu
甈	U+7508	khế
甊	U+750A	lậu
甋	U+750B	đích
甌	U+750C	âu
甍	U+750D	manh|mành|mông
甎	U+750E	chuyên
甏	U+750F	bạng|bảnh
甐	U+7510	lân
甑	U+7511	tắng|tặng
甒	U+7512	vũ
甓	U+7513	bích|bịch|tịch|uyển
甔	U+7514	đam|đàm
甕	U+7515	ung|úng|ống|ủng
甖	U+7516	anh
甗	U+7517	nghiễn
甘	U+7518	bả|cam
甙	U+7519	đại
甚	U+751A	thậm
甛	U+751B	điềm
甜	U+751C	điềm
甝	U+751D	hàm
甞	U+751E	thường
生	U+751F	sanh|sinh
甡	U+7521	sân
產	U+7522	sản
産	U+7523	sản
甥	U+7525	sanh|sinh
甦	U+7526	tô
用	U+7528	dụng
甩	U+7529	dụng|suất|súy|sủy
甪	U+752A	lộ|lộc|lục
甫	U+752B	phủ
甬	U+752C	dõng|dũng
甭	U+752D	bằng
甯	U+752F	ninh|nịnh
田	U+7530	điền
由	U+7531	do|điền
甲	U+7532	giáp|điền
申	U+7533	thân|điền
甴	U+7534	do|điền
电	U+7535	điện
甶	U+7536	phất
男	U+7537	nam
甸	U+7538	thịnh|điền|điện
甹	U+7539	phinh
町	U+753A	đinh|đỉnh
画	U+753B	hoạch|họa
甼	U+753C	đinh
甽	U+753D	khuyến|quyến
甾	U+753E	chuy|tri
甿	U+753F	manh
畀	U+7540	ty|tý|tỷ
畁	U+7541	tý
畂	U+7542	mẫu|sướng|điền
畄	U+7544	lưu
畅	U+7545	sướng
畆	U+7546	mẫu
畇	U+7547	quân|vân|vận
畈	U+7548	phiến|phán
畊	U+754A	canh
畋	U+754B	điền
界	U+754C	giới
畍	U+754D	giới
畎	U+754E	khuyến|khuyển|quyến
畏	U+754F	uý|úy
畐	U+7550	phúc
畑	U+7551	đèn
畔	U+7554	bạn|phán
留	U+7559	lưu
畚	U+755A	bôn|bản|bổn
畛	U+755B	chân|chẩn
畜	U+755C	chuỗi|húc|súc
畝	U+755D	mẫu
畞	U+755E	mẫu
畟	U+755F	trắc|tắc
畡	U+7561	cai
畢	U+7562	tất|đứt
畣	U+7563	đáp
畤	U+7564	trĩ
略	U+7565	lược
畦	U+7566	huề
畧	U+7567	lược
畨	U+7568	phiên
番	U+756A	ba|bà|dẻo|phan|phen|phiên
畫	U+756B	hoạ|hoạch|họa
畬	U+756C	dư|xa
畭	U+756D	dư|xa
畮	U+756E	mẫu
畯	U+756F	tuấn
異	U+7570	di|dị
畱	U+7571	lưu
畲	U+7572	dư|mác|phật|xa
畳	U+7573	điệp
畴	U+7574	trù
畵	U+7575	hoạch
當	U+7576	đang|đáng|đương
畷	U+7577	chuyết
畸	U+7578	cơ|ki|ky|kỳ
畹	U+7579	uyển
畺	U+757A	cưng|cương
畻	U+757B	thăng|trình
畽	U+757D	thoản|thỗn
畾	U+757E	lôi|lũy
畿	U+757F	ky|kì|kỳ
疁	U+7581	liêu|lân|thoản
疂	U+7582	điệp
疃	U+7583	thoản
疄	U+7584	lân
疆	U+7586	cương
疇	U+7587	trù|trừ
疈	U+7588	phúc
疉	U+7589	điệp
疊	U+758A	điệp
疋	U+758B	chính|nhã|sơ|sất|thất
疌	U+758C	tiệp
疎	U+758E	sơ|sớ
疏	U+758F	sơ|sớ
疐	U+7590	chí|trí
疑	U+7591	nghi|nghĩ|ngưng|ngật
疒	U+7592	nạch
疓	U+7593	đinh
疔	U+7594	đinh
疕	U+7595	phỉ|tiết
疖	U+7596	tiết
疗	U+7597	liệu|lểu
疘	U+7598	cương|dang|giang|xoang
疙	U+7599	khất|ngật
疚	U+759A	cứu|cửu|cữu|nhíu
疛	U+759B	chửu
疝	U+759D	sán
疟	U+759F	ngược
疠	U+75A0	lệ
疡	U+75A1	dương
疢	U+75A2	sấn
疣	U+75A3	vưu
疤	U+75A4	ba
疥	U+75A5	giới
疧	U+75A7	kỳ
疪	U+75AA	tì
疫	U+75AB	dịch
疬	U+75AC	lịch|lỵ
疭	U+75AD	túng
疮	U+75AE	sang
疯	U+75AF	phong
疰	U+75B0	chú
疱	U+75B1	bào|pháo
疲	U+75B2	bì
疳	U+75B3	cam
疴	U+75B4	a|kha|mạch
疵	U+75B5	thư|tỳ
疷	U+75B7	chi
疸	U+75B8	đan|đáp|đản|đớn
疹	U+75B9	chẩn
疻	U+75BB	chỉ
疼	U+75BC	đông
疽	U+75BD	thư
疾	U+75BE	tật
疿	U+75BF	phi|phí|phị
痀	U+75C0	câu|củ|khú
痁	U+75C1	thiêm
痂	U+75C2	gia|già
痃	U+75C3	hiền|huyền
痄	U+75C4	chá|trá
病	U+75C5	bệnh|bịnh
症	U+75C7	chưng|chứng|trưng
痈	U+75C8	ung
痉	U+75C9	kinh|kính
痊	U+75CA	thuyên
痌	U+75CC	thông|đồng
痍	U+75CD	di
痎	U+75CE	giai
痏	U+75CF	vĩ|vị
痐	U+75D0	hồi
痑	U+75D1	đả
痒	U+75D2	dương|dưỡng|dạng
痔	U+75D4	trĩ
痕	U+75D5	ngân|ngấn|nốt
痖	U+75D6	á
痗	U+75D7	mại|mỗi|mội|một
痘	U+75D8	đậu
痙	U+75D9	kinh|kính
痚	U+75DA	hiêu
痛	U+75DB	thông|thống
痞	U+75DE	bĩ
痟	U+75DF	tiêu
痠	U+75E0	toan
痡	U+75E1	phu|phô
痢	U+75E2	lị|lợi|lỵ
痣	U+75E3	chí
痤	U+75E4	toa|tòa|tọa
痦	U+75E6	ngộ
痧	U+75E7	sa
痨	U+75E8	lao
痩	U+75E9	sấu
痪	U+75EA	hoán
痫	U+75EB	giản|nhàn
痯	U+75EF	quản
痰	U+75F0	đàm|đờm
痱	U+75F1	lâm|phi|phỉ|phị
痲	U+75F2	ma
痳	U+75F3	lâm
痴	U+75F4	si
痵	U+75F5	quý|điển
痶	U+75F6	điển|đẹn
痹	U+75F9	ty|tê|tý
痺	U+75FA	ty|tê|tý|tỳ
痻	U+75FB	mân
痼	U+75FC	bễ|cố
痾	U+75FE	a|kha
痿	U+75FF	nuy|oải|ủy
瘀	U+7600	ứ
瘁	U+7601	thốt|tuỵ|tụy
瘂	U+7602	á
瘃	U+7603	chúc
瘅	U+7605	đan|đả|đản
瘇	U+7607	chủng
瘈	U+7608	khiết|khế|xiết
瘉	U+7609	dũ|dụ
瘊	U+760A	hầu
瘋	U+760B	phong
瘌	U+760C	lạt
瘍	U+760D	dương
瘏	U+760F	đồ
瘐	U+7610	dũ|dữ|sấu
瘑	U+7611	qua
瘓	U+7613	hoán
瘕	U+7615	gia|hà
瘖	U+7616	âm|ấm|ốm
瘗	U+7617	ế
瘘	U+7618	lu|lâu|lũ
瘙	U+7619	tao
瘚	U+761A	quyết
瘛	U+761B	khiết|xiết
瘜	U+761C	tức
瘝	U+761D	quan
瘞	U+761E	ế
瘟	U+761F	ôn
瘠	U+7620	tích|tương
瘡	U+7621	sang
瘢	U+7622	ban|bàn
瘤	U+7624	lưu|lựu
瘥	U+7625	sai|sái|ta
瘦	U+7626	sấu|xấu
瘧	U+7627	ngược
瘨	U+7628	điên
瘩	U+7629	đáp
瘪	U+762A	biết|biệt|miết|tất
瘫	U+762B	than
瘭	U+762D	phiếu|tiêu|tiếu
瘯	U+762F	thốc|tộc
瘰	U+7630	loa|lõa|lỗi
瘱	U+7631	ý
瘲	U+7632	tung|túng
瘳	U+7633	liêu|sưu|trừu
瘴	U+7634	chướng
瘵	U+7635	sái
瘸	U+7638	qua
瘺	U+763A	lũ|lậu
瘻	U+763B	lu|lâu|lũ
瘼	U+763C	mạc
瘾	U+763E	ẩn
瘿	U+763F	anh
療	U+7642	liêu|liệu
癃	U+7643	long|lung
癄	U+7644	tiều
癅	U+7645	lưu|lựu
癆	U+7646	còm|lao
癇	U+7647	giản|nhàn
癈	U+7648	phích|phế
癉	U+7649	đan|đơn|đạn|đả|đản
癊	U+764A	ấm
癌	U+764C	ngai|nham
癍	U+764D	ban
癎	U+764E	giản
癐	U+7650	hủi|quặm|uy
癑	U+7651	nùng|nồng
癒	U+7652	dũ|dụ|ngu
癓	U+7653	huệ
癕	U+7655	ung
癖	U+7656	phích|tích
癗	U+7657	lũy|lỗi
癘	U+7658	lệ
癙	U+7659	thử
癜	U+765C	điến|đẹn
癞	U+765E	lại
癟	U+765F	biên|biết|biệt|miết|tất
癠	U+7660	tễ
癡	U+7661	si
癢	U+7662	dương|dưỡng|dạng
癣	U+7663	tiển
癤	U+7664	tiết
癥	U+7665	chưng|chứng|trưng
癧	U+7667	lịch
癨	U+7668	hoắc
癩	U+7669	lại
癫	U+766B	điên
癬	U+766C	tiền|tiển
癭	U+766D	anh
癮	U+766E	ẩn
癯	U+766F	cù
癰	U+7670	ung
癱	U+7671	than
癲	U+7672	điên
癵	U+7675	loan
癶	U+7676	bát|đăng
癸	U+7678	quý
発	U+767A	bát|phát
登	U+767B	đãng|đăng
發	U+767C	bát|phát
白	U+767D	bạch
百	U+767E	bá|bách|mạch|vầu
皀	U+7680	tấp
皁	U+7681	tạo
皂	U+7682	tạo|tấp
皃	U+7683	mạc|mạo
的	U+7684	đích|để
皆	U+7686	giai
皇	U+7687	hoàng|huỳnh
皈	U+7688	quy
皋	U+768B	cao|cau|hao|hạo|đậu
皍	U+768D	tức
皎	U+768E	giảo|hiệu|hạo|kiểu
皏	U+768F	tư
皐	U+7690	cao|cau
皑	U+7691	ngai
皓	U+7693	cáo|cảo|hạo
皕	U+7695	bức
皖	U+7696	hoàn|hoán|hoãn|hoản
皙	U+7699	tích
皚	U+769A	ngai
皛	U+769B	hiểu
皜	U+769C	cảo|hạo
皞	U+769E	cao|hao|hạo
皠	U+76A0	hạo|thối
皡	U+76A1	hạo
皤	U+76A4	ba|bà
皦	U+76A6	kiểu
皪	U+76AA	lịch
皫	U+76AB	phiếu
皭	U+76AD	tước
皮	U+76AE	bì
皯	U+76AF	cán
皰	U+76B0	bao|pháo
皱	U+76B1	trứu
皲	U+76B2	quân
皴	U+76B4	thoan|thuân
皵	U+76B5	thước
皷	U+76B7	cổ
皸	U+76B8	quân
皺	U+76BA	trâu|trứu
皻	U+76BB	cha|tra
皼	U+76BC	cổ
皽	U+76BD	cha|cổ|triển
皾	U+76BE	độc
皿	U+76BF	mãnh|mẫn
盂	U+76C2	vu
盃	U+76C3	bôi
盄	U+76C4	chiêu
盅	U+76C5	chung|trung
盆	U+76C6	bồn|phơ
盇	U+76C7	hạp
盈	U+76C8	doanh|dềnh
盉	U+76C9	hòa
益	U+76CA	ích
盋	U+76CB	bát
盌	U+76CC	oản|uyển
盍	U+76CD	hạp
盎	U+76CE	ang|áng
盏	U+76CF	trản
盐	U+76D0	diêm|diễm
监	U+76D1	giam|giám
盒	U+76D2	hạp|hộp
盔	U+76D4	khôi
盖	U+76D6	cái|hạp
盗	U+76D7	bàn|đạo
盘	U+76D8	bàn
盚	U+76DA	cầu
盛	U+76DB	thành|thình|thạnh|thịnh
盜	U+76DC	dừa|đạo
盝	U+76DD	lộc|lục
盞	U+76DE	chén|trản
盟	U+76DF	minh
盠	U+76E0	lễ
盡	U+76E1	tẫn|tận
監	U+76E3	giam|giám
盤	U+76E4	bàn|đế
盥	U+76E5	quán
盦	U+76E6	am
盧	U+76E7	lô|lư
盩	U+76E9	chu|châu
盪	U+76EA	đãng
盬	U+76EC	cổ
盭	U+76ED	lệ
目	U+76EE	mục
盯	U+76EF	trành|đinh
盰	U+76F0	cán|hu
盱	U+76F1	hu
盲	U+76F2	mang|manh|vọng|xồm
盳	U+76F3	manh
直	U+76F4	trặc|trị|trực
盵	U+76F5	khí|kính
盷	U+76F7	điền
相	U+76F8	tương|tướng
盹	U+76F9	chuân|truân|đồn|độn
盻	U+76FB	hễ|hệ|miện
盼	U+76FC	miện|phiến|phán
盾	U+76FE	mi|thuẫn
省	U+7701	hung|sảnh|tỉnh
眃	U+7703	hỗn
眄	U+7704	miến|miện
眅	U+7705	phan
眆	U+7706	phảng
眇	U+7707	diểu|diệu|dẻo|miêu|miểu|miễu
眈	U+7708	xẩm|đam
眉	U+7709	mi|my
眊	U+770A	mạo
看	U+770B	khan|khán|trầu
県	U+770C	huyền
眍	U+770D	khu
眎	U+770E	thị
眐	U+7710	chánh|chính
眑	U+7711	thốc|yểu
眓	U+7713	mù
眔	U+7714	đạp
眕	U+7715	chẩn
眘	U+7718	thận
眙	U+7719	di|dị|sỉ
眚	U+771A	sảnh
眛	U+771B	muội
眜	U+771C	mắt
眞	U+771E	chân|mãn
真	U+771F	chân
眠	U+7720	miên
眡	U+7721	thị
眢	U+7722	oan|uyên
眣	U+7723	chợt|điệt
眤	U+7724	di
眥	U+7725	trại|tí|tý|xải|xế
眦	U+7726	trại|tý|xải
眨	U+7728	biếm|triếp|tráp|trát
眩	U+7729	gioèn|huyễn
眪	U+772A	rĩnh
眬	U+772C	lung
眭	U+772D	huy|huề|khoé|khôi|tuy|vờ
眯	U+772F	mi|mê|mễ|mị
眱	U+7731	di
眲	U+7732	nhị
眳	U+7733	danh|huyễn|thuấn
眴	U+7734	huyễn|thuấn
眵	U+7735	si
眶	U+7736	khuôn|khuông
眷	U+7737	quyến
眸	U+7738	mâu
眹	U+7739	trẫm
眺	U+773A	thiếu
眼	U+773C	cua|nhãn|nhản|nhẫn
眽	U+773D	mạch
眾	U+773E	chúng
着	U+7740	hồ|khán|trước|trứ|trữ
睁	U+7741	tranh|tĩnh
睂	U+7742	mi
睄	U+7744	sảo
睅	U+7745	han|hãn|hạn
睆	U+7746	hoãn|hoản
睇	U+7747	thê|thế|đê|đệ
睊	U+774A	quyên|quyến
睋	U+774B	nga
睍	U+774D	hiển|hiện
睎	U+774E	hy
睏	U+774F	khốn
睐	U+7750	lai|lãi
睑	U+7751	kiểm
睒	U+7752	cò|gườm|thiểm
睕	U+7755	lăng|uyên
睖	U+7756	lăng
睗	U+7757	thích
睘	U+7758	quỳnh
睙	U+7759	liệt
睚	U+775A	nhai
睛	U+775B	tinh|tình
睜	U+775C	tranh|tĩnh
睞	U+775E	lai|lãi
睟	U+775F	túy
睠	U+7760	bí|quyến
睡	U+7761	thụy
睢	U+7762	duy|huy|thư|tuy
督	U+7763	đốc
睤	U+7764	bễ
睥	U+7765	bễ|tỳ
睦	U+7766	mục
睨	U+7768	nghễ
睩	U+7769	lộc|lục|trắc
睪	U+776A	cao|dịch|nhiếp|trạch|đố
睫	U+776B	tiệp
睬	U+776C	thái|thải
睭	U+776D	chửu
睮	U+776E	du
睯	U+776F	hôn
睸	U+7778	mí
睹	U+7779	đổ|đủ
睺	U+777A	hầu
睼	U+777C	đề
睽	U+777D	khuê|khê|quý
睾	U+777E	cao|dịch|nhiếp|trạch|đố
睿	U+777F	duệ
瞀	U+7780	mậu
瞂	U+7782	phạt
瞄	U+7784	miêu|miểu
瞅	U+7785	thiếu|thiểu|thiễu|thu
瞆	U+7786	quý
瞇	U+7787	mi|mễ|mị
瞊	U+778A	giải
瞋	U+778B	miễn|sân|trân|trấn
瞌	U+778C	hạp|khạp|trí
瞍	U+778D	tẩu
瞎	U+778E	hạt|luyện
瞏	U+778F	quỳnh
瞑	U+7791	giam|manh|minh|miên|miễn|thằn
瞒	U+7792	man|môn
瞖	U+7796	ế
瞘	U+7798	khu
瞙	U+7799	mạc
瞚	U+779A	thuấn
瞛	U+779B	lâu|thung
瞜	U+779C	lâu|lũ|xưởng
瞝	U+779D	si
瞞	U+779E	man|mãn|môn|mạn
瞟	U+779F	phiêu|phiếu|phiểu
瞠	U+77A0	sanh|xanh|đường
瞡	U+77A1	quy
瞢	U+77A2	mông|măng
瞤	U+77A4	nhuần|nhuận|thuấn|thuần
瞥	U+77A5	miết|phách|tệ
瞧	U+77A7	tiêu|tiều
瞩	U+77A9	chúc
瞪	U+77AA	trừng
瞫	U+77AB	thẩm
瞬	U+77AC	thuấn
瞭	U+77AD	liêu|liễu|liệu|lẹo|túng
瞰	U+77B0	hám|khám
瞲	U+77B2	huyết
瞳	U+77B3	chàng|tròng|đồng
瞵	U+77B5	lân
瞶	U+77B6	quý
瞷	U+77B7	gian|giám|gián|giản|nhàn
瞻	U+77BB	chiêm
瞼	U+77BC	kiểm|lim|liễm
瞽	U+77BD	cổ
瞾	U+77BE	chiếu
瞿	U+77BF	cù|cồ|củ
矁	U+77C1	thiểu|thiễu|thu
矆	U+77C6	hoạch
矇	U+77C7	mông
矉	U+77C9	tần
矊	U+77CA	miên
矌	U+77CC	quạng
矍	U+77CD	cù|quyết|quắc
矎	U+77CE	huyến|huýnh
矐	U+77D0	hoắc|hoắt
矑	U+77D1	kẻ|lô|lờ
矓	U+77D3	lung
矔	U+77D4	quán
矕	U+77D5	mãn
矖	U+77D6	ly
矗	U+77D7	súc|sốc|sực|trực|xúc
矘	U+77D8	thảng
矙	U+77D9	khám
矚	U+77DA	chúc
矛	U+77DB	mâu
矜	U+77DC	căng|quan
矞	U+77DE	duật|húc|quyệt
矟	U+77DF	sác|sáo|sóc
矠	U+77E0	sáo|tích
矢	U+77E2	ngao|thi|thỉ
矣	U+77E3	hĩ|hỉ|hỷ|hỹ
矤	U+77E4	sấn
知	U+77E5	tri|trí
矦	U+77E6	hầu
矧	U+77E7	sấn|thẩn
矩	U+77E9	củ|cự
矫	U+77EB	kiểu
矬	U+77EC	toa|tòa
短	U+77ED	đoản
矮	U+77EE	kinh|nuy|nụy|oải|uy|ải
矯	U+77EF	kiểu|sào
矰	U+77F0	tăng
矱	U+77F1	hoạch
矲	U+77F2	bái|bả
石	U+77F3	thạch|đạn
矴	U+77F4	đính|đĩnh
矶	U+77F6	ky
矸	U+77F8	can|ngạn
矹	U+77F9	ngột
矻	U+77FB	khốt|ngột|quát
矼	U+77FC	cang|khang|xang|xoang
矽	U+77FD	tịch|đãi
矾	U+77FE	phàn
矿	U+77FF	khoáng|quáng
砀	U+7800	nãng|nương|đãng
码	U+7801	mã
砂	U+7802	sa
砃	U+7803	đan
砅	U+7805	lệ
砆	U+7806	phu
砉	U+7809	hoạch
砌	U+780C	thiết|thế|xế
砍	U+780D	ha|khảm|khản
砏	U+780F	phàn
砐	U+7810	ngập
砑	U+7811	nha|nhạ
砒	U+7812	phê|tì|tỳ
研	U+7814	khăn|nghiên|nghiễn
砕	U+7815	toái
砖	U+7816	chuyên
砗	U+7817	xa
砚	U+781A	nghiễn
砜	U+781C	phong
砝	U+781D	khứ|kiếp|pháp
砟	U+781F	tra|tạc
砠	U+7820	thư|thả
砢	U+7822	kha|lõa
砣	U+7823	bạn|đà
砥	U+7825	chỉ|để
砦	U+7826	trại
砧	U+7827	chiêm|châm|chỉm|khâm|trạm
砨	U+7828	ải
砩	U+7829	phất|phế
砭	U+782D	biêm|biếm|bìm|đãy
砮	U+782E	nỗ
砰	U+7830	bình|phanh
砲	U+7832	bâu|pháo
砳	U+7833	lặc
破	U+7834	phá
砵	U+7835	bát|thân
砷	U+7837	thân
砸	U+7838	táp|tạp
砺	U+783A	lệ
砻	U+783B	lung
砼	U+783C	đồng
砾	U+783E	lịch
砿	U+783F	khoáng
础	U+7840	sở
硁	U+7841	khanh
硃	U+7843	chu|châu
硅	U+7845	khuê
硇	U+7847	kính|nao|não|nạo
硉	U+7849	luật
硊	U+784A	ngụy
硋	U+784B	các|lạc|ngại
硌	U+784C	các|lạc|ngắc
硍	U+784D	hạn|khẩn|khẳng
硎	U+784E	hình
硏	U+784F	nghiên|nghiễn|tây
硐	U+7850	đồng|động
硒	U+7852	thạc|tây
硕	U+7855	thạc
硖	U+7856	giáp|hạp
硗	U+7857	khao|khiêu|nghiêu|sao
硙	U+7859	cai|ngôi|ngại
硚	U+785A	kiều
硜	U+785C	khanh
硝	U+785D	tiêu
硠	U+7860	lang
硡	U+7861	hoành
硤	U+7864	giáp|hiệp|hạp
硧	U+7867	câu
硨	U+7868	xa|xà
硪	U+786A	nga|ngã|ngạ
硫	U+786B	lưu
硬	U+786C	khư|ngạnh
硭	U+786D	mang
确	U+786E	khác|sác|xác
硯	U+786F	khố|nghiền|nghiễn
硶	U+7876	sầm
硷	U+7877	dảm|kiềm|thiêm
硻	U+787B	khanh|tủ
硼	U+787C	bằng|phanh
硾	U+787E	trụy
硿	U+787F	không
碁	U+7881	cờ|kỳ
碃	U+7883	thanh
碄	U+7884	lâm
碅	U+7885	khuân
碆	U+7886	ba
碇	U+7887	đính|đĩnh
碉	U+7889	điêu|điều
碌	U+788C	lộc|lục|lựu
碍	U+788D	ngại
碎	U+788E	toái
碏	U+788F	thác|thước
碐	U+7890	lăng
碑	U+7891	bi
碒	U+7892	ngâm
碓	U+7893	đối
碔	U+7894	vũ
碕	U+7895	kỳ
碗	U+7897	oản|uyển
碘	U+7898	tuy|điền|điển
碙	U+7899	cương|nạo
碚	U+789A	bội
碛	U+789B	thích
碜	U+789C	sầm|sẩm
碞	U+789E	nham|yếm
碟	U+789F	điệp
碡	U+78A1	độc
碣	U+78A3	hạt|kiệt|kệ
碥	U+78A5	biến|biển
碧	U+78A7	bích|cời
碨	U+78A8	ôi
碩	U+78A9	thạc
碪	U+78AA	châm
碫	U+78AB	đoán|đoạn
碭	U+78AD	nãng|nương|đãng
碯	U+78AF	não
碰	U+78B0	binh|bánh|bính|tịnh
碱	U+78B1	dảm|giảm|kiềm|kiểm|thiêm
碲	U+78B2	đế
碳	U+78B3	thán
碴	U+78B4	tra|xỉ
碶	U+78B6	khế
碸	U+78B8	phong
確	U+78BA	duyên|duyến|sác|xác
碻	U+78BB	nghiêu|xác
碼	U+78BC	mã
碾	U+78BE	chiển|nghiễn|niển|niễn|triển|đoạn
磁	U+78C1	từ
磃	U+78C3	thấp
磅	U+78C5	bang|biên|bàn|bàng|bảng
磆	U+78C6	cốt|hoạt
磇	U+78C7	tỳ
磈	U+78C8	ủy
磉	U+78C9	tảng
磊	U+78CA	lối|lỗi|tuyến|tuân
磋	U+78CB	sa|tha|vải
磌	U+78CC	điền
磍	U+78CD	hạt
磎	U+78CE	khê
磏	U+78CF	liêm
磐	U+78D0	bàn
磑	U+78D1	cai|ngôi|ngại
磒	U+78D2	vẫn|vận
磓	U+78D3	đôi
磔	U+78D4	cạch|kiệt|kẹt|trách|trích|trạch
磕	U+78D5	hoãn|hạp|khái|khải
磗	U+78D7	chuyên|cổn
磙	U+78D9	cổn
磚	U+78DA	chuyên
磛	U+78DB	sàm
磝	U+78DD	ngao
磞	U+78DE	lựu|phanh
磟	U+78DF	lục|lựu
磠	U+78E0	lỗ
磡	U+78E1	khám|ngại
磢	U+78E2	sảng
磣	U+78E3	sầm|sẩm
磤	U+78E4	ân
磥	U+78E5	lỗi
磧	U+78E7	thích|trách|tích
磨	U+78E8	ma|mài|má
磪	U+78EA	sác|thôi
磬	U+78EC	khánh
磯	U+78EF	cơ|cưỡng|ki|ky
磲	U+78F2	cừ
磴	U+78F4	đắng|đặng
磵	U+78F5	giản
磶	U+78F6	tích
磷	U+78F7	co|lân|lấn|lận
磹	U+78F9	điệm
磺	U+78FA	hoàng|huỳnh|khiên|khoáng
磻	U+78FB	bà|bàn
磼	U+78FC	tập
磽	U+78FD	khao|khiêu|nghiêu|xao
磾	U+78FE	sạn|đê|đạn
磿	U+78FF	lịch
礁	U+7901	man|tiêu|tiều
礃	U+7903	chưởng
礄	U+7904	băng|kiều
礅	U+7905	đôn
礆	U+7906	dảm|kiềm|thiêm
礈	U+7908	trụy
礉	U+7909	khiếu
礊	U+790A	khách|lôi
礌	U+790C	lôi|lỗi|sỏi
礎	U+790E	sờ|sở
礏	U+790F	ngập
礒	U+7912	cương|nghị
礓	U+7913	cương
礔	U+7914	tích
礙	U+7919	ngại
礚	U+791A	khái
礛	U+791B	lam
礜	U+791C	dự|xác
礝	U+791D	nhuyễn
礞	U+791E	mông
礟	U+791F	pháo
礡	U+7921	bác|bạc
礤	U+7924	sát
礥	U+7925	hiền
礦	U+7926	khoáng|quáng
礧	U+7927	lôi|lỗi
礨	U+7928	lỗi
礩	U+7929	chí|chất
礪	U+792A	lệ
礫	U+792B	lịch
礬	U+792C	phàn|phèn|trối
礮	U+792E	bác|pháo
礱	U+7931	lung
礲	U+7932	bạc
礴	U+7934	bác|bạc
礵	U+7935	sương
礶	U+7936	quán
礹	U+7939	nham
示	U+793A	kì|kỳ|thị|đình
礻	U+793B	kỳ|thị
礼	U+793C	lễ
礽	U+793D	nhưng|quyên
社	U+793E	xã
礿	U+793F	dược|thược
祀	U+7940	tự
祁	U+7941	kì|kỳ
祂	U+7942	tha
祃	U+7943	mã
祅	U+7945	yêu
祆	U+7946	hiên|tiên|yêu
祇	U+7947	chi|chỉ|kì|kỳ
祈	U+7948	kì|kỳ
祉	U+7949	chỉ
祊	U+794A	banh
祋	U+794B	sánh
祎	U+794E	y
祏	U+794F	thạch
祐	U+7950	hữu|hựu
祑	U+7951	trật
祓	U+7953	phạt|phất
祔	U+7954	phụ
祕	U+7955	bí
祖	U+7956	tổ
祗	U+7957	chi|kỳ
祘	U+7958	toán
祚	U+795A	tạc|tộ
祛	U+795B	khư
祜	U+795C	hỗ|hộ
祝	U+795D	chú|chúc
神	U+795E	thần
祟	U+795F	chúy|trúy|túy|xúy
祠	U+7960	từ
祢	U+7962	nhĩ|nễ|nỉ
祥	U+7965	tường
祧	U+7967	dao|diêu|khiêu|thiêu
票	U+7968	phiêu|phiếu|tiêu
祪	U+796A	quỷ
祫	U+796B	hạp|hợp
祭	U+796D	sái|tế
祮	U+796E	trinh
祯	U+796F	trinh
祲	U+7972	tẩm
祳	U+7973	chấn|đảo
祴	U+7974	cai
祷	U+7977	đảo
祸	U+7978	họa
祺	U+797A	kì|kỳ
祻	U+797B	cố
祼	U+797C	lõa|lỏa|quán
祿	U+797F	lộc|lục
禀	U+7980	bẩm|bằng|lẫm
禁	U+7981	câm|cấm|cầm
禂	U+7982	đảo
禄	U+7984	lộc|lục|thiền|thiện
禅	U+7985	thiền|thiện
禊	U+798A	hễ|hệ
禋	U+798B	nhân|yên
禍	U+798D	hoạ|họa
禎	U+798E	trinh
福	U+798F	phúc|phước
禐	U+7990	túy
禒	U+7992	lộc
禓	U+7993	dương|thương|tự
禔	U+7994	đề
禕	U+7995	y
禖	U+7996	môi
禗	U+7997	tư
禘	U+7998	đế
禚	U+799A	chân|chước
禛	U+799B	chân
禠	U+79A0	tư
禡	U+79A1	mã
禤	U+79A4	huyên
禦	U+79A6	ngừa|ngữ|ngự|nhạ
禧	U+79A7	hi|hy|hỷ
禨	U+79A8	cơ|ky|kỵ
禩	U+79A9	tự
禪	U+79AA	thiền|thiện
禫	U+79AB	thiện|đạm|đệm
禬	U+79AC	cối|quái
禮	U+79AE	lễ
禰	U+79B0	nhĩ|nễ|nỉ
禱	U+79B1	đảo
禳	U+79B3	nhương
禴	U+79B4	dược
禸	U+79B8	nhụ|nhữu|nhựu
禹	U+79B9	dừng|ngu|vũ
禺	U+79BA	ngu|ngung|ngụ
离	U+79BB	cầm|le|ly|lệ
禼	U+79BC	tiết
禽	U+79BD	cầm
禾	U+79BE	hòa
禿	U+79BF	ngốc|thóc|thốc
秀	U+79C0	tú
私	U+79C1	tư
秃	U+79C3	ngốc|thốc
秄	U+79C4	tử
秅	U+79C5	thác|trà
秆	U+79C6	cán
秇	U+79C7	vân
秈	U+79C8	tiên
秉	U+79C9	bảnh|bỉnh
秊	U+79CA	niên
秋	U+79CB	thu|thâu
秌	U+79CC	thu
种	U+79CD	chúng|chủng|trùng|xung
秏	U+79CF	háo|hạo
秐	U+79D0	vân
科	U+79D1	khoa
秒	U+79D2	miểu|miễu|sao
秔	U+79D4	canh
秕	U+79D5	bì|bệ|bỉ|chủy|tỷ
秖	U+79D6	chỉ|kì|kỳ
秘	U+79D8	bí
秜	U+79DC	ni
秝	U+79DD	lịch|uông
秞	U+79DE	dứu
租	U+79DF	dịp|tô
秠	U+79E0	phi
秣	U+79E3	mạt
秤	U+79E4	xứng
秥	U+79E5	chiêm
秦	U+79E6	tần
秧	U+79E7	ương|ưởng
秩	U+79E9	chật|dật|trật
秪	U+79EA	chi|chỉ
秫	U+79EB	thuật
秬	U+79EC	cự
秭	U+79ED	tỉ|tỷ
积	U+79EF	tích|tý
称	U+79F0	xưng|xứng
秷	U+79F7	chất|gié|trất|xứng
秸	U+79F8	giai|gặt|kiết
秺	U+79FA	trà
移	U+79FB	di|dị|dời|sỉ|xỉ
秼	U+79FC	nghị
秽	U+79FD	uế
秾	U+79FE	nùng
稀	U+7A00	hi|hy
稂	U+7A02	lang
稃	U+7A03	phu|phù
稅	U+7A05	thoát|thuế|thối
稆	U+7A06	lữ
稇	U+7A07	khổn
稈	U+7A08	cán|cản
稉	U+7A09	canh
稊	U+7A0A	thê|đề
程	U+7A0B	trình
稌	U+7A0C	đồ
稍	U+7A0D	sao|sáo|sảo
税	U+7A0E	thoát|thuế|thối
稏	U+7A0F	á
稑	U+7A11	lục
稔	U+7A14	nhẫm|nẫm|nậm
稖	U+7A16	bang
稗	U+7A17	bại
稘	U+7A18	cơ|ky|kỳ
稙	U+7A19	thặc|thực|trắc|trị
稚	U+7A1A	trĩ
稛	U+7A1B	khổn|trĩ
稜	U+7A1C	lăng|lắng
稝	U+7A1D	banh
稞	U+7A1E	khoa|khỏa
稟	U+7A1F	bẩm|lẫm
稠	U+7A20	trù
稣	U+7A23	tô
稦	U+7A26	trĩ|tưu|ấm
稨	U+7A28	biển|bình
稬	U+7A2C	nhu|noãn|nọa
稭	U+7A2D	giai|kiết
種	U+7A2E	chõng|chúng|chủng|trủng|xung
稯	U+7A2F	hông|tông
稰	U+7A30	tự
稱	U+7A31	xưng|xứng
稲	U+7A32	đạo
稳	U+7A33	ổn
稴	U+7A34	liêm
稷	U+7A37	tắc
稸	U+7A38	súc
稹	U+7A39	chân|chẩn|thời
稺	U+7A3A	trĩ
稻	U+7A3B	đạo
稼	U+7A3C	giá
稽	U+7A3D	ghê|khể|kê
稾	U+7A3E	cảo
稿	U+7A3F	cảo
穀	U+7A40	cốc|dục|lộc
穂	U+7A42	báng|tuệ
穄	U+7A44	tế
穅	U+7A45	khang
穆	U+7A46	mặc|mục
穇	U+7A47	sam
穈	U+7A48	mi|môn
穉	U+7A49	trĩ
穊	U+7A4A	cấy|ký|lục|tô
穋	U+7A4B	lục
穌	U+7A4C	tô
積	U+7A4D	tí|tích|tý
穎	U+7A4E	dĩnh
穏	U+7A4F	ổn
穐	U+7A50	sắc|thu
穑	U+7A51	sắc
穖	U+7A56	ky
穗	U+7A57	huệ|tuệ
穛	U+7A5B	tróc
穜	U+7A5C	chúng|chủng|đồng
穞	U+7A5E	lữ
穟	U+7A5F	huệ|toại|tuệ
穠	U+7A60	nông|nùng|nồng
穡	U+7A61	sắc|tường
穢	U+7A62	uế
穣	U+7A63	nhương
穤	U+7A64	nhu|noãn|nọa
穥	U+7A65	dự
穧	U+7A67	bồ|tế|tễ
穨	U+7A68	đôi|đồi
穩	U+7A69	ổn|ủn
穪	U+7A6A	xưng|xứng
穫	U+7A6B	hoạch|hoắt
穬	U+7A6C	quáng
穭	U+7A6D	hớt|lúa|lữ
穮	U+7A6E	tiêu
穰	U+7A70	nhương|nhương. nhưỡng|nhưỡng
穴	U+7A74	huyệt
穵	U+7A75	oát|oạt|ấp
究	U+7A76	cứu
穷	U+7A77	cùng
穸	U+7A78	tịch
穹	U+7A79	khum|khung
空	U+7A7A	không|khống|khổng
穻	U+7A7B	hãn
穽	U+7A7D	truân|tỉnh|tịnh
穾	U+7A7E	yểu
穿	U+7A7F	xuyên|xuyến
窀	U+7A80	chuân|truân|đồn
突	U+7A81	gia|đột
窃	U+7A83	thiết
窄	U+7A84	trách
窅	U+7A85	diểu|yểu
窆	U+7A86	biếm|biểm
窈	U+7A88	yểu
窉	U+7A89	bính
窊	U+7A8A	oa
窋	U+7A8B	hàng|quật|truật
窌	U+7A8C	giáo|khiếu
窍	U+7A8D	khiếu
窎	U+7A8E	điếu
窏	U+7A8F	ô
窐	U+7A90	khuê
窑	U+7A91	dao|diêu
窒	U+7A92	khỏng|trất
窓	U+7A93	song
窔	U+7A94	diểu|yếu|yểu
窕	U+7A95	dao|diêu|thiêu|điệu
窖	U+7A96	diếu|giáo|giếu|kháo
窗	U+7A97	song
窘	U+7A98	quẫn
窛	U+7A9B	đao
窜	U+7A9C	soán|thoán
窝	U+7A9D	oa
窞	U+7A9E	dòm|nảm|nảm.|đạm|đảm
窟	U+7A9F	quật
窠	U+7AA0	khoa|khòa|khỏa|sào
窢	U+7AA2	vặc|vực
窣	U+7AA3	khích|tốt
窥	U+7AA5	khuy
窦	U+7AA6	đậu
窨	U+7AA8	âm|ấm
窩	U+7AA9	oa
窪	U+7AAA	oa
窫	U+7AAB	ang
窬	U+7AAC	du
窭	U+7AAD	cũ|lũ
窮	U+7AAE	cùng
窯	U+7AAF	cao|dao|diêu
窰	U+7AB0	dao|diêu
窱	U+7AB1	điệu
窳	U+7AB3	du|dũ
窴	U+7AB4	điền
窵	U+7AB5	điếu
窶	U+7AB6	cũ|lũ
窸	U+7AB8	tất
窺	U+7ABA	khuy
窻	U+7ABB	song
窾	U+7ABE	khoản
窿	U+7ABF	long|lung
竀	U+7AC0	sanh
竁	U+7AC1	thục|xuyến|xuế
竄	U+7AC4	soán|thoan|thoán
竅	U+7AC5	khiếu|khíu
竆	U+7AC6	cùng
竇	U+7AC7	đậu
竈	U+7AC8	táo
竊	U+7ACA	thiết
立	U+7ACB	lập
竑	U+7AD1	hoành|hoằng|hồng|quăng
竒	U+7AD2	ky|kỳ
竖	U+7AD6	thụ
竘	U+7AD8	cú
站	U+7AD9	trạm
竚	U+7ADA	trữ
竛	U+7ADB	linh
竜	U+7ADC	long
竝	U+7ADD	tịnh
竞	U+7ADE	cạnh
竟	U+7ADF	cánh|cảnh
章	U+7AE0	chương
竢	U+7AE2	sĩ
竣	U+7AE3	thoan|thuyên|thuân|tuấn
竤	U+7AE4	hoành|hoằng
童	U+7AE5	đồng
竦	U+7AE6	tủng
竩	U+7AE9	nghị
竪	U+7AEA	thụ
竫	U+7AEB	tĩnh|yên
竭	U+7AED	kiệt
竮	U+7AEE	phinh
端	U+7AEF	đoan
競	U+7AF6	cạnh
竸	U+7AF8	cạnh
竹	U+7AF9	trúc
竺	U+7AFA	trúc|đốc
竻	U+7AFB	cân|lặc
竽	U+7AFD	dụ|vu
竾	U+7AFE	trì
竿	U+7AFF	can|cán|cần
笀	U+7B00	măng
笃	U+7B03	đốc
笄	U+7B04	kê
笅	U+7B05	hào
笆	U+7B06	ba
笇	U+7B07	toán
笈	U+7B08	cấp|cập|cặp
笊	U+7B0A	cháo|tráo|trảo
笋	U+7B0B	duẩn|duẫn|tuân|tấn
笎	U+7B0E	nguyên
笏	U+7B0F	hốt
笐	U+7B10	hàng
笑	U+7B11	tiếu
笒	U+7B12	linh
笓	U+7B13	bút|tỳ
笔	U+7B14	bút
笕	U+7B15	kiển
笘	U+7B18	chòm|thiêm|đồn
笙	U+7B19	dấm|sanh|sinh|sênh
笛	U+7B1B	địch
笞	U+7B1E	si|xuy
笠	U+7B20	lạp|lợp
笢	U+7B22	mân|mẫn
笣	U+7B23	bao|vầu
笤	U+7B24	giậu|thiều|điều
笥	U+7B25	tứ
符	U+7B26	bùa|bồ|phù
笧	U+7B27	sách
笨	U+7B28	bát|bản|bổn|thể
笪	U+7B2A	đác|đát
笫	U+7B2B	chỉ|đệ
第	U+7B2C	nồng|đệ
笭	U+7B2D	linh
笮	U+7B2E	trá|trách|tạc
笯	U+7B2F	nò|nô
笰	U+7B30	phất
笱	U+7B31	càu|cú|cầu|cẩu|củ
笲	U+7B32	phiền|phồn
笳	U+7B33	gia|già
笴	U+7B34	cản|hạo|khả
笵	U+7B35	phạm
笶	U+7B36	thỉ
笸	U+7B38	phả
笺	U+7B3A	tiên
笻	U+7B3B	cung
笼	U+7B3C	lung|lộng
笾	U+7B3E	biên
筁	U+7B41	khúc
筄	U+7B44	diệu
筅	U+7B45	tiển
筆	U+7B46	bút
筇	U+7B47	cung|cùng
筈	U+7B48	quát
等	U+7B49	đẳng
筊	U+7B4A	giảo|hào
筋	U+7B4B	cân|gân|trợ
筌	U+7B4C	thuyên
筍	U+7B4D	duẩn|duẫn|tuân|tuẩn|tuận|tấn
筎	U+7B4E	như
筏	U+7B4F	phiệt|phạt|phẹt
筐	U+7B50	khuông
筑	U+7B51	trúc
筒	U+7B52	đồng|động
筓	U+7B53	kê
答	U+7B54	đáp
策	U+7B56	sách|sạch
筘	U+7B58	khấu
筚	U+7B5A	tất
筛	U+7B5B	si|sư
筜	U+7B5C	đương
筝	U+7B5D	tranh
筞	U+7B5E	sách|tống
筟	U+7B5F	phu
筠	U+7B60	duân|quân
筡	U+7B61	đồ
筢	U+7B62	ba
筣	U+7B63	lê
筤	U+7B64	lang|lẵng
筥	U+7B65	cử|rá
筦	U+7B66	quản
筧	U+7B67	kiển
筩	U+7B69	thúng|đồng
筭	U+7B6D	toan|toán
筮	U+7B6E	phệ|thệ|vầu
筯	U+7B6F	trợ|trứ
筰	U+7B70	tạc
筱	U+7B71	tiểu
筲	U+7B72	sao|sáo
筳	U+7B73	diên|đình
筴	U+7B74	giáp|hiệp|sách|sạch
筵	U+7B75	diên
筷	U+7B77	khoái
筸	U+7B78	can|cao
筹	U+7B79	trù
筺	U+7B7A	khuông
筼	U+7B7C	vân
签	U+7B7E	thiêm|tiêm
筿	U+7B7F	tiểu
简	U+7B80	giản
箂	U+7B82	lai
箄	U+7B84	bài|tỳ
箅	U+7B85	bế|bề|ty
箆	U+7B86	bề|tỵ
箇	U+7B87	cá
箈	U+7B88	đài
箊	U+7B8A	đào|ư
箋	U+7B8B	tiên
箌	U+7B8C	tráo|trạo
箍	U+7B8D	cô
箎	U+7B8E	trì
箏	U+7B8F	tranh
箐	U+7B90	thiến|tinh
箑	U+7B91	lữu|sáp|tiệp|âu
箒	U+7B92	chửu|trửu
箓	U+7B93	lục
箔	U+7B94	bạc
箕	U+7B95	cơ|kia|ky
箖	U+7B96	lâm
算	U+7B97	toán
箘	U+7B98	duẩn|khuân|lưỡng
箙	U+7B99	phục
箚	U+7B9A	cháp|tráp|trát
箛	U+7B9B	cô
箜	U+7B9C	không
箝	U+7B9D	kiềm
箟	U+7B9F	côn|khuân
箠	U+7BA0	chùy|chủy|thùy
管	U+7BA1	quản
箤	U+7BA4	nhốt
箦	U+7BA6	trách
箧	U+7BA7	khiếp
箨	U+7BA8	thác
箩	U+7BA9	la
箪	U+7BAA	đan|đạm
箫	U+7BAB	tiêu|tiểu
箬	U+7BAC	nhược
箭	U+7BAD	tiến|tiễn
箯	U+7BAF	tiên
箱	U+7BB1	rương|sương|tương
箲	U+7BB2	tiển
箴	U+7BB4	bú|châm|giăm
箵	U+7BB5	tỉnh
箷	U+7BB7	di
箸	U+7BB8	giạ|trợ|trứ
箹	U+7BB9	tủ
箾	U+7BBE	sao|sóc|tiêu
節	U+7BC0	tiết|tiệt
篁	U+7BC1	hoàng|huỳnh
範	U+7BC4	phạm
篅	U+7BC5	thùy
篆	U+7BC6	triện
篇	U+7BC7	thiên
築	U+7BC9	trúc|trốc
篋	U+7BCB	khiếp|kiệp
篌	U+7BCC	hầu
篎	U+7BCE	miểu|quỹ|vân
篑	U+7BD1	quỹ
篓	U+7BD3	lâu|lũ
篔	U+7BD4	vân
篕	U+7BD5	cải
篗	U+7BD7	diệp|trừu
篘	U+7BD8	sô|trừu
篙	U+7BD9	cao|gàu
篚	U+7BDA	phỉ
篛	U+7BDB	nhược
篜	U+7BDC	chưng
篝	U+7BDD	câu|quảu
篞	U+7BDE	niết
篟	U+7BDF	thiến
篠	U+7BE0	tiểu|điều
篡	U+7BE1	choán|soán|thoán|toản
篢	U+7BE2	cống
篣	U+7BE3	bàng|bành
篤	U+7BE4	đốc
篥	U+7BE5	lật|sặt
篦	U+7BE6	bí|bế|bề|tỳ|tỵ
篧	U+7BE7	trạc
篨	U+7BE8	trừ
篩	U+7BE9	rây|sai|si|sư|sự
篪	U+7BEA	trì
篮	U+7BEE	lam
篰	U+7BF0	bậu|bộ
篱	U+7BF1	ly
篲	U+7BF2	tuệ
篳	U+7BF3	tất
篴	U+7BF4	địch
篷	U+7BF7	bong|bồng|phùng
篸	U+7BF8	sâm|trâm
篹	U+7BF9	bài|soạn|toán
篺	U+7BFA	bài
篼	U+7BFC	đâu
篾	U+7BFE	miết|miệt|mịch
篿	U+7BFF	đoàn
簀	U+7C00	trách
簂	U+7C02	quắc
簃	U+7C03	di|điếu
簆	U+7C06	khấu
簇	U+7C07	thấu|thốc|tộc
簉	U+7C09	sứu|sửu
簋	U+7C0B	quỹ
簌	U+7C0C	sắc|thốc|tốc
簍	U+7C0D	lâu|lũ
簎	U+7C0E	trách
簏	U+7C0F	lộc
簑	U+7C11	soa|thoa|thôi|toa|xoa
簒	U+7C12	soán|thoán
簔	U+7C14	thoa|xoa
簖	U+7C16	đoán
簙	U+7C19	bác|bạc
簜	U+7C1C	thang|đãng
簝	U+7C1D	liêu
簞	U+7C1E	đan|đạm
簟	U+7C1F	điếm|điệm|đạm
簠	U+7C20	phủ
簡	U+7C21	giảm|giản
簢	U+7C22	mẫn
簣	U+7C23	quý|quỵ|quỹ
簥	U+7C25	kiểu
簦	U+7C26	đăng
簧	U+7C27	hoàng|huỳnh
簨	U+7C28	toản|tuẩn
簩	U+7C29	lao|lau
簪	U+7C2A	trâm
簫	U+7C2B	tiêu|tiểu
簬	U+7C2C	lộ|rọ|trâm
簮	U+7C2E	trâm
簰	U+7C30	bài
簳	U+7C33	cán
簴	U+7C34	cự
簵	U+7C35	lộ
簶	U+7C36	lộc
簷	U+7C37	diêm|thiềm
簸	U+7C38	bá|bả|phạ|phả
簹	U+7C39	đang|đương
簺	U+7C3A	tái
簻	U+7C3B	qua
簼	U+7C3C	câu
簽	U+7C3D	thiêm
簾	U+7C3E	liêm|rèm
簿	U+7C3F	bạ|bạc|bộ
籀	U+7C40	trứu|trừu
籁	U+7C41	lãi|lại
籃	U+7C43	lam|xờm
籅	U+7C45	dư
籈	U+7C48	chân
籉	U+7C49	đài
籊	U+7C4A	thích
籋	U+7C4B	nhiếp
籌	U+7C4C	trù
籍	U+7C4D	tạ|tịch
籐	U+7C50	đằng
籑	U+7C51	soạn
籒	U+7C52	trứu
籓	U+7C53	phiên
籔	U+7C54	sổ|tẩu
籕	U+7C55	trứu
籖	U+7C56	thiêm|tăm
籗	U+7C57	trạc
籘	U+7C58	đằng
籙	U+7C59	lục
籚	U+7C5A	gắt|lư|lờ
籛	U+7C5B	tiên
籜	U+7C5C	thác
籝	U+7C5D	doanh
籞	U+7C5E	ngữ
籟	U+7C5F	lãi|lại
籠	U+7C60	lung|lồng|lộng
籢	U+7C62	liêm
籣	U+7C63	lan|tràn
籤	U+7C64	thiêm|tiêm
籥	U+7C65	dược|thược
籦	U+7C66	chung
籧	U+7C67	cừ|cử
籩	U+7C69	biên
籪	U+7C6A	đoán|đoạn
籫	U+7C6B	toản
籬	U+7C6C	li|ly
籭	U+7C6D	si
籮	U+7C6E	la
籯	U+7C6F	doanh
籰	U+7C70	dược
籲	U+7C72	dụ
米	U+7C73	mễ
籴	U+7C74	địch
籸	U+7C78	sâm|sân
籹	U+7C79	nữ
籺	U+7C7A	hạt|hột|loại
类	U+7C7B	loại
籼	U+7C7C	tiên
籽	U+7C7D	tử
籿	U+7C7F	cô
粁	U+7C81	thiên
粃	U+7C83	bỉ|chủy|tẻ|tỷ
粄	U+7C84	bản
粇	U+7C87	canh
粉	U+7C89	phấn
粊	U+7C8A	bỉ
粋	U+7C8B	toái|túy
粑	U+7C91	ba
粒	U+7C92	lạp
粔	U+7C94	cự
粕	U+7C95	bá|bách|phách
粗	U+7C97	thô|thố
粘	U+7C98	niêm
粛	U+7C9B	túc
粜	U+7C9C	thiếu
粝	U+7C9D	lệ
粞	U+7C9E	tây|tê
粟	U+7C9F	túc
粡	U+7CA1	đòng
粢	U+7CA2	tư|tế|từ
粤	U+7CA4	việt
粥	U+7CA5	chúc|dục
粦	U+7CA6	lân
粧	U+7CA7	trang
粨	U+7CA8	bách
粪	U+7CAA	phân|phấn|phẩn
粫	U+7CAB	nhu|nọa
粮	U+7CAE	lương
粰	U+7CB0	phu|phù
粱	U+7CB1	lương
粲	U+7CB2	sán|xán
粳	U+7CB3	canh|cánh|ngạnh
粵	U+7CB5	việt
粶	U+7CB6	lộc
粹	U+7CB9	toái|tuý|túy
粺	U+7CBA	bại|mại
粻	U+7CBB	trương
粼	U+7CBC	lân
粽	U+7CBD	tông|tốn|tống
精	U+7CBE	tinh
粿	U+7CBF	quả
糁	U+7CC1	tảm
糂	U+7CC2	tảm
糅	U+7CC5	nhu|nhữu
糆	U+7CC6	miến|à
糇	U+7CC7	hướng|hầu
糈	U+7CC8	sở|tu|tư
糉	U+7CC9	tông|tống
糊	U+7CCA	hồ|hỗ
糌	U+7CCC	ta|tảm
糍	U+7CCD	tư|từ
糐	U+7CD0	đoàn
糒	U+7CD2	bí|bị
糔	U+7CD4	tưu
糕	U+7CD5	cao
糖	U+7CD6	đường
糗	U+7CD7	khứu|xú
糙	U+7CD9	tháo
糚	U+7CDA	trang
糜	U+7CDC	mi|mê
糝	U+7CDD	tảm|tấm|tẩm|xưng
糞	U+7CDE	phân|phấn|phẩn|phẫn
糟	U+7CDF	tao|đồn
糠	U+7CE0	khang
糡	U+7CE1	cưỡng
糢	U+7CE2	mô|mạc
糤	U+7CE4	tản
糦	U+7CE6	xí
糧	U+7CE7	lương
糨	U+7CE8	cưỡng
糭	U+7CED	tông|tống
糯	U+7CEF	nhu|nọa
糰	U+7CF0	đoàn
糱	U+7CF1	nghiệt
糲	U+7CF2	lệ
糴	U+7CF4	địch
糵	U+7CF5	nghiệt
糶	U+7CF6	thiếu
糷	U+7CF7	lan
糸	U+7CF8	mịch|ty
糹	U+7CF9	mịch
糺	U+7CFA	củ
系	U+7CFB	hệ
糼	U+7CFC	công
糾	U+7CFE	củ|kiểu
糿	U+7CFF	công
紀	U+7D00	kỉ|kỷ
紂	U+7D02	trụ
紃	U+7D03	tuần|xuyên
約	U+7D04	yêu|ước
紅	U+7D05	hồng
紆	U+7D06	hu|u|vu|vò
紇	U+7D07	hột
紈	U+7D08	cưu|hoàn
紉	U+7D09	nhân|nhẫn|nhận
紊	U+7D0A	vân|văn|vấn|vẫn|vặn
紋	U+7D0B	hào|vân|văn|vấn
納	U+7D0D	nạp
紏	U+7D0F	củ
紐	U+7D10	néo|nữu
紑	U+7D11	phủ
紒	U+7D12	kế
紓	U+7D13	thư
純	U+7D14	chuẩn|thuần|truy|tuyền|đồn
紕	U+7D15	bì|bỉ|phi|tỷ
紖	U+7D16	dẫn
紗	U+7D17	sa
紘	U+7D18	hoành|hoằng
紙	U+7D19	chỉ
級	U+7D1A	cấp
紛	U+7D1B	phân
紜	U+7D1C	vân
紝	U+7D1D	nhâm|nhẫm|nhậm
紞	U+7D1E	dư|đảm
紟	U+7D1F	câm|cấm|di
素	U+7D20	tố
紡	U+7D21	phương|phưởng|phảng|vưởng
索	U+7D22	sách|sạch|tác
紣	U+7D23	thúy
紥	U+7D25	trát
紧	U+7D27	khẩn
紨	U+7D28	đào
紩	U+7D29	dao|nhạu|thắt|trật
紪	U+7D2A	thảo
紫	U+7D2B	tía|tử
紬	U+7D2C	dò|hông|trù|trừu
紭	U+7D2D	hoằng
紮	U+7D2E	trát
累	U+7D2F	luy|luỵ|lõa|lũy|lụy
細	U+7D30	tế|tới
紱	U+7D31	phạt|phất
紲	U+7D32	sế|tiết
紳	U+7D33	thang|thân
紵	U+7D35	trữ
紹	U+7D39	thiệu
紺	U+7D3A	cam|cám
紼	U+7D3C	phất
紽	U+7D3D	đà
紾	U+7D3E	chẩn|diễn|khẩn
紿	U+7D3F	đãi
絀	U+7D40	chuyết|chuất|truất|xuất
絁	U+7D41	thi
終	U+7D42	chung
絃	U+7D43	huyền
組	U+7D44	tổ
絅	U+7D45	cánh|quynh|quýnh
絆	U+7D46	ban|bán|bạn|bận
絇	U+7D47	cù
絈	U+7D48	phạ
絋	U+7D4B	khoáng
経	U+7D4C	kinh
絍	U+7D4D	nhâm
絎	U+7D4E	hàng|hạnh
絏	U+7D4F	dây|sế|tiết
結	U+7D50	kiết|kế|kết
絓	U+7D53	quai|quái|quải
絔	U+7D54	bạch
絕	U+7D55	tuyệt
絖	U+7D56	khoáng|quang
絘	U+7D58	phang|đam
絙	U+7D59	căng
絚	U+7D5A	căng|cắng
絛	U+7D5B	thao|điều
絜	U+7D5C	hiệt|khiết|kiết|kết
絝	U+7D5D	khố
絞	U+7D5E	giảo|hào
絡	U+7D61	lạc|rạc
絢	U+7D62	huyến|huyền|tuân
絣	U+7D63	bình|phanh
絤	U+7D64	tuyến
絥	U+7D65	chỉ|phục|tẩu
給	U+7D66	cấp
絨	U+7D68	nhung
絩	U+7D69	thêu
絪	U+7D6A	khổn|lũy|nhân
絫	U+7D6B	lũy
絬	U+7D6C	thượt
絭	U+7D6D	quyến
絮	U+7D6E	nhứ|trữ
絯	U+7D6F	ai
絰	U+7D70	chí|điệt
統	U+7D71	thống
絲	U+7D72	ti|ty|tơ
絳	U+7D73	giáng|ráng
絵	U+7D75	hội
絶	U+7D76	tuyệt
絷	U+7D77	trập
絸	U+7D78	kiển|kén
絹	U+7D79	quyên|quyến
絺	U+7D7A	hi|hy|sì
絻	U+7D7B	miễn|vãn|vấn
絼	U+7D7C	trẩn
絿	U+7D7F	cầu
綀	U+7D80	sư|thúc
綁	U+7D81	bang|bảng
綂	U+7D82	thống
綃	U+7D83	tiêu
綅	U+7D85	tiêm|tiên|xâm
綆	U+7D86	cảnh|ngạnh
綇	U+7D87	thu
綈	U+7D88	ác|đề
綉	U+7D89	tú
綋	U+7D8B	hoành|hoằng
綌	U+7D8C	khích
綍	U+7D8D	phất
綎	U+7D8E	diên|đinh
綏	U+7D8F	nối|thỏa|tuy
綑	U+7D91	hồn|khổn
經	U+7D93	kinh
綕	U+7D95	chức
綖	U+7D96	diên|tuyến
綗	U+7D97	quynh|quýnh
綘	U+7D98	phùng
継	U+7D99	bối|kế
続	U+7D9A	tục
綜	U+7D9C	tông|tống|tổng
綝	U+7D9D	lâm|sâm
綞	U+7D9E	thùy
綟	U+7D9F	lệ
綠	U+7DA0	lục
綢	U+7DA2	thao|trù|trừu
綣	U+7DA3	cuộn|quyển
綦	U+7DA6	cơ|kì|kỳ
綧	U+7DA7	chuẩn
綩	U+7DA9	oản
綪	U+7DAA	khiếm|thiến|tranh
綫	U+7DAB	tuyến
綬	U+7DAC	thụ
維	U+7DAD	duy
綮	U+7DAE	khính|khải|khể
綯	U+7DAF	đào
綰	U+7DB0	oản|quan
綱	U+7DB1	cương
網	U+7DB2	võng
綳	U+7DB3	banh|băng
綴	U+7DB4	chuyết|chuế|xuyết
綵	U+7DB5	thái|thải|thể
綷	U+7DB7	thúy|túy|tối
綸	U+7DB8	luân|quan
綹	U+7DB9	lữu|lựu
綺	U+7DBA	khỉ|ỷ
綻	U+7DBB	trán|điễn|điện
綼	U+7DBC	bích
綽	U+7DBD	xước
綾	U+7DBE	lăng|trăng
綿	U+7DBF	miên
緀	U+7DC0	tiệp
緁	U+7DC1	tiệp
緂	U+7DC2	điềm
緄	U+7DC4	cổn
緅	U+7DC5	trâu|tưu
緆	U+7DC6	rợ|tích
緇	U+7DC7	chuy|tri|truy
緉	U+7DC9	lưỡng
緊	U+7DCA	khẩn
緋	U+7DCB	phi
緌	U+7DCC	nhuy|tuy
緍	U+7DCD	mân|mẫn
緎	U+7DCE	tổng|vặc|vực
総	U+7DCF	tông|tổng
緐	U+7DD0	bà|bàn|phiền|phồn
緑	U+7DD1	lục
緒	U+7DD2	tự
緖	U+7DD6	tự
緗	U+7DD7	tương
緘	U+7DD8	dàm|giam|giàm
緙	U+7DD9	cách|khách|tiết
線	U+7DDA	tuyến
緜	U+7DDC	miên
緝	U+7DDD	khi|tập
緞	U+7DDE	đoạn
緟	U+7DDF	trĩ
締	U+7DE0	rế|đế|đề|để
緡	U+7DE1	mân|mần|mẫn
緣	U+7DE3	duyên|duyến
緤	U+7DE4	tiết
緥	U+7DE5	bảo|bửu
緦	U+7DE6	ti|ty|tư
緧	U+7DE7	thu
編	U+7DE8	biên
緩	U+7DE9	hoãn
緪	U+7DEA	căng|cắng
緫	U+7DEB	thông|tông|tổng
緬	U+7DEC	diên|diến|miến|miễn
緯	U+7DEF	vĩ|vị
緰	U+7DF0	đầu
緱	U+7DF1	câu
緲	U+7DF2	diểu|miểu
緳	U+7DF3	khiết
練	U+7DF4	luyện
緵	U+7DF5	tông
緶	U+7DF6	biền|biện
緷	U+7DF7	hồn|vận
緸	U+7DF8	nhân
緹	U+7DF9	đề
緺	U+7DFA	oa|qua
緻	U+7DFB	trí
緼	U+7DFC	uẩn|ôn
緾	U+7DFE	triền
縁	U+7E01	duyên|duyến
縂	U+7E02	tổng
縃	U+7E03	cần
縄	U+7E04	mẫn|thằng
縇	U+7E07	trướng|trường|trưởng
縈	U+7E08	oanh|quanh|uynh
縉	U+7E09	tấn
縊	U+7E0A	ải
縋	U+7E0B	chùy|trùy|trúy
縌	U+7E0C	nghịch
縍	U+7E0D	bang|bàng
縎	U+7E0E	gút|lăm
縏	U+7E0F	bàn
縐	U+7E10	sô|trâu|trứu
縑	U+7E11	kiêm
縒	U+7E12	sai
縓	U+7E13	thuyến
縕	U+7E15	uân|uẩn|ôn
縗	U+7E17	thôi
縘	U+7E18	hệ
縚	U+7E1A	thao
縛	U+7E1B	phược|phọc
縜	U+7E1C	chẩn|vận
縝	U+7E1D	chẩn|trẩn
縞	U+7E1E	cảo
縟	U+7E1F	nhọc|nhục
縠	U+7E20	hộc
縡	U+7E21	tể
縢	U+7E22	xước|đằng
縣	U+7E23	huyền|huyện
縦	U+7E26	sỉ|tung|túng
縧	U+7E27	thao
縨	U+7E28	hoảng
縩	U+7E29	sái|ập
縪	U+7E2A	tất
縫	U+7E2B	phùng|phúng
縭	U+7E2D	li|ly|sái|sỉ
縮	U+7E2E	súc
縯	U+7E2F	diễn
縰	U+7E30	ly|sái|sỉ
縱	U+7E31	sỉ|tung|tông|túng|tổng
縲	U+7E32	luy|lụy
縳	U+7E33	phọc|truyện
縴	U+7E34	khiên|khiến
縵	U+7E35	man|mán|mạn|thao
縶	U+7E36	chấp|trập
縷	U+7E37	lâu|lũ|lụa
縸	U+7E38	mắc
縹	U+7E39	phiêu|phiếu
縺	U+7E3A	len|nếm
縻	U+7E3B	mi
總	U+7E3D	tông|tổng
績	U+7E3E	tích
縿	U+7E3F	sam|tham|tiêu
繀	U+7E40	tối
繁	U+7E41	bà|bàn|phiền|phồn
繂	U+7E42	luật
繃	U+7E43	banh|băng|bắng
繄	U+7E44	y|ê|ế
繅	U+7E45	sào|tao|tào|tảo
繆	U+7E46	cù|mâu|mậu|mục
繇	U+7E47	chựu|dao|diêu|do|lựu
繈	U+7E48	cưỡng
繊	U+7E4A	tiêm
繋	U+7E4B	hệ
繍	U+7E4D	tú
繐	U+7E50	huệ|tuệ
繒	U+7E52	tăng|tắng
繓	U+7E53	nhè|tói
織	U+7E54	chí|chức|xí
繕	U+7E55	thiện
繖	U+7E56	tản
繗	U+7E57	ầm
繘	U+7E58	duật|quất
繙	U+7E59	phan|phiên
繚	U+7E5A	liêu|liễu|lèo
繛	U+7E5B	xước
繜	U+7E5C	tôn
繝	U+7E5D	giản|nhàn
繞	U+7E5E	nhiu|nhiễu
繠	U+7E60	nhụy
繡	U+7E61	tú
繢	U+7E62	hối|hội
繣	U+7E63	hoạch
繤	U+7E64	soạn|toản
繦	U+7E66	cưỡng
繨	U+7E68	đáp
繩	U+7E69	mẫn|thằng
繪	U+7E6A	gói|hội
繫	U+7E6B	hệ|kích|kế
繭	U+7E6D	kiển|kén
繮	U+7E6E	cương
繯	U+7E6F	hoàn|hoán|hoạn
繰	U+7E70	sào|tao|thao|tào|tảo
繲	U+7E72	dải|giải
繳	U+7E73	chước|kiểu|nhàu
繵	U+7E75	triền
繶	U+7E76	giấy|ức
繷	U+7E77	nũng|thiên
繸	U+7E78	choại|toại
繹	U+7E79	dịch|gịt
繻	U+7E7B	nhu
繼	U+7E7C	kế
繽	U+7E7D	tân
繾	U+7E7E	khiển|khín|kiển
繿	U+7E7F	lãm
纀	U+7E80	buộc|bộc
纁	U+7E81	huân
纂	U+7E82	soạn|toản
纆	U+7E86	mặc
纇	U+7E87	loại|lỗi
纈	U+7E88	hiệt
纉	U+7E89	toản
纊	U+7E8A	khoáng|quảng
纋	U+7E8B	ưu
續	U+7E8C	tục
纍	U+7E8D	luy|ly|lũy|lụy
纎	U+7E8E	tiêm
纏	U+7E8F	triền
纑	U+7E91	lô|lư
纒	U+7E92	triền
纓	U+7E93	anh
纔	U+7E94	tài
纕	U+7E95	nhương|tương
纖	U+7E96	tiêm
纗	U+7E97	huề
纘	U+7E98	toản
纙	U+7E99	la|là
纚	U+7E9A	ly|lý|sái|sỉ|sủy
纛	U+7E9B	đáo|đạo
纜	U+7E9C	lãm
纝	U+7E9D	củ|luy
纟	U+7E9F	mịch|ty
纠	U+7EA0	củ|kiểu
纡	U+7EA1	hu|u|vu
红	U+7EA2	hồng
纣	U+7EA3	trụ
纤	U+7EA4	khiên|khiến|tiêm
纥	U+7EA5	hột
约	U+7EA6	yêu|ước
级	U+7EA7	cấp
纨	U+7EA8	hoàn
纩	U+7EA9	khoáng
纪	U+7EAA	kỷ
纫	U+7EAB	nhân|nhẫn|nhận
纬	U+7EAC	vĩ|vị
纭	U+7EAD	vân
纮	U+7EAE	hoành|hoằng
纯	U+7EAF	chuẩn|thuần|truy|tuyền|đồn
纰	U+7EB0	bì|bỉ|phi
纱	U+7EB1	sa
纲	U+7EB2	cương
纳	U+7EB3	nạp
纴	U+7EB4	nhâm
纵	U+7EB5	tung|tông|túng|tổng
纶	U+7EB6	luân|quan
纷	U+7EB7	phân
纸	U+7EB8	chỉ
纹	U+7EB9	văn|vấn
纺	U+7EBA	phưởng|phảng
纻	U+7EBB	trữ
纼	U+7EBC	dẫn
纽	U+7EBD	nữu
纾	U+7EBE	thư
线	U+7EBF	tuyến
绀	U+7EC0	cám
绁	U+7EC1	sế|tiết
绂	U+7EC2	phất
练	U+7EC3	luyện
组	U+7EC4	tổ
绅	U+7EC5	thân
细	U+7EC6	tế
织	U+7EC7	chí|chức|xí
终	U+7EC8	chung
绉	U+7EC9	trứu
绊	U+7ECA	bán|bạn
绋	U+7ECB	phất
绌	U+7ECC	chuyết|chuất|truất
绍	U+7ECD	thiệu
绎	U+7ECE	dịch
经	U+7ECF	kinh
绐	U+7ED0	đãi
绑	U+7ED1	bang|bảng|nhung
绒	U+7ED2	nhung
结	U+7ED3	kiết|kế|kết
绔	U+7ED4	khố
绕	U+7ED5	nhiễu
绖	U+7ED6	điệt
绗	U+7ED7	hàng|hạnh
绘	U+7ED8	hội
给	U+7ED9	cấp
绚	U+7EDA	huyến
绛	U+7EDB	giáng
络	U+7EDC	lạc
绝	U+7EDD	tuyệt
绞	U+7EDE	giảo|hào
统	U+7EDF	thống
绠	U+7EE0	cảnh
绡	U+7EE1	tiêu
绢	U+7EE2	quyên
绣	U+7EE3	tú
绤	U+7EE4	khích
绥	U+7EE5	thỏa|tuy
绦	U+7EE6	thao
继	U+7EE7	kế
绨	U+7EE8	đề
绩	U+7EE9	tích
绪	U+7EEA	tự
绫	U+7EEB	lăng
续	U+7EED	tục
绮	U+7EEE	khỉ|ỷ
绯	U+7EEF	phi
绰	U+7EF0	xước
绲	U+7EF2	cổn
绳	U+7EF3	mẫn|thằng
维	U+7EF4	duy
绵	U+7EF5	miên
绶	U+7EF6	thụ
绷	U+7EF7	banh|băng|bắng
绸	U+7EF8	thao|trù|trừu
绹	U+7EF9	đào
绺	U+7EFA	lữu|lựu
绻	U+7EFB	quyển
综	U+7EFC	tông|tống|tổng
绽	U+7EFD	trán
绾	U+7EFE	oản
绿	U+7EFF	lục
缀	U+7F00	chuyết|chuế|xuyết
缁	U+7F01	chuy|tri|truy
缂	U+7F02	khách|tiết
缃	U+7F03	tương
缄	U+7F04	giam
缅	U+7F05	diến|miến|miễn
缆	U+7F06	lãm
缇	U+7F07	đề
缈	U+7F08	diểu|miểu
缉	U+7F09	tập
缊	U+7F0A	uân|uẩn|ôn
缋	U+7F0B	hối|hội
缌	U+7F0C	ty|tư
缎	U+7F0E	đoạn
缏	U+7F0F	biền
缐	U+7F10	tuyến
缑	U+7F11	câu
缒	U+7F12	chùy|trùy|trúy
缓	U+7F13	hoãn
缔	U+7F14	đế|đề|để
缕	U+7F15	lâu|lũ
编	U+7F16	biên
缗	U+7F17	mân|mẫn
缘	U+7F18	duyên|duyến
缙	U+7F19	tấn
缚	U+7F1A	phược|phọc
缛	U+7F1B	nhục
缜	U+7F1C	chẩn
缝	U+7F1D	phùng|phúng
缞	U+7F1E	thôi
缟	U+7F1F	cảo
缠	U+7F20	triền
缡	U+7F21	ly|sái|sỉ
缢	U+7F22	ải
缣	U+7F23	kiêm
缤	U+7F24	tân
缥	U+7F25	phiêu|phiếu
缦	U+7F26	man|mạn
缧	U+7F27	luy
缨	U+7F28	anh
缩	U+7F29	súc
缪	U+7F2A	cù|mâu|mậu|mục
缫	U+7F2B	sào|tao|tào|tảo
缬	U+7F2C	hiệt
缭	U+7F2D	liễu
缮	U+7F2E	thang|thiện
缯	U+7F2F	tăng
缰	U+7F30	cương
缱	U+7F31	khiển
缲	U+7F32	sào|tao|tảo
缳	U+7F33	hoàn|hoán|hoạn
缴	U+7F34	chước|kiểu
缵	U+7F35	toản
缶	U+7F36	cự|phũ|phẫu|phữu|quán
缷	U+7F37	tá|xả
缸	U+7F38	ang|cang|cong|công|cương|hang
缹	U+7F39	phữu
缺	U+7F3A	khuyết
缻	U+7F3B	phữu
缽	U+7F3D	bát
缾	U+7F3E	bình
缿	U+7F3F	hạng
罂	U+7F42	anh
罃	U+7F43	anh|oanh
罄	U+7F44	khánh
罅	U+7F45	há|hạ
罇	U+7F47	tôn
罈	U+7F48	đàm|đàn
罋	U+7F4B	ung|úng
罌	U+7F4C	anh
罍	U+7F4D	lôi
罎	U+7F4E	đàm
罏	U+7F4F	lô|lư
罐	U+7F50	quán
网	U+7F51	võng
罒	U+7F52	võng
罓	U+7F53	võng
罔	U+7F54	vóng|võng
罕	U+7F55	hãn
罗	U+7F57	la
罘	U+7F58	phù|phầu
罚	U+7F5A	phạt
罛	U+7F5B	cô|cồ
罝	U+7F5D	ta|thư|tư
罟	U+7F5F	cổ
罠	U+7F60	mân
罡	U+7F61	cang|cương
罢	U+7F62	bãi|bì
罣	U+7F63	khuể|quái|quải
罥	U+7F65	quyến
罦	U+7F66	phù
罧	U+7F67	sâm
罨	U+7F68	yểm|ấp
罩	U+7F69	tráo|trạo
罪	U+7F6A	tội
罫	U+7F6B	quái|quải
罭	U+7F6D	vặc|vực
置	U+7F6E	trí
罰	U+7F70	phạt
罱	U+7F71	lãm
署	U+7F72	thợ|thử|thự|ty
罳	U+7F73	ty|tư
罴	U+7F74	bi
罵	U+7F75	mạ
罶	U+7F76	liễu|lữu
罷	U+7F77	bãi|bì
罸	U+7F78	phạt
罹	U+7F79	duy|li|ly
罺	U+7F7A	trào
罻	U+7F7B	uy|úy
罽	U+7F7D	kế
罾	U+7F7E	tăng
罿	U+7F7F	đồng
羀	U+7F80	duy|ky|lữu
羁	U+7F81	ky
羂	U+7F82	quyển
羃	U+7F83	mạc|mịch
羅	U+7F85	la
羆	U+7F86	bi|bì
羇	U+7F87	biểu|ki|ky
羈	U+7F88	biểu|cơ|ky|kỵ
羉	U+7F89	loan
羊	U+7F8A	dương|tường
羋	U+7F8B	can|dương|mễ|mị|nhị
羌	U+7F8C	khang|khương
羍	U+7F8D	mị|thát
美	U+7F8E	mĩ|mỉ|mỹ
羐	U+7F90	dũ
羑	U+7F91	dũ|dữu
羒	U+7F92	phân|phần
羓	U+7F93	ba
羔	U+7F94	cao
羕	U+7F95	dạng
羖	U+7F96	cổ
羗	U+7F97	khương
羙	U+7F99	mĩ
羚	U+7F9A	linh
羛	U+7F9B	nghĩa
羜	U+7F9C	trữ
羝	U+7F9D	dê|đê
羞	U+7F9E	tu
羠	U+7FA0	di|xáo
羡	U+7FA1	dĩ|tiễn|tiện
羢	U+7FA2	nhung
羣	U+7FA3	quần
群	U+7FA4	quần
羦	U+7FA6	hoàn
羨	U+7FA8	duyên|tiễn|tiện
義	U+7FA9	nghĩa|ngãi
羪	U+7FAA	dưỡng|dạng
羬	U+7FAC	hàm
羭	U+7FAD	du
羮	U+7FAE	canh
羯	U+7FAF	kiết|kiệt|yết
羰	U+7FB0	thang
羱	U+7FB1	nguyên
羲	U+7FB2	hy
羳	U+7FB3	phiền|phồn
羴	U+7FB4	chiên|thiên
羵	U+7FB5	phần
羶	U+7FB6	chiên|thiên
羸	U+7FB8	luy|nuy
羹	U+7FB9	canh|khương|lang
羺	U+7FBA	nậu
羼	U+7FBC	sàn|sạn|sản|sằn
羽	U+7FBD	võ|vũ
羾	U+7FBE	hồng
羿	U+7FBF	nghệ
翀	U+7FC0	xung
翁	U+7FC1	ông
翂	U+7FC2	hồng|phân
翃	U+7FC3	hoành|hoằng|hồng
翄	U+7FC4	sí
翅	U+7FC5	sí|xí
翆	U+7FC6	thúy
翉	U+7FC9	hủ
翊	U+7FCA	dặc|dực|lạp
翋	U+7FCB	lạp
翌	U+7FCC	dặc|dục|dực
翍	U+7FCD	phi
翎	U+7FCE	linh|liệng|ầm
翏	U+7FCF	liêu
翐	U+7FD0	trật
翑	U+7FD1	cù
習	U+7FD2	tập
翔	U+7FD4	tưng|tường
翕	U+7FD5	hấp
翘	U+7FD8	kiều
翙	U+7FD9	hối|kiều
翚	U+7FDA	huy
翛	U+7FDB	dựu|tiêu
翜	U+7FDC	sáp
翟	U+7FDF	trác|trạch|địch
翠	U+7FE0	thuý|thúy
翡	U+7FE1	phí|phỉ
翣	U+7FE3	sáp
翤	U+7FE4	sí
翥	U+7FE5	chở|chứ|chử|thử|trứ
翦	U+7FE6	tiễn
翨	U+7FE8	sí
翩	U+7FE9	biên|phiên|phiến
翪	U+7FEA	liếp|tung|tông
翫	U+7FEB	ngoạn
翬	U+7FEC	huy
翭	U+7FED	hầu
翮	U+7FEE	cách
翯	U+7FEF	hạc
翰	U+7FF0	hàn
翱	U+7FF1	cao|ngao
翳	U+7FF3	ế
翶	U+7FF6	cao|ngao
翹	U+7FF9	kiều
翺	U+7FFA	cao|ngao
翻	U+7FFB	phiên
翼	U+7FFC	dặc|dực
翽	U+7FFD	hối|hội
翾	U+7FFE	huyên
翿	U+7FFF	đạo
耀	U+8000	diệu
老	U+8001	lão
耂	U+8002	lão
考	U+8003	khảo|lão
耄	U+8004	mạo
者	U+8005	giả
耆	U+8006	chỉ|kì|kỳ|thị
耇	U+8007	cú|cấu|cẩu|củ
耈	U+8008	cẩu|củ
耊	U+800A	điệt
耋	U+800B	điệt
而	U+800C	nhi|năng
耍	U+800D	sá|sái|sọa|xọa
耎	U+800E	nhuyễn
耏	U+800F	nhi|nại
耐	U+8010	năng|nại
耑	U+8011	chuyên|xuyên|đoan
耒	U+8012	lồi|lỗi
耔	U+8014	tì|tử|tỳ|tỷ
耕	U+8015	canh
耖	U+8016	phập|sao|sáo
耗	U+8017	hao|háo|mao|mạo
耘	U+8018	vân
耙	U+8019	ba|bà|bá|bừa|khịt
耚	U+801A	bà|bá
耜	U+801C	cử|trĩ|tỷ
耝	U+801D	thư
耞	U+801E	gia|già|rội
耟	U+801F	hốc
耠	U+8020	hoát
耡	U+8021	sừ|sự|trợ
耢	U+8022	lạo
耤	U+8024	tá|tịch
耥	U+8025	thảng
耦	U+8026	ngẫu
耧	U+8027	lâu
耨	U+8028	nậu
耩	U+8029	giảng
耪	U+802A	bảng
耬	U+802C	lâu
耮	U+802E	lạo
耰	U+8030	ưu
耲	U+8032	hoài|hòai
耳	U+8033	nhĩ
耴	U+8034	ngất|nhiếp|đinh
耵	U+8035	đinh
耶	U+8036	da|gia|tà
耷	U+8037	đáp|đạp
耸	U+8038	tủng
耻	U+803B	sỉ
耼	U+803C	tham|đam
耽	U+803D	xẩm|đam
耾	U+803E	hoành
耿	U+803F	cảnh|huỳnh|quýnh
聀	U+8040	chức|giõng|giấc|nhiếp
聂	U+8042	nhiếp|niếp|triệp
聃	U+8043	tham|đam
聅	U+8045	xỉ|đàn
聆	U+8046	linh
聇	U+8047	sỉ|thống
聊	U+804A	liêu
聋	U+804B	lung
职	U+804C	chức|dặc|xí
聍	U+804D	ninh
聎	U+804E	thiêu
聏	U+804F	nhi|nục
聑	U+8051	điệp
聒	U+8052	quát
聓	U+8053	liên|tế
联	U+8054	liên|liễn
聖	U+8056	thánh
聘	U+8058	sánh|sính
聚	U+805A	tụ
聝	U+805D	quắc
聞	U+805E	văn|vấn|vặn
聟	U+805F	tế
聡	U+8061	thông
聤	U+8064	đình
聦	U+8066	thông
聧	U+8067	khuê
聨	U+8068	liên|liễn
聩	U+8069	hội
聪	U+806A	thông
聫	U+806B	liên
聮	U+806E	liên
聯	U+806F	liên|liễn
聰	U+8070	thông
聱	U+8071	ngao
聲	U+8072	thanh
聳	U+8073	tủng
聴	U+8074	thính
聵	U+8075	hội
聶	U+8076	nhiếp|niếp|triếp|triệp
職	U+8077	chức|dặc|trức|xí
聹	U+8079	ninh
聻	U+807B	nễ|tiệm
聼	U+807C	thính
聽	U+807D	thính
聾	U+807E	lung
聿	U+807F	duật
肀	U+8080	duật
肂	U+8082	túc|tứ
肃	U+8083	túc
肄	U+8084	dị|tứ
肅	U+8085	túc
肆	U+8086	dị|thích|tứ
肇	U+8087	triệu
肈	U+8088	triệu
肉	U+8089	nhụ|nhục|nậu
肊	U+808A	ức
肋	U+808B	lặc
肌	U+808C	cơ
肎	U+808E	khẳng
肐	U+8090	các|cách|khất|lạc
肓	U+8093	hoang|manh
肕	U+8095	nhận
肖	U+8096	tiêu|tiếu
肘	U+8098	chẩu|chửu|trửu
肚	U+809A	đỗ
肛	U+809B	cang|cương|giang|khang|soang|xoang
肜	U+809C	can|dung
肝	U+809D	can|gan
肠	U+80A0	tràng|trường
股	U+80A1	cổ
肢	U+80A2	chi
肣	U+80A3	cằm
肤	U+80A4	phu
肥	U+80A5	phì
肧	U+80A7	phôi
肨	U+80A8	bang|bàn|bàng
肩	U+80A9	khiên|kiên
肪	U+80AA	phương
肫	U+80AB	chuân|thuần|truân|tuân
肬	U+80AC	vưu
肭	U+80AD	niết|nạp|nọi|nột
肮	U+80AE	hàng|khang|khảng
肯	U+80AF	khải|khẳng
肰	U+80B0	nhiên
肱	U+80B1	cung|quăng
育	U+80B2	dục
肴	U+80B4	hào|hạo
肸	U+80B8	hất|hật
肺	U+80BA	bái|phế
肻	U+80BB	khẳng
肼	U+80BC	tỉnh
肽	U+80BD	thái
肾	U+80BE	thận
肿	U+80BF	thũng|trũng
胀	U+80C0	trướng
胁	U+80C1	hiếp
胂	U+80C2	thân|thăn|thận
胃	U+80C3	trụ|vị
胄	U+80C4	trụ
胅	U+80C5	điệt
胆	U+80C6	đàn|đảm
胇	U+80C7	bái|phế
胈	U+80C8	bạt
胉	U+80C9	bác
胊	U+80CA	cù
背	U+80CC	bắc|bối|bội
胍	U+80CD	cô|qua
胎	U+80CE	thai
胏	U+80CF	chỉ
胐	U+80D0	khốt|đốt
胑	U+80D1	chi
胒	U+80D2	nây|tiếng
胔	U+80D4	tí|tý|tỳ|xế
胕	U+80D5	phu|phủ
胖	U+80D6	bàn|bán|bỡn|phán
胗	U+80D7	châm|chân|chẩn|truân
胘	U+80D8	huyền|quăng
胙	U+80D9	tạc|tộ
胚	U+80DA	phi|phôi
胛	U+80DB	giáp
胜	U+80DC	sinh|thăng|thắng|tinh
胝	U+80DD	chi|đê|đì
胞	U+80DE	bào
胠	U+80E0	khư
胡	U+80E1	hồ
胣	U+80E3	di|dạ
胤	U+80E4	dận
胥	U+80E5	tư
胦	U+80E6	ương
胧	U+80E7	long|lung|lông
胨	U+80E8	đống
胪	U+80EA	lô|lư
胫	U+80EB	hĩnh
胬	U+80EC	nỗ
胭	U+80ED	nhân|yên
胮	U+80EE	bàng|phang
胯	U+80EF	khoa|khóa|khố
胰	U+80F0	di
胱	U+80F1	choáng|quang
胲	U+80F2	cai|cải|hạch|hợi
胳	U+80F3	ca|các|cách|cặc|lạc
胴	U+80F4	đồng|đỗng|động
胵	U+80F5	si|trất
胶	U+80F6	giao
胷	U+80F7	hung
胸	U+80F8	hung|hông
胹	U+80F9	nhi
胺	U+80FA	an|án|át|ươn
胻	U+80FB	hành
胼	U+80FC	biền|bẹn
能	U+80FD	nai|năng|nại
胾	U+80FE	chí|truy|trị
脀	U+8100	chưng|chức
脁	U+8101	thiếu|thiểu
脂	U+8102	chi|chỉ
脃	U+8103	thuế|thúy
脅	U+8105	hiếp|hiệp
脆	U+8106	quỵ|thúy|tụy|xuế
脇	U+8107	hiếp
脈	U+8108	mạch
脉	U+8109	mạch
脊	U+810A	tích
脋	U+810B	hiếp
脍	U+810D	khoái|quái
脏	U+810F	táng|tạng|tảng
脐	U+8110	tề
脑	U+8111	não
脒	U+8112	mễ
脓	U+8113	nùng
脔	U+8114	luyến
脕	U+8115	vạn
脖	U+8116	bột
脗	U+8117	vẫn
脘	U+8118	oản|quản|uyển
脚	U+811A	cước
脛	U+811B	hĩnh|hỉnh|kính
脝	U+811D	hanh
脞	U+811E	thỏa|tỏa
脟	U+811F	liệt|luyến
脠	U+8120	thiên|y
脡	U+8121	thiên|đĩnh
脢	U+8122	mai|môi
脣	U+8123	thần
脤	U+8124	thần|thận
脥	U+8125	khiếp|đàm
脧	U+8127	thuyên|thôi|tuyên
脩	U+8129	tu
脫	U+812B	thoát|đoái
脬	U+812C	phao
脭	U+812D	hoái|trình
脮	U+812E	hoái
脯	U+812F	bô|phủ
脰	U+8130	đậu
脱	U+8131	thoát|đoái
脲	U+8132	niệu
脳	U+8133	não
脵	U+8135	cổ
脶	U+8136	cốt|loa
脸	U+8138	kiểm|liễm|liệm|thiểm
脹	U+8139	trướng
脺	U+813A	tụy
脽	U+813D	thùy
脾	U+813E	bì|tì|tỳ
脿	U+813F	biểu|béo|óng
腁	U+8141	biền
腃	U+8143	tha
腆	U+8146	thiển|điến
腇	U+8147	nỗi
腊	U+814A	lạp|tích|tịch
腋	U+814B	dịch|nách
腌	U+814C	yêm|yểm
腍	U+814D	nhẫm
腎	U+814E	thận
腏	U+814F	chuyết
腐	U+8150	hủ
腑	U+8151	phủ
腒	U+8152	cư|cừ
腓	U+8153	phi|phì
腔	U+8154	khang|khoang|soang|xoang
腕	U+8155	oản|uyển
腖	U+8156	đống
腘	U+8158	quắc
腚	U+815A	đĩnh
腛	U+815B	ác|óc
腜	U+815C	môi
腝	U+815D	nê|nạo
腞	U+815E	triện
腠	U+8160	thấu|tấu
腡	U+8161	cốt|loa
腢	U+8162	ngẫu
腤	U+8164	am
腥	U+8165	tanh|tinh
腦	U+8166	não
腧	U+8167	thú
腨	U+8168	nhân
腩	U+8169	nem|nạm|nảm
腫	U+816B	thung|thũng|trũng
腭	U+816D	ngạc
腮	U+816E	tai|tư
腯	U+816F	đột
腰	U+8170	yêu
腱	U+8171	kiên|kiến|kiện
腲	U+8172	ổi|ủy
腳	U+8173	cước|giác|khước
腴	U+8174	du
腶	U+8176	đoán
腷	U+8177	phức
腸	U+8178	tràng|trường
腹	U+8179	phúc|phục
腺	U+817A	tuyến
腻	U+817B	nhị|nị
腼	U+817C	diến|điến|điển
腽	U+817D	ốt|ột
腾	U+817E	đằng
腿	U+817F	thoái|thối
膀	U+8180	bàng|báng|bảng
膁	U+8181	còm
膂	U+8182	lữ
膃	U+8183	oát|ốt|ột
膆	U+8186	tố
膇	U+8187	truy
膈	U+8188	cách
膉	U+8189	ích
膊	U+818A	bác|bô|bạc
膋	U+818B	doanh|liêu
膌	U+818C	tích
膍	U+818D	bì|tỳ
膎	U+818E	hài
膏	U+818F	cao|cáo
膐	U+8190	lữ
膑	U+8191	bận|tẫn
膓	U+8193	tràng|trường
膕	U+8195	quắc
膗	U+8197	sòai|sùy
膘	U+8198	phiêu|phiếu|tiêu
膙	U+8199	cương|cưỡng|phách
膚	U+819A	phu
膛	U+819B	thang|đường
膜	U+819C	mô|mạc
膝	U+819D	tất
膞	U+819E	thuyền|thuần
膟	U+819F	luật|suất
膠	U+81A0	giao|keo
膢	U+81A2	lâu
膣	U+81A3	trất
膦	U+81A6	lân|lận
膧	U+81A7	đồng
膨	U+81A8	bành
膩	U+81A9	nhị|nị
膪	U+81AA	súy
膬	U+81AC	sế
膮	U+81AE	hiêu
膰	U+81B0	phan|phiên|phiền|phàn|phần|phồn
膱	U+81B1	bí|chức
膳	U+81B3	thiện
膴	U+81B4	hô|vũ
膵	U+81B5	tụy
膷	U+81B7	hương
膸	U+81B8	tủy
膺	U+81BA	ưng
膻	U+81BB	chiên|thiên|thiện|đán|đãn
膼	U+81BC	trù
膽	U+81BD	đảm
膾	U+81BE	gỏi|khoái|quái
膿	U+81BF	nùng|nọng|nồng
臀	U+81C0	đồn
臁	U+81C1	liêm
臂	U+81C2	tý
臃	U+81C3	ung|ủng
臄	U+81C4	cược
臅	U+81C5	xúc
臆	U+81C6	ức
臈	U+81C8	lạp
臉	U+81C9	kiểm|liễm|liệm|thiểm
臊	U+81CA	tao|táo
臋	U+81CB	đồn
臌	U+81CC	cổ
臍	U+81CD	tê|tề
臎	U+81CE	thúy
臏	U+81CF	bận|tần|tẫn
臐	U+81D0	huân
臑	U+81D1	nao|nhi|nhu|nê|nạo
臓	U+81D3	tạng
臕	U+81D5	phiêu|phiếu|tiêu
臗	U+81D7	khoan
臘	U+81D8	chạp|lạp|tích|tịch
臙	U+81D9	yên
臚	U+81DA	lô|lư|phu
臛	U+81DB	hoắc
臜	U+81DC	châm|trâm
臝	U+81DD	luy|lõa|lỏa
臞	U+81DE	cù
臟	U+81DF	tang|tạng|tảng
臠	U+81E0	loan|luyến
臡	U+81E1	na|nhê|nê|tu
臢	U+81E2	châm|trâm|tán
臣	U+81E3	thần
臤	U+81E4	khiên
臥	U+81E5	ngọa
臧	U+81E7	tang|tàng|tạng
臨	U+81E8	lâm|lấm
自	U+81EA	tự
臬	U+81EC	nghiệt|niết
臭	U+81ED	khứu|xú
臮	U+81EE	cao|ký
臯	U+81EF	cao
臲	U+81F2	niết
至	U+81F3	chí|điệt
致	U+81F4	chí|nhí|trí
臷	U+81F7	thiết
臺	U+81FA	di|thai|đài
臻	U+81FB	trân|trăn
臼	U+81FC	cối|cửu|cữu
臽	U+81FD	hãm
臾	U+81FE	du|dũng
臿	U+81FF	cháp|sáp|tháp|tráp|áp
舀	U+8200	du|thao|yểu
舁	U+8201	dư
舂	U+8202	thung
舃	U+8203	tích
舄	U+8204	tích|tả
舅	U+8205	cậu|cữu|cựu
舆	U+8206	dư
與	U+8207	dư|dữ|dự
興	U+8208	hưng|hứng
舉	U+8209	cử
舊	U+820A	cựu
舋	U+820B	hấn
舌	U+820C	thiệt
舍	U+820D	xá|xả
舎	U+820E	xá
舐	U+8210	chỉ|thỉ|thị|để
舒	U+8212	thư
舓	U+8213	chỉ|thỉ|thị|để
舔	U+8214	thiểm
舕	U+8215	đạm
舖	U+8216	phô|phố
舗	U+8217	phổ
舘	U+8218	quán|đồ
舚	U+821A	thiêm
舛	U+821B	chi|suyễn|xuyên|xuyễn
舜	U+821C	thuấn|đam
舝	U+821D	hạt
舞	U+821E	vũ
舟	U+821F	chu|châu
舠	U+8220	đao
舡	U+8221	hang
舢	U+8222	san
舣	U+8223	nghĩ
舤	U+8224	hàng
舨	U+8228	bản
舩	U+8229	thuyền
航	U+822A	hàng
舫	U+822B	phang|phương|phảng
般	U+822C	ban|bàn|bát
舭	U+822D	hạm|tỳ
舰	U+8230	hạm
舱	U+8231	thương
舲	U+8232	linh
舳	U+8233	trục
舴	U+8234	chách|trách
舵	U+8235	đà
舶	U+8236	bách|bạc|bạch
舷	U+8237	huyền
舸	U+8238	kha|khả
船	U+8239	thuyền
舺	U+823A	cấu
舻	U+823B	lô|tự
舼	U+823C	cung
艁	U+8241	tạo
艃	U+8243	phụ|ấp
艄	U+8244	sao
艅	U+8245	dư
艆	U+8246	bao|lang
艇	U+8247	đình|đĩnh|đỉnh
艉	U+8249	vĩ
艊	U+824A	bạc
艋	U+824B	mành|mãnh|mạnh
艎	U+824E	hoàng|huỳnh|liếp
艏	U+824F	thủ
艐	U+8250	tông
艑	U+8251	biển
艒	U+8252	mạo|mục
艓	U+8253	điệp
艕	U+8255	bàng|báng
艖	U+8256	xoa
艗	U+8257	dật|ích
艘	U+8258	sưu|tao
艙	U+8259	thương
艚	U+825A	tào|tàu
艛	U+825B	lâu
艞	U+825E	cân|diệu|thiếu
艟	U+825F	xuồng|đồng
艢	U+8262	tường
艣	U+8263	lỗ
艤	U+8264	nghĩ
艦	U+8266	hạm
艧	U+8267	hộ
艨	U+8268	mông
艩	U+8269	lỗ|tề
艪	U+826A	lỗ
艫	U+826B	lô
艬	U+826C	sàm
艭	U+826D	sang
艮	U+826E	cân|cấn|cẩn
良	U+826F	lương
艰	U+8270	gian
艱	U+8271	gian
色	U+8272	sắc
艳	U+8273	diễm
艴	U+8274	phất|phật
艵	U+8275	diễm|phanh
艶	U+8276	diễm
艷	U+8277	diêm|diễm|diệm
艸	U+8278	tháu|thảo
艹	U+8279	chấp|nghệ|thảo
艺	U+827A	nghệ|vân|ớt
艽	U+827D	bông|cưu|cừu|giao
艾	U+827E	nghệ|ngải
艿	U+827F	nhứng|nãi|nẩy|ạc
芀	U+8280	tiết|điêu
节	U+8282	tiết|tiệt
芃	U+8283	bông|bồng|ngải
芄	U+8284	hoàn
芈	U+8288	dương|mị|nhị
芊	U+828A	thiên
芋	U+828B	dụ|hu|vu
芌	U+828C	dụ|hu|vu
芍	U+828D	thược
芎	U+828E	khung
芏	U+828F	đỗ
芐	U+8290	hạ
芑	U+8291	khỉ
芒	U+8292	mang|vong
芔	U+8294	húy|hương|hủy|tập
芗	U+8297	hương
芘	U+8298	tý|tất|tỉ|tỷ
芙	U+8299	phù
芚	U+829A	bưu|truân|vu|đồn
芛	U+829B	toàn
芜	U+829C	vu
芝	U+829D	chi
芞	U+829E	khất
芟	U+829F	sam
芠	U+82A0	giao
芡	U+82A1	khiếm
芣	U+82A3	búp|phù
芤	U+82A4	khâu|khưu|tước
芥	U+82A5	giới
芦	U+82A6	lô|lư
芧	U+82A7	trữ|tự
芨	U+82A8	cấp|cập
芩	U+82A9	cầm|tham
芪	U+82AA	kì|kỳ
芫	U+82AB	diêm|nguyên
芬	U+82AC	phân|phần
芭	U+82AD	ba
芮	U+82AE	nhuế|nối
芯	U+82AF	tâm
芰	U+82B0	chi|kị|kỵ
花	U+82B1	hoa
芲	U+82B2	hoa
芳	U+82B3	phương
芴	U+82B4	hốt|vật
芵	U+82B5	quyết
芷	U+82B7	chỉ
芸	U+82B8	vân
芹	U+82B9	cân|cần
芺	U+82BA	yêu|áo|ảo
芻	U+82BB	so|sô|trâu
芼	U+82BC	mao|mào|mạo|thôi
芽	U+82BD	nha
芾	U+82BE	nào|phí|phất|phế|phị
芿	U+82BF	nhăng|nhưng|nhứng|vi|vĩ
苁	U+82C1	thung
苃	U+82C3	bạt
苄	U+82C4	vi
苅	U+82C5	ngải
苇	U+82C7	vi|vĩ
苈	U+82C8	lịch
苋	U+82CB	hiện
苌	U+82CC	trành|trường
苍	U+82CD	thương|thưởng
苎	U+82CE	ninh|trữ
苏	U+82CF	tô|tố
苐	U+82D0	di|đề|đệ
苑	U+82D1	oản|uyển|uân|uất|uẩn
苒	U+82D2	nhiêm|nhiễm
苓	U+82D3	linh
苔	U+82D4	thai|đài|đầy
苕	U+82D5	thiều|điều
苖	U+82D6	miêu|địch
苗	U+82D7	meo|miêu
苘	U+82D8	khoảnh|quýnh
苙	U+82D9	lập|rợp
苛	U+82DB	ha|hà|kha|mục
苜	U+82DC	mục
苝	U+82DD	bấc
苞	U+82DE	bao|bào
苟	U+82DF	cẩu
苠	U+82E0	mân
苡	U+82E1	dĩ
苢	U+82E2	dĩ
苣	U+82E3	cử|cự
苤	U+82E4	phi|phiết
若	U+82E5	nhã|nhược
苦	U+82E6	khổ
苧	U+82E7	ninh|trẫm|trữ
苨	U+82E8	nễ
苪	U+82EA	bính
苫	U+82EB	chiêm|chôm|thiêm|thiệm
苬	U+82EC	bản|tù
苭	U+82ED	ấu
苯	U+82EF	bản|bổn
英	U+82F1	anh
苲	U+82F2	nghêu|rạ
苳	U+82F3	rong|đông
苴	U+82F4	thư|thỏ|tra|trạ|tô|tư
苶	U+82F6	hùa|niết
苷	U+82F7	đại
苹	U+82F9	biền|bình|phanh|tần
苺	U+82FA	môi
苻	U+82FB	bồ|phù|phục
苽	U+82FD	cô
苾	U+82FE	bí|bật|tất
苿	U+82FF	mạt|vị
茀	U+8300	phất
茁	U+8301	chuất|truất|đốt
茂	U+8302	mậu|thuật
范	U+8303	phạm
茄	U+8304	gia|già|nhà
茅	U+8305	mao|mâu
茆	U+8306	lữu|mao|mão
茇	U+8307	bái|bát|bạt
茈	U+8308	sài|tử|tỷ
茉	U+8309	mạt
茊	U+830A	ty|tư
茌	U+830C	sậy|trì
茍	U+830D	cẩu|cức
茎	U+830E	hành
茏	U+830F	lung
茐	U+8310	điểu
茑	U+8311	điểu
茓	U+8313	doanh|huyệt
茔	U+8314	doanh|oanh|oánh
茕	U+8315	quỳnh
茖	U+8316	các
茗	U+8317	danh|minh|mính
茘	U+8318	cấn|lệ
茙	U+8319	ngồng
茛	U+831B	cấn|cận
茜	U+831C	thiến|trệ|tây
茝	U+831D	chỉ|sải
茞	U+831E	chỉ|thần
茢	U+8322	liệt
茥	U+8325	khuê
茦	U+8326	kiển|sách|thuốc|tỳ
茧	U+8327	kiển
茨	U+8328	tư|từ|tỳ
茫	U+832B	mang|mương
茬	U+832C	sà|tra|trà|xá
茭	U+832D	dao|diêu|giao|hảo|kích
茯	U+832F	chỉ|phục
茰	U+8330	du
茱	U+8331	chu|thù|tư|từ
茲	U+8332	ty|tư|từ
茳	U+8333	giang
茴	U+8334	hồi
茵	U+8335	nhân
茶	U+8336	trà
茷	U+8337	bái|phệ
茸	U+8338	nhung|nhĩ|nhũng
茹	U+8339	nhà|như|nhự
茺	U+833A	sung|súng|xung
茻	U+833B	võng
茼	U+833C	đòng|đồng
茿	U+833F	trúc
荀	U+8340	tuân
荁	U+8341	hoàn
荂	U+8342	hoa
荃	U+8343	thuyên|toàn
荄	U+8344	cai|gai
荅	U+8345	đáp
荆	U+8346	kinh
荇	U+8347	hành|hạnh
荈	U+8348	suyễn|xuyễn
草	U+8349	thảo|tạo
荊	U+834A	hình|kinh|kính
荍	U+834D	kiều|thẩu
荎	U+834E	chuối|trị|đáo
荏	U+834F	nhiệm|nhẫm
荐	U+8350	tiến|trãi|tấn|tồn
荑	U+8351	di|rì|sún|đề|để|đệ
荒	U+8352	hoang
荓	U+8353	bính
荔	U+8354	lệ
荖	U+8356	lão
荘	U+8358	trang
荙	U+8359	đạt
荚	U+835A	giáp
荛	U+835B	nghiêu|nhiêu|nhiễu
荜	U+835C	tất
荝	U+835D	trắc
荞	U+835E	kiều
荟	U+835F	cối|hội|oái
荠	U+8360	tề|tể
荡	U+8361	đãng|đảng
荣	U+8363	vinh
荤	U+8364	huân
荥	U+8365	huỳnh
荦	U+8366	lao|lạc
荧	U+8367	huỳnh
荨	U+8368	kiền|tầm|đàm
荩	U+8369	tẫn
荪	U+836A	tôn
荫	U+836B	âm|ấm
荭	U+836D	hồng
药	U+836F	dược|điếu|ước
荳	U+8373	đậu
荵	U+8375	nhẫn
荷	U+8377	hà|hạ
荸	U+8378	bột|mụt
荺	U+837A	quân|vẫn
荻	U+837B	địch
荼	U+837C	dưa|gia|đồ
荽	U+837D	tuy
莁	U+8381	vu
莂	U+8382	biệt
莃	U+8383	hy
莅	U+8385	lị|lỵ
莆	U+8386	bo|bồ|phủ
莉	U+8389	ly|lê|lị|lợi|lỵ
莊	U+838A	trang
莋	U+838B	tạc
莍	U+838D	ấm
莎	U+838E	sa|ta|toa
莏	U+838F	sa|ta
莐	U+8390	trầm
莑	U+8391	bồng
莒	U+8392	cử
莓	U+8393	mai|môi|mỗi|mội
莔	U+8394	hồi|manh
莕	U+8395	hạnh
莖	U+8396	hành|kính
莘	U+8398	sân|sằn|tân
莙	U+8399	quân|quẫn
莚	U+839A	diên
莛	U+839B	diên|đình
莝	U+839D	tỏa
莞	U+839E	hoàn|hoán|hoãn|hoản|quản|uyển
莠	U+83A0	dửu|dữu|hữu|tú
莢	U+83A2	giáp
莣	U+83A3	mang
莤	U+83A4	du|giậu|súc
莥	U+83A5	nữu
莧	U+83A7	hiện|kiến|nghiễn
莨	U+83A8	lang|lương
莩	U+83A9	biểu|biễu|phu|phù
莪	U+83AA	nga|ngò
莫	U+83AB	bá|mạc|mạch|mộ
莯	U+83AF	móc
莰	U+83B0	khúm|vay
莱	U+83B1	lai
莲	U+83B2	liên
莳	U+83B3	thi|thì
莴	U+83B4	oa
莵	U+83B5	thỏ|thố
莶	U+83B6	hiêm|thiêm
获	U+83B7	hoạch|hoắt|địch
莸	U+83B8	do|du
莹	U+83B9	oánh
莺	U+83BA	oanh
莼	U+83BC	thuần
莽	U+83BD	mãng
莾	U+83BE	mãng
莿	U+83BF	thích
菀	U+83C0	uyển|uất|uẩn
菁	U+83C1	thanh|thiến|tinh
菂	U+83C2	đích
菅	U+83C5	gian|quan
菆	U+83C6	thoàn|toàn|trâu|tưu
菇	U+83C7	cô
菉	U+83C9	lục
菊	U+83CA	cúc
菋	U+83CB	vị
菌	U+83CC	khuân|khuẩn
菍	U+83CD	nấm|đặt
菎	U+83CE	côn|hà
菏	U+83CF	hà
菑	U+83D1	chuy|tai|tri|truy|trí|tư
菓	U+83D3	quả
菔	U+83D4	bặc|phục
菕	U+83D5	hăm|trun
菖	U+83D6	xương
菘	U+83D8	tùng
菙	U+83D9	chủy|trải
菛	U+83DB	môn
菜	U+83DC	thái|thể
菟	U+83DF	tho|thỏ|thố|đồ
菠	U+83E0	ba
菡	U+83E1	hàm|hạm
菢	U+83E2	bão
菣	U+83E3	khẩn
菤	U+83E4	quyển
菧	U+83E7	để
菩	U+83E9	bồ|bội|phụ
菪	U+83EA	đãng
菫	U+83EB	cần|cẩn|cận|ngẩn
菭	U+83ED	đài
華	U+83EF	hoa|hóa
菰	U+83F0	cô
菱	U+83F1	lăng
菲	U+83F2	phi|phỉ
菴	U+83F4	am|ám
菶	U+83F6	bồng|bổng|phụng
菷	U+83F7	chửu
菸	U+83F8	yên|ư
菹	U+83F9	thư|trư
菺	U+83FA	kiên|thảm
菻	U+83FB	lâm|lùm
菼	U+83FC	thảm
菽	U+83FD	thúc|thục|điềm
菾	U+83FE	điềm
菿	U+83FF	đáo
萁	U+8401	cơ|ki|ky|kỳ
萃	U+8403	thúy|túy|tụy
萄	U+8404	đào
萅	U+8405	xuân
萆	U+8406	bế|bề|tì|tích|tý|tỳ
萇	U+8407	trành|trường
萉	U+8409	ba|phì|phỉ
萊	U+840A	lai
萋	U+840B	thê
萌	U+840C	manh|minh
萍	U+840D	bình|bềnh
萎	U+840E	nuy|nùy|uy|ủy
萏	U+840F	diễm|đạm|đảm
萐	U+8410	tiệp
萑	U+8411	chuy|hoàn
萕	U+8415	tề|tể
萘	U+8418	nại
萚	U+841A	thác
萜	U+841C	thiếp
萝	U+841D	la
萟	U+841F	vân
萠	U+8420	manh
萡	U+8421	bạc
萤	U+8424	huỳnh
营	U+8425	dinh|doanh
萦	U+8426	oanh
萧	U+8427	tiêu
萨	U+8428	tát
萩	U+8429	tho|thu|thèm
萫	U+842B	hảng
萬	U+842C	mặc|vạn
萭	U+842D	câu|vũ|vạn
萯	U+842F	quàn
萱	U+8431	hiên|huyên
萲	U+8432	huyên
萴	U+8434	trải|trắc
萵	U+8435	oa
萶	U+8436	xuân
萷	U+8437	tiêu
萸	U+8438	du|dữu
萹	U+8439	biển|phiên|tô
萻	U+843B	am|âm
萼	U+843C	ngạc
落	U+843D	lạc|lạo
萾	U+843E	giềng
葀	U+8440	tràm
葄	U+8444	tộ
葅	U+8445	thư
葆	U+8446	bao|bảo
葇	U+8447	nhu|nhú
葉	U+8449	diếp|diệp|hiệp|hiệt
葊	U+844A	am
葋	U+844B	cù
葌	U+844C	gian
葍	U+844D	phúc
葎	U+844E	luật
葐	U+8450	phần
葑	U+8451	phong|phúng|phụng
葒	U+8452	hồng
葓	U+8453	hồng
葖	U+8456	nhút|đột
著	U+8457	trước|trứ|trữ
葘	U+8458	chuy|tai|tri|truy
葙	U+8459	tương
葚	U+845A	nhẫm|thấm|thầm|thậm|thập
葛	U+845B	cát
葝	U+845D	kinh|kính
葟	U+845F	hoàng|sâm|thác
葠	U+8460	sâm
葡	U+8461	bồ|tứ
葢	U+8462	cái|hạp
董	U+8463	đồng|đổng
葥	U+8465	tiễn
葦	U+8466	vi|vĩ
葧	U+8467	bột
葩	U+8469	ba
葪	U+846A	khuyển|trảo
葫	U+846B	hồ
葬	U+846C	táng
葭	U+846D	gia|hà|hạ
葯	U+846F	dược|điếu|ước
葰	U+8470	tuấn
葱	U+8471	song|thông
葳	U+8473	uy
葴	U+8474	châm
葵	U+8475	quỳ
葶	U+8476	đình
葷	U+8477	huân
葸	U+8478	tơi|tỉ|tỷ
葹	U+8479	thi
葺	U+847A	trải|tập
葻	U+847B	bông
葼	U+847C	thủ|tài|tông
葽	U+847D	yêu
蒀	U+8480	uân
蒁	U+8481	thảo
蒂	U+8482	đế
蒇	U+8487	siển|sản|xiển
蒉	U+8489	khoái|quỹ
蒋	U+848B	tương|tưởng
蒌	U+848C	liễu|lâu|lũ
蒍	U+848D	phái|vĩ|vị
蒎	U+848E	phái
蒐	U+8490	sưu
蒒	U+8492	sư
蒓	U+8493	thuần
蒔	U+8494	thi|thì|thời
蒕	U+8495	uân
蒗	U+8497	lang|lãng|lạng
蒙	U+8499	bàng|mông
蒜	U+849C	toán|tỏi
蒝	U+849D	diêm
蒞	U+849E	lị|lỵ
蒟	U+849F	củ
蒠	U+84A0	tức
蒡	U+84A1	bàng|bảng
蒢	U+84A2	trừ
蒣	U+84A3	dừa
蒤	U+84A4	hậu|đồ
蒥	U+84A5	hậu
蒦	U+84A6	hoạch
蒧	U+84A7	điểm
蒨	U+84A8	khiếm|thiến|xuyến
蒩	U+84A9	tô
蒪	U+84AA	thuần
蒭	U+84AD	sô
蒮	U+84AE	dục
蒯	U+84AF	khoái|sần
蒱	U+84B1	bồ
蒲	U+84B2	bạc|bồ
蒴	U+84B4	sóc
蒵	U+84B5	hệ
蒶	U+84B6	phần
蒷	U+84B7	vân
蒸	U+84B8	chưng
蒹	U+84B9	kiêm
蒺	U+84BA	tật
蒻	U+84BB	nhược
蒼	U+84BC	thương|thưởng
蒽	U+84BD	ân
蒿	U+84BF	cao|hao
蓀	U+84C0	tôn
蓁	U+84C1	trân|trăn
蓂	U+84C2	minh
蓃	U+84C3	sấu
蓄	U+84C4	súc
蓅	U+84C5	lưu
蓆	U+84C6	tịch
蓇	U+84C7	cốt|tê
蓉	U+84C9	dong|dung|rong
蓊	U+84CA	ông|ống|ổng
蓋	U+84CB	cái|hạp
蓌	U+84CC	thố
蓍	U+84CD	thi
蓏	U+84CF	lõa|lỏa
蓐	U+84D0	dối|nhục|nóc
蓑	U+84D1	soa|tai|thoa|toa|tuy|xoa
蓓	U+84D3	bội|bụi
蓖	U+84D6	bế|bề|tỳ
蓘	U+84D8	cổn|lam
蓝	U+84DD	lam
蓟	U+84DF	kế
蓠	U+84E0	ly
蓡	U+84E1	sâm
蓣	U+84E3	dụ|dự
蓤	U+84E4	thoái|thối
蓥	U+84E5	oánh
蓦	U+84E6	mạch
蓧	U+84E7	điếu|điều|điệu|địch
蓨	U+84E8	tu|điều|điệu
蓩	U+84E9	thính
蓪	U+84EA	thông
蓫	U+84EB	trục
蓬	U+84EC	bồng
蓮	U+84EE	liên|sen
蓯	U+84EF	thung
蓰	U+84F0	bình|si|tỉ|tỷ
蓱	U+84F1	bình
蓲	U+84F2	âu
蓳	U+84F3	cẩn|thuần
蓴	U+84F4	thuần
蓶	U+84F6	dụy|suy|thôi
蓷	U+84F7	suy|thôi
蓺	U+84FA	nghệ|vân
蓻	U+84FB	bánh|giấp
蓼	U+84FC	liễu|liệu|lục
蓽	U+84FD	tất
蓿	U+84FF	súc|túc
蔀	U+8500	bộ
蔂	U+8502	luy
蔅	U+8505	nghiên
蔆	U+8506	lăng
蔇	U+8507	ký|tràm
蔈	U+8508	phiêu
蔉	U+8509	cổn|tốc
蔊	U+850A	hán
蔋	U+850B	địch
蔌	U+850C	tốc
蔎	U+850E	thiết
蔏	U+850F	nan|địch
蔐	U+8510	địch
蔑	U+8511	miệt
蔓	U+8513	man|mơn|mạn
蔔	U+8514	bặc|bốc|bồ
蔕	U+8515	đế|đới
蔗	U+8517	giá
蔘	U+8518	sam|sâm|tam
蔙	U+8519	toàn
蔚	U+851A	uất|úy
蔞	U+851E	liễu|lâu|lô|lũ
蔟	U+851F	thốc
蔠	U+8520	chung|chông
蔡	U+8521	sái|thái|tát
蔣	U+8523	tương|tưởng
蔤	U+8524	mật
蔥	U+8525	thông
蔦	U+8526	điểu
蔨	U+8528	quyển
蔩	U+8529	dần
蔪	U+852A	sam|thính|tiêm
蔫	U+852B	yên
蔬	U+852C	sơ|đạt
蔭	U+852D	âm|ấm
蔯	U+852F	trần
蔰	U+8530	thiên
蔱	U+8531	sát
蔴	U+8534	ma
蔵	U+8535	tàng|tạng
蔷	U+8537	sắc|tường
蔸	U+8538	đâu
蔹	U+8539	liêm|liễm
蔺	U+853A	lận
蔻	U+853B	khấu
蔼	U+853C	ái
蔽	U+853D	phất|tế
蔾	U+853E	lê|vĩ
蔿	U+853F	vĩ|vị
蕁	U+8541	kiền|tùm|tầm|đàm
蕃	U+8543	phan|phiên|phiền|phồn
蕄	U+8544	muống
蕅	U+8545	ngẫu
蕆	U+8546	siển|sản|xiển
蕈	U+8548	huân|khuẩn|nấm|tẩm
蕉	U+8549	tiêu
蕊	U+854A	nhị|nhụy
蕋	U+854B	nhị|nhụy
蕍	U+854D	du
蕎	U+854E	di|kiều|kiệu|ướm
蕐	U+8550	hoa
蕑	U+8551	gian|đắng
蕓	U+8553	vân
蕕	U+8555	do|du
蕖	U+8556	cừ
蕗	U+8557	lộ
蕘	U+8558	nghiêu|nhiêu|nhiễu
蕙	U+8559	huệ|tuệ
蕚	U+855A	ngạc
蕝	U+855D	toát|tuyệt
蕞	U+855E	tỏi|tối|tụi
蕟	U+855F	phát
蕠	U+8560	như
蕡	U+8561	phần
蕢	U+8562	khoái|quý|quỹ
蕣	U+8563	thuấn
蕤	U+8564	nhuy
蕥	U+8565	đạo
蕨	U+8568	quyết
蕩	U+8569	đãng|đảng
蕪	U+856A	vu
蕫	U+856B	cận
蕬	U+856C	túi
蕭	U+856D	tiêu
蕮	U+856E	gian|tích|uẩn|ôn
蕰	U+8570	uẩn|ôn
蕱	U+8571	sảo
蕲	U+8572	cần|kỳ
蕳	U+8573	gian
蕴	U+8574	uấn|uẩn|ôn
蕷	U+8577	dụ|dự|nhựa
蕸	U+8578	hà
蕹	U+8579	ung|úng|ủng
蕺	U+857A	trấp
蕻	U+857B	hống|hồng
蕾	U+857E	lôi|lỗi|lội
蕿	U+857F	huyên
薀	U+8580	uẩn|ôn
薂	U+8582	hịch
薃	U+8583	hạo
薄	U+8584	bác|bạc
薅	U+8585	cao|hao
薆	U+8586	nhúc|vi|ái
薇	U+8587	vi
薈	U+8588	cói|cối|hội|oái
薉	U+8589	uế
薊	U+858A	kế
薋	U+858B	tư
薌	U+858C	hương
薍	U+858D	loạn|uyển
薏	U+858F	é|ý
薐	U+8590	lăng
薑	U+8591	gừng|khương
薓	U+8593	sâm
薔	U+8594	sắc|tiết|tường
薕	U+8595	liêm|rơm
薖	U+8596	khoa|oa|qua|đạt
薗	U+8597	viên
薘	U+8598	đạt
薙	U+8599	thế|trĩ
薛	U+859B	tiết
薜	U+859C	bách|bích|bệ|phách
薝	U+859D	chiêm|tương|đảm
薟	U+859F	dung|hiêm|liễm|thiêm
薠	U+85A0	phiền
薢	U+85A2	giải
薤	U+85A4	giới|đới
薦	U+85A6	tiến|trãi|tấn
薧	U+85A7	hao|hảo|khảo
薨	U+85A8	hoăng|hoằng
薩	U+85A9	tát
薪	U+85AA	tân
薫	U+85AB	huân
薬	U+85AC	dược|ước
薮	U+85AE	tẩu
薯	U+85AF	thự
薰	U+85B0	huân
薱	U+85B1	đối
薲	U+85B2	bình|phanh
薳	U+85B3	vĩ|vị
薴	U+85B4	ninh|trữ
薶	U+85B6	mai
薷	U+85B7	nho|nhu
薸	U+85B8	phiêu
薹	U+85B9	đài
薺	U+85BA	tê|tề|tể|tễ
薻	U+85BB	tảo
薽	U+85BD	chân
薾	U+85BE	nhĩ|niết
薿	U+85BF	nghĩ
藁	U+85C1	cao|cảo
藂	U+85C2	tùng
藃	U+85C3	háo
藇	U+85C7	tự
藈	U+85C8	quỳ|tố
藉	U+85C9	chạ|tá|tạ|tịch
藊	U+85CA	biển
藋	U+85CB	điệu
藍	U+85CD	lam|tẫn
藎	U+85CE	tẫn|tận
藏	U+85CF	tàng|tạng
藐	U+85D0	diểu|miểu|miễu|mạc|mạo
藑	U+85D1	quỳnh|tiển
藓	U+85D3	tiển
藕	U+85D5	ngó|ngẫu
藗	U+85D7	lư|tốc
藘	U+85D8	lư|lự
藙	U+85D9	nghị
藚	U+85DA	tục|độc
藛	U+85DB	tả
藜	U+85DC	lê
藝	U+85DD	nghệ|vân
藞	U+85DE	lủi
藟	U+85DF	lũy
藣	U+85E3	bi
藤	U+85E4	đằng
藥	U+85E5	dược|điếu|ước
藦	U+85E6	ma
藩	U+85E9	phan|phiên
藪	U+85EA	sú|tẩu
藫	U+85EB	đàm
藭	U+85ED	cùng
藯	U+85EF	úy
藳	U+85F3	cảo
藴	U+85F4	uấn|uẩn
藶	U+85F6	lịch
藷	U+85F7	chử|thử|thự
藸	U+85F8	chư|trư
藹	U+85F9	ái
藺	U+85FA	lận
藻	U+85FB	tảo
藼	U+85FC	huyên
藾	U+85FE	lại
藿	U+85FF	hoắc|hoắt
蘀	U+8600	thác
蘁	U+8601	ngạc|ngộ
蘂	U+8602	nhị|nhụy
蘃	U+8603	nhị|nhụy
蘄	U+8604	cần|kì|kỳ
蘅	U+8605	hoành|hành
蘆	U+8606	lô|lư
蘇	U+8607	to|tô|tố
蘉	U+8609	mang
蘊	U+860A	uấn|uẩn|ôn
蘋	U+860B	bình|phanh|tần
蘌	U+860C	ngự
蘐	U+8610	huyên
蘑	U+8611	ma
蘓	U+8613	tô
蘖	U+8616	bách|nghiệt
蘗	U+8617	bá|bách|bích|nghiệt|phế
蘘	U+8618	nhương
蘚	U+861A	tiển
蘝	U+861D	liêm|liễm|lém
蘞	U+861E	liêm|liễm
蘟	U+861F	ẩn
蘠	U+8620	tường
蘡	U+8621	anh
蘢	U+8622	lung|lùng
蘤	U+8624	hoa|vị
蘥	U+8625	dược
蘦	U+8626	linh
蘧	U+8627	cừ
蘩	U+8629	phiền|phồn
蘪	U+862A	mi
蘭	U+862D	lan
蘯	U+862F	đãng
蘳	U+8633	hoạch
蘵	U+8635	chức
蘷	U+8637	mạc|quỳ
蘸	U+8638	tiếu|tiều|trám
蘺	U+863A	li|loe|ly
蘼	U+863C	mi
蘽	U+863D	lũy
蘿	U+863F	la|lá
虀	U+8640	tê|tễ
虁	U+8641	quỳ
虆	U+8646	luy|đà
虇	U+8647	quyền|tra
虋	U+864B	hấn
虌	U+864C	biết
虍	U+864D	hô|hổ
虎	U+864E	hổ
虏	U+864F	lỗ
虐	U+8650	ngược
虑	U+8651	lư|lục|lự
虒	U+8652	ty|tư
虓	U+8653	hao|khiêu
虔	U+8654	kiền
處	U+8655	xú|xứ|xử
虖	U+8656	hô
虗	U+8657	hư
虘	U+8658	ta
虙	U+8659	mật|phục
虚	U+865A	hư|khư
虛	U+865B	hư|khư
虜	U+865C	lỗ
虝	U+865D	hổ
虞	U+865E	ngu
號	U+865F	hiệu|hào
虡	U+8661	cự
虢	U+8662	quách|quắc
虣	U+8663	bạo
虤	U+8664	ngan|ngàn
虥	U+8665	sàn
虦	U+8666	sàn
虧	U+8667	khuy|khuya|ư
虨	U+8668	ban
虩	U+8669	bão|hách|khích
虪	U+866A	thúc
虫	U+866B	hôi|húy|hủy|trùng
虬	U+866C	cầu|gù
虭	U+866D	bưu|kỷ|điêu
虮	U+866E	kỳ|kỷ
虯	U+866F	cù|cầu|di
虰	U+8670	đinh
虱	U+8671	sắt
虵	U+8675	di|sá|xà
虶	U+8676	vò
虷	U+8677	can|hàn
虸	U+8678	tửa
虹	U+8679	hống|hồng
虺	U+867A	hôi|húy|hủy
虻	U+867B	mang|manh
虼	U+867C	khất
虽	U+867D	tuy
虾	U+867E	hà
虿	U+867F	mại|sái
蚀	U+8680	thặc|thực
蚁	U+8681	nghĩ|nghị
蚂	U+8682	ma|mã
蚃	U+8683	hưởng
蚄	U+8684	phương
蚅	U+8685	ách
蚆	U+8686	ba|xích
蚇	U+8687	xích
蚈	U+8688	khiên
蚊	U+868A	mân|văn
蚋	U+868B	bí|nhuế
蚌	U+868C	bạng
蚍	U+868D	tì|tỳ
蚑	U+8691	kì|kỳ
蚓	U+8693	dẫn|rận
蚔	U+8694	chỉ|kỳ
蚕	U+8695	tàm|tằm
蚖	U+8696	ngoan|nguyên
蚗	U+8697	quyết|tục
蚘	U+8698	du|hồi|u|vưu|ấu
蚚	U+869A	kỳ
蚛	U+869B	trọng
蚜	U+869C	da|gia|nha|nhá
蚝	U+869D	hào|thứ
蚞	U+869E	mộc
蚟	U+869F	phân|vương
蚠	U+86A0	phân|phẫn
蚡	U+86A1	phân|phần|phẫn
蚢	U+86A2	cang|hàng
蚣	U+86A3	công
蚤	U+86A4	tao|trảo|tảo
蚦	U+86A6	nhiêm|thiệm
蚧	U+86A7	giới|nhái
蚨	U+86A8	phù
蚩	U+86A9	si|sế|xi|xuy
蚪	U+86AA	đẩu
蚫	U+86AB	bâu
蚬	U+86AC	hiện
蚯	U+86AF	khâu|khưu
蚰	U+86B0	do|du|dựu
蚱	U+86B1	trách|trạc|tác
蚲	U+86B2	bình
蚳	U+86B3	chì|chỉ|sánh|trì
蚴	U+86B4	du|hà|hồi|u|vưu|ấu
蚵	U+86B5	hà|khá|khả
蚶	U+86B6	cam|ham
蚷	U+86B7	cự
蚹	U+86B9	phụ
蚺	U+86BA	nhiêm|nhiễm
蚻	U+86BB	trát
蚼	U+86BC	câu
蚿	U+86BF	huyền
蛀	U+86C0	chú|chấu
蛁	U+86C1	điêu
蛃	U+86C3	bính
蛄	U+86C4	cô
蛅	U+86C5	chiêm
蛆	U+86C6	thư
蛇	U+86C7	di|sá|xà
蛉	U+86C9	linh
蛊	U+86CA	cổ
蛋	U+86CB	đản
蛌	U+86CC	sai
蛍	U+86CD	huỳnh
蛎	U+86CE	lại|lệ
蛏	U+86CF	sanh
蛐	U+86D0	khúc
蛑	U+86D1	lang|mâu
蛒	U+86D2	cách|cắc
蛓	U+86D3	thích|thứ
蛔	U+86D4	du|hồi|u|vưu|ấu
蛕	U+86D5	hồi
蛖	U+86D6	mang
蛘	U+86D8	dương|dưỡng|dạng
蛙	U+86D9	oa
蛚	U+86DA	liệt
蛛	U+86DB	chu|châu|thù
蛜	U+86DC	y
蛝	U+86DD	hàn
蛞	U+86DE	khoát|khoạt|khạt|quát
蛟	U+86DF	giao
蛣	U+86E3	cát|cô|cật|kiết
蛤	U+86E4	cáp
蛦	U+86E6	di|dơi|nhăn
蛩	U+86E9	cung|cùng|củng
蛫	U+86EB	quỷ
蛬	U+86EC	cung
蛭	U+86ED	chất|chấy|điệt
蛮	U+86EE	man
蛰	U+86F0	chập|trập
蛱	U+86F1	giáp|hiệp|kiệp
蛲	U+86F2	nhiêu
蛳	U+86F3	si|sư|tư
蛴	U+86F4	tề
蛵	U+86F5	kinh
蛸	U+86F8	sao|tiêu
蛹	U+86F9	dõng|dũng|nhộng
蛺	U+86FA	giáp|hiệp|kiệp
蛻	U+86FB	thoái|thuế
蛼	U+86FC	xa
蛽	U+86FD	bối
蛾	U+86FE	nga|nghĩ
蜀	U+8700	thục|xọc
蜂	U+8702	ong|phong
蜃	U+8703	thần|thận
蜄	U+8704	chấn
蜅	U+8705	bò|phủ
蜆	U+8706	hiến|hiển|hiện|kiến
蜇	U+8707	triết|xít
蜈	U+8708	ngô
蜉	U+8709	phù
蜊	U+870A	ly|lị|lợi|lỵ
蜋	U+870B	lang
蜌	U+870C	bệ
蜍	U+870D	thờ|thừ
蜎	U+870E	oan|quyên|quyến
蜑	U+8711	đản
蜒	U+8712	diên|duyên
蜓	U+8713	đình|đỉnh
蜔	U+8714	thuế
蜕	U+8715	oa|thuế
蜖	U+8716	du|hồi|u|vưu|ấu
蜗	U+8717	oa|qua
蜘	U+8718	tri
蜚	U+871A	bay|phi|phỉ
蜛	U+871B	cư
蜜	U+871C	mật
蜞	U+871E	kì|kỳ
蜠	U+8720	quẫn
蜡	U+8721	chá|lạp|thư|thự|trá|trác
蜢	U+8722	mãnh
蜣	U+8723	khang|khương
蜤	U+8724	tích
蜥	U+8725	tích
蜦	U+8726	luân|trun
蜧	U+8727	luân
蜨	U+8728	điệp
蜩	U+8729	điêu|điều
蜪	U+872A	đào
蜬	U+872C	hàm
蜮	U+872E	quách|vặc|vực
蜯	U+872F	bạng
蜰	U+8730	phì
蜱	U+8731	bi|tỳ
蜲	U+8732	uy
蜳	U+8733	dong|đôn
蜴	U+8734	dịch
蜷	U+8737	quyền|quyển
蜸	U+8738	khẩn
蜹	U+8739	nhuế
蜺	U+873A	nghê
蜻	U+873B	thanh|tinh
蜼	U+873C	dữu|lũy|vị
蜽	U+873D	lưỡng|lượng
蜾	U+873E	quả
蜿	U+873F	uyển
蝀	U+8740	đông
蝁	U+8741	ác
蝂	U+8742	bản
蝃	U+8743	chuyết|đế
蝄	U+8744	võng
蝅	U+8745	tàm
蝆	U+8746	báng|dạng
蝇	U+8747	dao|diêu|dăng|nhăng
蝈	U+8748	quắc
蝉	U+8749	thiền|thuyền
蝋	U+874B	chá|thự|trác
蝌	U+874C	khoa
蝍	U+874D	tức
蝎	U+874E	hiết|hạt|rết|yết
蝏	U+874F	đình
蝐	U+8750	mạo|mội
蝒	U+8752	gò|miễn|nhện
蝓	U+8753	du
蝕	U+8755	thặc|thực
蝖	U+8756	huyên
蝗	U+8757	hoàng|huỳnh
蝘	U+8758	yển
蝙	U+8759	biên|biển
蝚	U+875A	nhu
蝜	U+875C	phụ
蝝	U+875D	duyên
蝟	U+875F	vị
蝠	U+8760	bức
蝡	U+8761	nhu|nhuyễn
蝣	U+8763	bỉ|du
蝤	U+8764	du|tù|tưu
蝥	U+8765	mao|miêu|mâu
蝦	U+8766	hà
蝧	U+8767	anh
蝨	U+8768	sắt
蝩	U+8769	chung|trùn|trùng
蝫	U+876B	phị
蝭	U+876D	đề
蝮	U+876E	phân|phúc|phục
蝯	U+876F	cám|viên
蝰	U+8770	hôi|húy|hủy|khuê
蝱	U+8771	manh
蝲	U+8772	lạt|sước|xước
蝳	U+8773	nọc|đại
蝴	U+8774	hà|hồ
蝶	U+8776	điệp
蝸	U+8778	oa|qua
蝹	U+8779	uân
蝺	U+877A	khủ
蝻	U+877B	nam|nảm
蝼	U+877C	lâu
蝽	U+877D	xuân
蝾	U+877E	vinh
蝿	U+877F	dao|diêu|dăng|nhăng
螀	U+8780	tương
螁	U+8781	thốn
螂	U+8782	lang
螃	U+8783	bàng|bạng
螄	U+8784	si|sư|tư
螅	U+8785	tức
螇	U+8787	hề
螈	U+8788	nguyên
螉	U+8789	ong|ông
螊	U+878A	hiềm
螋	U+878B	sưu
螌	U+878C	ban
融	U+878D	dong|dung
螎	U+878E	dung|quả
螒	U+8792	hàn
螓	U+8793	trăn|tần
螔	U+8794	di
螕	U+8795	bế|bề
螖	U+8796	hoạt
螗	U+8797	đường
螘	U+8798	nghĩ|nghị
螙	U+8799	đố
螚	U+879A	nại
螛	U+879B	hạt
螜	U+879C	hộc
螝	U+879D	hối|hủy
螞	U+879E	ma|mã
螟	U+879F	minh
螠	U+87A0	ếch
螡	U+87A1	mân|văn
螢	U+87A2	huỳnh
螣	U+87A3	đằng|đặc
螤	U+87A4	dữu
螨	U+87A8	mãn
螪	U+87AA	thương
螫	U+87AB	thích|trập|xá
螬	U+87AC	tào
螭	U+87AD	li|ly|si
螮	U+87AE	giải|đế
螯	U+87AF	khí|ngao|xí
螰	U+87B0	lộc|trất|điệt
螲	U+87B2	trất|điệt
螳	U+87B3	đường
螴	U+87B4	trần
螵	U+87B5	phiêu
螷	U+87B7	bảnh
螸	U+87B8	du
螹	U+87B9	tiệm
螺	U+87BA	loa
螻	U+87BB	lâu|sâu
螼	U+87BC	cẩn
螽	U+87BD	chung
螾	U+87BE	dẫn
螿	U+87BF	tương
蟀	U+87C0	suất|xuất
蟁	U+87C1	mân|văn
蟂	U+87C2	kiêu
蟄	U+87C4	chập|trập
蟆	U+87C6	ma|mô|mạc
蟇	U+87C7	ma|mô|mạc|quắc
蟈	U+87C8	mâu|quắc|quốc
蟊	U+87CA	mâu
蟋	U+87CB	tất
蟌	U+87CC	mãn|thông
蟎	U+87CE	mãn
蟏	U+87CF	tiêu
蟑	U+87D1	chương
蟒	U+87D2	mãng|mãnh
蟓	U+87D3	tượng
蟔	U+87D4	bánh
蟕	U+87D5	chủy
蟖	U+87D6	tư
蟘	U+87D8	đạc|đặc
蟙	U+87D9	chức
蟛	U+87DB	bành
蟜	U+87DC	kiểu
蟞	U+87DE	biết
蟟	U+87DF	liu|liêu
蟠	U+87E0	bàn|phiền|phồn
蟡	U+87E1	quỵ|ve
蟢	U+87E2	hỉ|hỷ
蟣	U+87E3	kì|kỉ|kỳ|kỷ
蟥	U+87E5	hoàng|huỳnh
蟧	U+87E7	bão|lao|liêu
蟨	U+87E8	quyết
蟩	U+87E9	quyết
蟪	U+87EA	huệ
蟫	U+87EB	dâm|ngân|đàm
蟬	U+87EC	thiền|thuyền
蟭	U+87ED	tiêu
蟮	U+87EE	thiện
蟯	U+87EF	nghêu|nhiêu
蟲	U+87F2	trùng
蟳	U+87F3	tầm|tằm
蟴	U+87F4	tư
蟶	U+87F6	sanh|trinh
蟷	U+87F7	đương
蟸	U+87F8	lãi|lễ
蟹	U+87F9	giải
蟺	U+87FA	thiện
蟻	U+87FB	nghĩ|nghị
蟼	U+87FC	kỉnh
蟾	U+87FE	thiềm
蠁	U+8801	hưởng
蠂	U+8802	điệp
蠃	U+8803	loa|lõa|lỏa
蠅	U+8805	dao|diêu|dăng|nhăng|nhặng
蠆	U+8806	mại|sái
蠇	U+8807	lại
蠉	U+8809	huyên|huyền
蠊	U+880A	liêm
蠋	U+880B	thục|trục
蠍	U+880D	hiết|hạt|yết
蠎	U+880E	mãng|mãnh
蠏	U+880F	giải
蠐	U+8810	tề|xê
蠑	U+8811	vinh
蠒	U+8812	kiển|mông
蠓	U+8813	chĩnh|mòng|mông
蠔	U+8814	hào
蠕	U+8815	nhu|nhuyễn
蠖	U+8816	hoạch|oách
蠗	U+8817	trạc
蠘	U+8818	tiệt
蠙	U+8819	tân|tần
蠚	U+881A	nhược
蠛	U+881B	miệt|mọt
蠜	U+881C	phàn
蠟	U+881F	chá|chạp|lạp|lạt|rệp|thự|trác
蠡	U+8821	lãi|lê|lễ|lỏa
蠢	U+8822	xuẩn
蠣	U+8823	lại|lệ
蠥	U+8825	nghiệt
蠧	U+8827	đố
蠨	U+8828	tiêu
蠩	U+8829	chư|long
蠪	U+882A	long
蠬	U+882C	rồng
蠭	U+882D	phong
蠮	U+882E	yết|ế
蠯	U+882F	bảnh
蠰	U+8830	nhưỡng
蠱	U+8831	cổ
蠲	U+8832	quyên
蠳	U+8833	anh
蠵	U+8835	huề
蠶	U+8836	tàm|tằm
蠷	U+8837	cù
蠸	U+8838	quyền
蠹	U+8839	đố
蠺	U+883A	tàm
蠻	U+883B	man|mán
蠼	U+883C	cù|quắc|quặc
蠽	U+883D	tiệt
蠾	U+883E	chúc
血	U+8840	huyết
衁	U+8841	hoang
衂	U+8842	nục
衃	U+8843	phôi
衄	U+8844	nục
衅	U+8845	hấn
衆	U+8846	chúng
衇	U+8847	mạch
衈	U+8848	nhị
衉	U+8849	khách|lạc
衊	U+884A	miệt|mét
衋	U+884B	hặc|hức|hực
行	U+884C	hàng|hành|hãng|hạng|hạnh
衍	U+884D	diên|diễn
衎	U+884E	khán|khản|thằng
衑	U+8851	linh
衒	U+8852	huyền|huyễn
術	U+8853	thuật|toại
衔	U+8854	hàm
衕	U+8855	đồng
衖	U+8856	hạng|lộng
街	U+8857	nhai
衘	U+8858	hàm
衙	U+8859	ngữ|nha
衚	U+885A	hồ
衛	U+885B	vệ
衜	U+885C	đạo
衝	U+885D	hành|trùng|xung
衞	U+885E	vệ
衟	U+885F	đạo
衡	U+8861	hoành|hành
衢	U+8862	cù
衣	U+8863	y|ý
衤	U+8864	y|ý
补	U+8865	bổ
衧	U+8867	vu
表	U+8868	biểu
衩	U+8869	sái|xái
衪	U+886A	dị
衫	U+886B	oam|sam
衬	U+886C	sấn
衭	U+886D	phu|tốt
衮	U+886E	cổn|tùng
衯	U+886F	phân
衰	U+8870	suy|súy|thoa|thôi
衱	U+8871	kiệp
衲	U+8872	nạp|nẹp|nột
衳	U+8873	chung|tùng
衵	U+8875	nật
衶	U+8876	chung
衷	U+8877	chung|trung|trúng|tà
衸	U+8878	chỉ|giới|kỳ
衹	U+8879	chỉ|kỳ
衺	U+887A	tà
衼	U+887C	chi
衽	U+887D	nhẫm|nhậm
衾	U+887E	khâm
衿	U+887F	câm|khâm
袀	U+8880	quân
袁	U+8881	viên
袂	U+8882	duệ|mê|mệ
袄	U+8884	áo
袅	U+8885	diểu|niểu|niễu|niệu
袆	U+8886	huy|y
袈	U+8888	ca|cà|già
袊	U+888A	lãnh
袋	U+888B	đãy|đại
袌	U+888C	bao|bào|bão
袍	U+888D	bào
袎	U+888E	áo
袏	U+888F	tá|tã|ven
袑	U+8891	chéo|thiệu
袒	U+8892	thản|đãn|đản
袕	U+8895	huyệt
袖	U+8896	tụ
袗	U+8897	chân|chẩn
袘	U+8898	dị
袙	U+8899	mạt|mặc|phạ|phất
袚	U+889A	bát|phất|phật
袛	U+889B	đê
袜	U+889C	miệt|mạt|vạt
袞	U+889E	cổn|gọn|tùng
袟	U+889F	cành|dật|trật
袠	U+88A0	dật|trật
袢	U+88A2	phiền|phán|phạn|phồn
袣	U+88A3	duệ
袤	U+88A4	mậu|trật
袥	U+88A5	thác
袦	U+88A6	quật
袧	U+88A7	khu
袨	U+88A8	huyễn
袩	U+88A9	xiêm
袪	U+88AA	khu|khư
被	U+88AB	bí|bị|phi
袬	U+88AC	dục
袭	U+88AD	tập
袮	U+88AE	chỉ
袯	U+88AF	bát
袱	U+88B1	phục
袲	U+88B2	di
袳	U+88B3	di
袴	U+88B4	khóa|khố
袵	U+88B5	nhẫm|nhậm
袷	U+88B7	cáp|giáp|hiệp|khiếp|kiếp
袸	U+88B8	tiến
袹	U+88B9	mạt
袺	U+88BA	kiết|kết
袼	U+88BC	các
袽	U+88BD	như
袾	U+88BE	chu|châu
袿	U+88BF	khuê
裀	U+88C0	nhân
裁	U+88C1	trài|tài
裂	U+88C2	liệt
装	U+88C5	trang
裆	U+88C6	đang|đương
裈	U+88C8	côn
裉	U+88C9	khấn|khẳng
裊	U+88CA	diểu|niểu|niễu|niệu|nẻo
裋	U+88CB	thấu|thụ
裌	U+88CC	giáp|hiệp
裎	U+88CE	chình|sính|trình
裏	U+88CF	lý
裒	U+88D2	biều|bâu|bầu|bật|phầu
裓	U+88D3	cách|cức|giới
裔	U+88D4	duệ
裕	U+88D5	dũ|dịu|dụ
裖	U+88D6	chấn
裗	U+88D7	lưu
裘	U+88D8	cầu|cừu
裙	U+88D9	quần
裚	U+88DA	tiết
裛	U+88DB	ấp
補	U+88DC	bổ
裝	U+88DD	trang
裞	U+88DE	thuế
裟	U+88DF	sa
裠	U+88E0	quần
裡	U+88E1	lý
裢	U+88E2	liên
裣	U+88E3	liêm|liễm
裤	U+88E4	khố
裥	U+88E5	cán|giản
裦	U+88E6	bao|bão|bầu
裧	U+88E7	tê|xiêm
裨	U+88E8	bài|bì|ty|tì|tỳ
裩	U+88E9	côn
裬	U+88EC	lăng
裭	U+88ED	sỉ|trị
裮	U+88EE	xương
裯	U+88EF	chù|chủ|trù|đao
裰	U+88F0	chuyết|xuyết
裱	U+88F1	biểu|bíu|phiếu
裲	U+88F2	lưỡng
裳	U+88F3	thường
裴	U+88F4	bùi|bồi
裵	U+88F5	bùi|bồi
裶	U+88F6	phi
裷	U+88F7	cổn
裸	U+88F8	khoả|khõa|khỏa|lõa|lỏa|quán
裹	U+88F9	khoả|khõa|khỏa|lõa
裺	U+88FA	am|yểm
裻	U+88FB	đốc
裼	U+88FC	thích|thế|tích
製	U+88FD	chế
裾	U+88FE	cư|cứ
褂	U+8902	quái|quải
褃	U+8903	khẳng
褅	U+8905	đế
複	U+8907	phú|phúc|phục|phức
褊	U+890A	biên|biền|biển
褋	U+890B	điệp
褌	U+890C	côn
褎	U+890E	bao|dữu|hựu|tụ
褏	U+890F	dữu|hựu|tụ
褐	U+8910	cát|hạt
褑	U+8911	viễn
褒	U+8912	bao|bão|bầu
褓	U+8913	bão|bìu|bảo|bửu
褔	U+8914	phúc
褕	U+8915	du
褖	U+8916	lãnh|suyền
褗	U+8917	yển
褘	U+8918	huy|y
褙	U+8919	bối
褚	U+891A	chử|trừ|trử|trữ
褛	U+891B	lũ
褝	U+891D	đan|đơn
褞	U+891E	ôn
褟	U+891F	tháp|triệp
褠	U+8920	câu
褡	U+8921	áp|đáp
褢	U+8922	biều|hoài|hòai
褣	U+8923	dung
褥	U+8925	nhục
褦	U+8926	lặc|nại
褧	U+8927	quýnh|đắng
褩	U+8929	ban|bàn
褪	U+892A	thoái|thối|thốn
褫	U+892B	sỉ|trì|trị
褭	U+892D	niểu
褮	U+892E	anh|huỳnh|nại
褯	U+892F	giải|tạ
褰	U+8930	khiên|kiển
褱	U+8931	hoài|hòai
褲	U+8932	khố
褳	U+8933	liên
褴	U+8934	lam
褵	U+8935	li|ly|sái|sỉ
褶	U+8936	chiệp|chấp|triệp|tập|điệp
褷	U+8937	si
褸	U+8938	lũ
褹	U+8939	nghệ|điệp
褺	U+893A	điệp
褻	U+893B	nghệ|tiết|điệp
褼	U+893C	tiên
褽	U+893D	úy
褾	U+893E	biểu
襀	U+8940	tích
襁	U+8941	cưỡng
襂	U+8942	sam|sâm
襃	U+8943	bao|bão|bầu|bậu
襄	U+8944	tương
襆	U+8946	bọc|bộc|phộc
襇	U+8947	cán|giản
襈	U+8948	soạn
襉	U+8949	cán|giản
襊	U+894A	toát|túi
襋	U+894B	cức
襌	U+894C	thiền|đan|đơn
襍	U+894D	tạp|tập
襎	U+894E	phiên
襏	U+894F	bát|phất
襐	U+8950	tượng
襒	U+8952	biết
襓	U+8953	mãn|nhiêu
襔	U+8954	mãn
襕	U+8955	lan
襖	U+8956	áo
襘	U+8958	cổi|quái
襚	U+895A	toại|tùy|tụy
襛	U+895B	nông|nùng|nồng
襜	U+895C	xiêm
襝	U+895D	liêm|liễm
襞	U+895E	bích|tích
襟	U+895F	khâm
襠	U+8960	đang|đương
襡	U+8961	thục|độc
襢	U+8962	triển|đản
襣	U+8963	tỵ
襤	U+8964	lam|lâm
襥	U+8965	bộc
襦	U+8966	nhu|như
襪	U+896A	miệt|mạt|vạt
襫	U+896B	thích
襬	U+896C	bi|bãi
襭	U+896D	hiệt
襮	U+896E	bộc
襯	U+896F	sấn
襰	U+8970	lại
襱	U+8971	lung|lũng|tập
襲	U+8972	tập
襳	U+8973	sâm|tiêm
襴	U+8974	lan
襵	U+8975	nếp|triệp
襶	U+8976	đái|đích|đới
襹	U+8979	si
襺	U+897A	kiển
襻	U+897B	phán
襼	U+897C	nghệ
襽	U+897D	lan
襾	U+897E	á
西	U+897F	tây|tê|á
覀	U+8980	tây|á
要	U+8981	yêu|yếu
覂	U+8982	phủng
覃	U+8983	diễm|đàm
覅	U+8985	vật|yếu
覆	U+8986	phú|phúc|phục|phức
覇	U+8987	bá|phách
覈	U+8988	hạch
覉	U+8989	ki|ky
覊	U+898A	biểu|ki|ky
見	U+898B	hiện|kiến
覌	U+898C	quan|quán
覍	U+898D	biền|biện|bàn
規	U+898F	qui|quy
覐	U+8990	giác|giáo
覓	U+8993	mịch
覔	U+8994	mịch
覕	U+8995	miết
視	U+8996	thị
覗	U+8997	tư|tự
覘	U+8998	chiêm|siêm
覚	U+899A	giác|giáo
覛	U+899B	mạch
覜	U+899C	thiếu|triệu
覝	U+899D	hích
覞	U+899E	diệu
覡	U+89A1	hích|hịch
覤	U+89A4	khích
覥	U+89A5	diễn|điến|điển|điễn
覦	U+89A6	du
覧	U+89A7	lãm
覩	U+89A9	đổ
親	U+89AA	thân|thấn
覬	U+89AC	khải|kí|ký
覭	U+89AD	minh
覯	U+89AF	cấu|cấy
覰	U+89B0	kiến|thứ
覲	U+89B2	cẩn|cận
観	U+89B3	quan|quán
覵	U+89B5	gián|kiến
覶	U+89B6	la|loa
覷	U+89B7	khư|khứ|kiến|thứ
覸	U+89B8	gián
覺	U+89BA	cốc|giác|giáo
覻	U+89BB	thứ
覼	U+89BC	kiến|la
覽	U+89BD	lãm
覿	U+89BF	địch
觀	U+89C0	quan|quán
见	U+89C1	hiện|kiến|điến
观	U+89C2	quan|quán
规	U+89C4	quy
觅	U+89C5	mịch
视	U+89C6	thị
觇	U+89C7	chiêm|siêm
览	U+89C8	lãm
觉	U+89C9	giác|giáo
觊	U+89CA	ký
觋	U+89CB	hích
觌	U+89CC	địch
觍	U+89CD	diễn|điến|điển|điễn
觎	U+89CE	du
觏	U+89CF	cấu
觐	U+89D0	cẩn|cận
觑	U+89D1	kiến|thứ
角	U+89D2	cốc|giác|giốc|góc|lộc
觓	U+89D3	cầu
觔	U+89D4	cân
觕	U+89D5	thô
觖	U+89D6	quyết|ưởng
觗	U+89D7	chi|chí
觙	U+89D9	cô
觚	U+89DA	cô
觜	U+89DC	chủy|tuy|tư|tủy
觝	U+89DD	để
觞	U+89DE	thương|tràng|trường
觟	U+89DF	cạn|khoé|khỏa
觠	U+89E0	quyền
觡	U+89E1	cách|gạc|thác
觢	U+89E2	sế
解	U+89E3	giái|giải|giới
觤	U+89E4	quỷ
觥	U+89E5	quang|quăng
触	U+89E6	xúc
觧	U+89E7	giải
觩	U+89E9	cầu|tốc
觫	U+89EB	tốc
觭	U+89ED	cơ|khi|ky|kỳ
觯	U+89EF	chi|chí
觰	U+89F0	xa
觱	U+89F1	tất
觳	U+89F3	giác|hạc|hộc|xác
觴	U+89F4	thương|tràng|trường
觵	U+89F5	quang|quăng
觶	U+89F6	chi|chí
觷	U+89F7	hạc
觸	U+89F8	xúc|độc
觹	U+89F9	huề
觺	U+89FA	nghi
觻	U+89FB	lộc|quyết
觼	U+89FC	quyết|quỳnh
觽	U+89FD	huề
觿	U+89FF	huề
言	U+8A00	ngân|ngôn
訁	U+8A01	ngân|ngôn
訂	U+8A02	đính
訃	U+8A03	phó
訄	U+8A04	cầu|cừu|khao|khâu|khưu
訅	U+8A05	cừu|khao
訆	U+8A06	khiếu
訇	U+8A07	hoanh
計	U+8A08	kê|kế|kể
訉	U+8A09	phạm|phạn
訊	U+8A0A	tín|tấn
訋	U+8A0B	hồng
訌	U+8A0C	hống|hồng
討	U+8A0E	thảo
訏	U+8A0F	hu|hủ
訐	U+8A10	can|kiết|yết
訑	U+8A11	di|nãn|tha
訒	U+8A12	nhẫn
訓	U+8A13	huấn|đinh
訔	U+8A14	ngân
訕	U+8A15	san|sái|sán
訖	U+8A16	châm|cật|khất|ngật
託	U+8A17	thác
記	U+8A18	kí|ký|ung
訚	U+8A1A	ngân
訛	U+8A1B	ngoa
訝	U+8A1D	nhạ
訞	U+8A1E	yêu
訟	U+8A1F	tụng
訠	U+8A20	sấn
訡	U+8A21	ngâm
訢	U+8A22	hy|hân
訣	U+8A23	quyết
訤	U+8A24	hào
訥	U+8A25	dốt|nột
訦	U+8A26	thầm
訧	U+8A27	vưu
訩	U+8A29	hung
訪	U+8A2A	phóng|phỏng
訫	U+8A2B	tín
訬	U+8A2C	miểu|sao
設	U+8A2D	thiết|thết
訯	U+8A2F	sỏa
訰	U+8A30	chuẩn|truân
許	U+8A31	hư|hổ|hứa|hử
訳	U+8A33	dịch
訴	U+8A34	tố
訶	U+8A36	ca|ha|kha
訷	U+8A37	thân
訹	U+8A39	tuất
診	U+8A3A	chẩn
註	U+8A3B	chú
証	U+8A3C	chứng
訽	U+8A3D	cấu
訾	U+8A3E	ti|ty|tí|tý|tư|tử|tỳ
訿	U+8A3F	tý
詀	U+8A40	chiêm|siệp|trám|điêm
詁	U+8A41	cổ|hỗ
詅	U+8A45	linh
詆	U+8A46	đề|để
詇	U+8A47	ánh|ưởng
詈	U+8A48	lị|lỵ
詉	U+8A49	nao
詊	U+8A4A	phán
詋	U+8A4B	chú
詍	U+8A4D	duệ
詎	U+8A4E	cự
詐	U+8A50	trá
詑	U+8A51	di|tha
詒	U+8A52	di|đãi
詓	U+8A53	khử
詔	U+8A54	chiếu
評	U+8A55	bình
詖	U+8A56	bì|bí
詗	U+8A57	huýnh|quýnh
詘	U+8A58	khuất|truất
詙	U+8A59	bạt
詛	U+8A5B	trớ|trở|tổ
詜	U+8A5C	thao
詞	U+8A5E	từ
詟	U+8A5F	chiệp|triết|triệp|đạp
詠	U+8A60	vịnh
詡	U+8A61	hu|hủ|hử
詢	U+8A62	tuân
詣	U+8A63	nghệ
詥	U+8A65	cáp
試	U+8A66	thí
詧	U+8A67	sát
詨	U+8A68	giáo|hiệu
詩	U+8A69	thi
詪	U+8A6A	ngận
詫	U+8A6B	sá|thác
詬	U+8A6C	cấu
詭	U+8A6D	ngụy|quỷ
詮	U+8A6E	thuyên
詰	U+8A70	cật
話	U+8A71	thoại
該	U+8A72	ai|cai
詳	U+8A73	dương|tưng|tường
詵	U+8A75	sân|săn
詶	U+8A76	chú|thù
詹	U+8A79	chiêm|thiêm|đạm
詺	U+8A7A	dính
詻	U+8A7B	các|ngạch|ách
詼	U+8A7C	khôi
詾	U+8A7E	hung
詿	U+8A7F	biền|quá|quái|quải
誂	U+8A82	điếu|điệu
誃	U+8A83	xỉ
誄	U+8A84	lỗi|lụy
誅	U+8A85	tru
誆	U+8A86	cuống|khuông
誇	U+8A87	khoa|khỏa
誉	U+8A89	dự
誊	U+8A8A	đằng
誋	U+8A8B	kỵ
誌	U+8A8C	chí
認	U+8A8D	nhận
誐	U+8A90	nga
誑	U+8A91	cuống
誒	U+8A92	ai|hy|ái
誓	U+8A93	thề|thệ
誕	U+8A95	đản
誖	U+8A96	bội
誘	U+8A98	dụ
誙	U+8A99	khanh
誚	U+8A9A	tiếu|tiễu
語	U+8A9E	ngứ|ngữ|ngự
誠	U+8AA0	thành
誡	U+8AA1	giới
誣	U+8AA3	vu
誤	U+8AA4	ngộ
誥	U+8AA5	cáo
誦	U+8AA6	tụng
誧	U+8AA7	bổ|phô|phổ
誨	U+8AA8	hối
誩	U+8AA9	cạnh
說	U+8AAA	duyệt|thoát|thuyết|thuế
誫	U+8AAB	chấn
説	U+8AAC	duyệt|thoát|thuyết|thuế
読	U+8AAD	đậu|độc
誯	U+8AAF	xướng
誰	U+8AB0	thùy
誱	U+8AB1	tiệp
課	U+8AB2	khoá|khóa
誳	U+8AB3	quật
誵	U+8AB5	hào
誶	U+8AB6	thốt|toái|tối
誷	U+8AB7	võng
誹	U+8AB9	phi|phỉ
誺	U+8ABA	sỉ
誻	U+8ABB	đạp
誼	U+8ABC	nghị
誽	U+8ABD	nghệ
誾	U+8ABE	ngân
調	U+8ABF	điều|điệu
諀	U+8AC0	tỷ
諂	U+8AC2	siểm
諄	U+8AC4	chuân|truân
諅	U+8AC5	kỵ
諆	U+8AC6	khi
談	U+8AC7	đàm
諈	U+8AC8	chủy
諉	U+8AC9	dụy|ủy
請	U+8ACB	thỉnh|tình|tính
諌	U+8ACC	gián
諍	U+8ACD	tranh|tránh
諏	U+8ACF	trâu|tưu|tựu|xu
諐	U+8AD0	khiên
諑	U+8AD1	trác
諒	U+8AD2	lượng|lạng
諓	U+8AD3	tiễn
諔	U+8AD4	xúc
論	U+8AD6	luân|luận
諗	U+8AD7	thâm|thẩm
諙	U+8AD9	thoại
諛	U+8ADB	du|hùa|sưu
諜	U+8ADC	điệp
諝	U+8ADD	tư
諞	U+8ADE	biền|biển
諟	U+8ADF	thị
諠	U+8AE0	huyên|tuyên
諡	U+8AE1	thụy
諢	U+8AE2	hỗn|hộn|ngộn
諤	U+8AE4	ngạc
諦	U+8AE6	đế|đề
諧	U+8AE7	hài
諨	U+8AE8	thuốc
諩	U+8AE9	phả|phổ
諫	U+8AEB	giám|gián
諬	U+8AEC	khải
諭	U+8AED	dụ
諮	U+8AEE	ti|ty|tư
諰	U+8AF0	tai|tải|tỷ
諱	U+8AF1	huý|húy
諲	U+8AF2	nhân
諳	U+8AF3	am|ải
諴	U+8AF4	hàm
諵	U+8AF5	nam
諶	U+8AF6	kham|thầm
諷	U+8AF7	phúng
諸	U+8AF8	chư|gia
諺	U+8AFA	ngạn
諼	U+8AFC	huyên|viên
諾	U+8AFE	nặc
謀	U+8B00	mưu
謁	U+8B01	yết
謂	U+8B02	vị
謄	U+8B04	đằng
謅	U+8B05	sưu|sảo|xảo
謆	U+8B06	phiến
謇	U+8B07	kiển
謈	U+8B08	bào|bạc|kiển
謊	U+8B0A	hoang|hoảng
謋	U+8B0B	hoạch
謌	U+8B0C	ca
謍	U+8B0D	doanh|hoanh
謎	U+8B0E	mê|mễ
謏	U+8B0F	tiểu|tẩu
謐	U+8B10	bí|bật|mật|mịch
謑	U+8B11	hệ
謔	U+8B14	hước
謕	U+8B15	đề
謖	U+8B16	tác|tắc|tốc
謗	U+8B17	bàng|báng
謘	U+8B18	trì
謙	U+8B19	khiêm|khiểm|khiệm
謚	U+8B1A	thụy|ích
講	U+8B1B	giảng
謝	U+8B1D	tạ
謞	U+8B1E	hào|hác
謟	U+8B1F	thao
謠	U+8B20	dao|diêu
謡	U+8B21	dao
謣	U+8B23	vu
謥	U+8B25	tổng
謦	U+8B26	khánh
謨	U+8B28	mô
謩	U+8B29	mô
謪	U+8B2A	trích
謫	U+8B2B	trích
謬	U+8B2C	mậu
謭	U+8B2D	tiễn
謯	U+8B2F	trớ|trở
謰	U+8B30	liên
謱	U+8B31	lâu
謳	U+8B33	âu
謵	U+8B35	quán|tập
謶	U+8B36	quán
謷	U+8B37	ngao|ngạo
謹	U+8B39	cẩn
謺	U+8B3A	trấp
謻	U+8B3B	di
謼	U+8B3C	hô|hộ
謾	U+8B3E	man|mạn
謿	U+8B3F	trào
譀	U+8B40	hám
譁	U+8B41	hoa
譂	U+8B42	tuyền
譅	U+8B45	sáp|sạp
譆	U+8B46	hi|hy
譇	U+8B47	xa
譈	U+8B48	đỗi
證	U+8B49	chứng
譊	U+8B4A	nao
譋	U+8B4B	lan
譌	U+8B4C	ngoa
譍	U+8B4D	ưng|ứng
譎	U+8B4E	duật|quyệt
譏	U+8B4F	cơ|ky|kỵ
譐	U+8B50	tổn|tỗn
譑	U+8B51	kiểu
譒	U+8B52	bá
譓	U+8B53	huệ
譔	U+8B54	soạn|tuyển
譖	U+8B56	tiếm|trấm
識	U+8B58	chí|thức
譙	U+8B59	tiêu|tiếu|tiều
譚	U+8B5A	đàm
譛	U+8B5B	lạp|tiếm|trấm
譜	U+8B5C	phả|phổ
譝	U+8B5D	thằng
譟	U+8B5F	thao|táo
譠	U+8B60	đàn|đản
譥	U+8B65	khiếu
警	U+8B66	cảnh|khểnh
譨	U+8B68	nông|nưu|nậu
譩	U+8B69	y
譪	U+8B6A	ái
譫	U+8B6B	chiêm|thiêm|thiềm|đàm
譬	U+8B6C	thí|tỷ
譭	U+8B6D	húy
譮	U+8B6E	thoại
譯	U+8B6F	dịch
議	U+8B70	nghị
譱	U+8B71	thiện
譲	U+8B72	nhượng
譳	U+8B73	nậu
譴	U+8B74	khiển
譶	U+8B76	đạp
護	U+8B77	hộ
譸	U+8B78	trù
譼	U+8B7C	giám
譽	U+8B7D	dự
譾	U+8B7E	tiễn
譿	U+8B7F	huệ|tuệ
讀	U+8B80	đậu|độc
讁	U+8B81	trích
讂	U+8B82	huyến
讃	U+8B83	tán
讄	U+8B84	lũy
讅	U+8B85	thẩm
讆	U+8B86	ngụy|vệ
讇	U+8B87	siểm
讈	U+8B88	lệ
變	U+8B8A	biến|biện
讋	U+8B8B	chiệp|triếp|triết|triệp|đạp
讌	U+8B8C	yên|yến
讍	U+8B8D	ngạc
讎	U+8B8E	cừu|thù
讏	U+8B8F	vệ
讐	U+8B90	thù
讒	U+8B92	sàm
讓	U+8B93	nhường|nhượng
讔	U+8B94	ẩn
讕	U+8B95	lan
讖	U+8B96	sám|sấm
讘	U+8B98	triếp
讙	U+8B99	hoan|hoán|huyên
讚	U+8B9A	tán
讜	U+8B9C	đảng
讞	U+8B9E	nghiễn|nghiện|nghiệt
讟	U+8B9F	độc
讠	U+8BA0	ngân|ngôn
计	U+8BA1	kê|kế
订	U+8BA2	đính
讣	U+8BA3	phó
认	U+8BA4	nhận
讥	U+8BA5	cơ|ky|kỵ
讦	U+8BA6	kiết|yết
讧	U+8BA7	hồng
讨	U+8BA8	thảo
让	U+8BA9	nhượng
讪	U+8BAA	san|sán
讫	U+8BAB	cật|ngật
讬	U+8BAC	thác
训	U+8BAD	huấn
议	U+8BAE	nghị
讯	U+8BAF	tín|tấn
记	U+8BB0	ký
讱	U+8BB1	nhẫn
讲	U+8BB2	giảng
讳	U+8BB3	húy
讴	U+8BB4	âu
讵	U+8BB5	cự
讶	U+8BB6	nhạ
讷	U+8BB7	nột
许	U+8BB8	hổ|hứa|hử
讹	U+8BB9	ngoa
论	U+8BBA	luân|luận
讻	U+8BBB	hung
讼	U+8BBC	tụng
讽	U+8BBD	phúng
设	U+8BBE	thiết
访	U+8BBF	phóng|phỏng
诀	U+8BC0	quyết
证	U+8BC1	chứng
诂	U+8BC2	cổ|hỗ
诃	U+8BC3	ha
评	U+8BC4	bình
诅	U+8BC5	trớ|trở
识	U+8BC6	chí|thức
诇	U+8BC7	huýnh|quýnh
诈	U+8BC8	trá
诉	U+8BC9	tố
诊	U+8BCA	chẩn
诋	U+8BCB	để
诌	U+8BCC	sưu|sảo|xảo
词	U+8BCD	từ
诎	U+8BCE	khuất|truất
诏	U+8BCF	chiếu
诐	U+8BD0	bí
译	U+8BD1	dịch
诒	U+8BD2	di|đãi
诓	U+8BD3	cuống|khuông
诔	U+8BD4	lỗi|lụy
试	U+8BD5	thí
诖	U+8BD6	quái|quải
诗	U+8BD7	thi
诘	U+8BD8	cật
诙	U+8BD9	khôi
诚	U+8BDA	thành
诛	U+8BDB	tru
诜	U+8BDC	sân|săn
话	U+8BDD	thoại
诞	U+8BDE	đản
诟	U+8BDF	cấu
诠	U+8BE0	thuyên
诡	U+8BE1	ngụy|quỷ
询	U+8BE2	tuân
诣	U+8BE3	nghệ
诤	U+8BE4	tranh|tránh
该	U+8BE5	cai
详	U+8BE6	dương|tường
诧	U+8BE7	sá
诨	U+8BE8	hộn|ngộn
诩	U+8BE9	hu|hủ
诪	U+8BEA	trù
诫	U+8BEB	giới
诬	U+8BEC	vu
语	U+8BED	ngứ|ngữ|ngự
诮	U+8BEE	tiếu
误	U+8BEF	ngộ
诰	U+8BF0	cáo
诱	U+8BF1	dụ
诲	U+8BF2	hối
诳	U+8BF3	cuống
说	U+8BF4	duyệt|thoát|thuyết|thuế
诵	U+8BF5	tụng
诶	U+8BF6	ai|hy|ái
请	U+8BF7	thỉnh|tình|tính
诸	U+8BF8	chư|gia
诹	U+8BF9	trâu|tưu
诺	U+8BFA	nặc
读	U+8BFB	đậu|độc
诼	U+8BFC	trác
诽	U+8BFD	phỉ
课	U+8BFE	khóa
诿	U+8BFF	dụy|ủy
谀	U+8C00	du
谁	U+8C01	thùy
谂	U+8C02	thẩm
调	U+8C03	điều|điệu
谄	U+8C04	siểm
谅	U+8C05	lượng|lạng
谆	U+8C06	truân
谇	U+8C07	tối
谈	U+8C08	đàm
谉	U+8C09	thẩm
谊	U+8C0A	nghị
谋	U+8C0B	mưu
谌	U+8C0C	kham|thầm
谍	U+8C0D	điệp
谎	U+8C0E	hoang
谏	U+8C0F	gián
谐	U+8C10	hài
谑	U+8C11	hước
谒	U+8C12	yết
谓	U+8C13	vị
谔	U+8C14	ngạc
谕	U+8C15	dụ
谖	U+8C16	huyên
谗	U+8C17	sàm
谘	U+8C18	ty|tư
谙	U+8C19	am
谚	U+8C1A	ngạn
谛	U+8C1B	đế|đề
谜	U+8C1C	mê
谝	U+8C1D	biển
谞	U+8C1E	tư
谟	U+8C1F	mô
谠	U+8C20	đảng
谡	U+8C21	tác|tắc|tốc
谢	U+8C22	tạ
谣	U+8C23	dao|diêu
谤	U+8C24	bàng|báng
谥	U+8C25	thụy|ích
谦	U+8C26	khiêm|khiểm|khiệm
谧	U+8C27	mật|mịch
谨	U+8C28	cẩn
谩	U+8C29	man|mạn
谪	U+8C2A	trích
谫	U+8C2B	tiễn
谬	U+8C2C	mậu
谭	U+8C2D	đàm
谮	U+8C2E	tiếm|trấm
谯	U+8C2F	tiêu|tiếu|tiều
谰	U+8C30	lan
谱	U+8C31	phả|phổ
谲	U+8C32	quyệt
谳	U+8C33	nghiễn|nghiện
谴	U+8C34	khiển
谵	U+8C35	chiêm|thiêm|thiềm
谶	U+8C36	sám|sấm
谷	U+8C37	cốc|dục|lộc
谹	U+8C39	hoành
谺	U+8C3A	ha
谻	U+8C3B	cược
谼	U+8C3C	hồng
谽	U+8C3D	hàm
谿	U+8C3F	hoát|hề|khê
豀	U+8C40	hề|khê
豁	U+8C41	hoát|khoát
豂	U+8C42	liêu
豃	U+8C43	hãm
豄	U+8C44	độc
豆	U+8C46	đậu
豇	U+8C47	giang
豈	U+8C48	khải|khỉ|khởi
豉	U+8C49	thị|xị
豊	U+8C4A	lễ|phong
豋	U+8C4B	đăng
豌	U+8C4C	oản|uyển
豎	U+8C4E	thụ
豏	U+8C4F	hãm
豐	U+8C50	phong
豑	U+8C51	trật
豒	U+8C52	diễm|dật|trật
豓	U+8C53	diễm
豔	U+8C54	diễm|diệm
豕	U+8C55	súc|thỉ
豖	U+8C56	súc|thỉ
豗	U+8C57	hôi|khôi
豘	U+8C58	đồn
豚	U+8C5A	đồn|độn
豜	U+8C5C	kiên
豝	U+8C5D	ba
豟	U+8C5F	ách
象	U+8C61	tương|tượng
豢	U+8C62	hoạn
豣	U+8C63	kiên
豤	U+8C64	khẩn
豥	U+8C65	cai
豦	U+8C66	cứ|cự
豨	U+8C68	hi|hy|hỷ
豩	U+8C69	bân
豪	U+8C6A	hào
豫	U+8C6B	dự|tạ
豬	U+8C6C	trư
豭	U+8C6D	gia
豯	U+8C6F	hề
豰	U+8C70	hốc
豱	U+8C71	ôn
豲	U+8C72	nguyên
豳	U+8C73	bân
豴	U+8C74	đích
豵	U+8C75	tông
豶	U+8C76	cưỡng|phần
豷	U+8C77	lưu|ế
豸	U+8C78	trãi|trĩ|trại|trỉ
豹	U+8C79	beo|báo|bửu
豺	U+8C7A	sài
豻	U+8C7B	ngan|ngạn
豽	U+8C7D	nột
豾	U+8C7E	phi
貀	U+8C80	nột
貁	U+8C81	dứu
貂	U+8C82	điêu
貃	U+8C83	mạch
貄	U+8C84	tứ
貅	U+8C85	hưu|hươu
貆	U+8C86	hoan|hoàn|huyên
貈	U+8C88	hạc|lạc|mạch
貉	U+8C89	hào|hạc|lạc|mạ|mạch
貊	U+8C8A	mạch
貌	U+8C8C	mạc|mạo|mộc
貍	U+8C8D	li|ly|mai|uất
貎	U+8C8E	nghê
貐	U+8C90	du|dũ
貓	U+8C93	miêu|mèo
貔	U+8C94	tì|tỳ
貗	U+8C97	lâu|xương
貘	U+8C98	mô|mạc|mạch
貙	U+8C99	khu|sơ
貛	U+8C9B	hoan
貜	U+8C9C	quặc
貝	U+8C9D	buổi|bối
貞	U+8C9E	trinh
貟	U+8C9F	viên|vân
負	U+8CA0	phụ
財	U+8CA1	tài
貢	U+8CA2	cống
貣	U+8CA3	thắc
貤	U+8CA4	di|dị
貧	U+8CA7	bần
貨	U+8CA8	hoá|hóa
販	U+8CA9	bản|phiến|phán
貪	U+8CAA	tham
貫	U+8CAB	oan|quan|quán
責	U+8CAC	trách|trái
貭	U+8CAD	chất
貯	U+8CAF	trữ
貰	U+8CB0	thải|thế|thởi
貲	U+8CB2	ti|ty|tý|tư|xi
貳	U+8CB3	nhị
貴	U+8CB4	quý
貶	U+8CB6	biếm
買	U+8CB7	mãi|sao|sáo
貸	U+8CB8	thải|thắc
貺	U+8CBA	huống
費	U+8CBB	bí|bỉ|phí|phất|phỉ
貼	U+8CBC	thiếp
貽	U+8CBD	di|lang
貿	U+8CBF	cái|mậu
賀	U+8CC0	hạ
賁	U+8CC1	bí|bôn|phần|phẩn|phẫn
賂	U+8CC2	lộ
賃	U+8CC3	nhấm|nhẫm
賄	U+8CC4	hối
賅	U+8CC5	cai
資	U+8CC7	tư
賈	U+8CC8	cổ|giá|giả
賉	U+8CC9	tuất
賊	U+8CCA	tặc
賌	U+8CCC	cai
賍	U+8CCD	tang
賑	U+8CD1	chẩn|trẩn
賒	U+8CD2	xa
賓	U+8CD3	thấn|tân
賔	U+8CD4	tân
賕	U+8CD5	cầu
賖	U+8CD6	tha
賙	U+8CD9	chu|châu
賚	U+8CDA	bối|lãi|lại
賛	U+8CDB	tán
賜	U+8CDC	tứ
賝	U+8CDD	sâm
賞	U+8CDE	thưởng
賟	U+8CDF	thưởng
賠	U+8CE0	bồi
賡	U+8CE1	canh|tục
賢	U+8CE2	hiền|hiện
賣	U+8CE3	mại
賤	U+8CE4	tiện
賥	U+8CE5	túy|đút
賦	U+8CE6	phú
賧	U+8CE7	đàm|đạm
賨	U+8CE8	tung
質	U+8CEA	chí|chất
賫	U+8CEB	tê
賬	U+8CEC	trướng|trường
賭	U+8CED	đổ
賮	U+8CEE	tẫn
賰	U+8CF0	xuẩn
賴	U+8CF4	lại
賵	U+8CF5	phúng
賷	U+8CF7	tê
賸	U+8CF8	thắng|thặng|thứng
賺	U+8CFA	khiêm|khiếm|trám
賻	U+8CFB	phụ
購	U+8CFC	cấu
賽	U+8CFD	trại|tái
賾	U+8CFE	trách
贀	U+8D00	xương
贄	U+8D04	chí
贅	U+8D05	chuế|ngao
贇	U+8D07	uân|vân
贈	U+8D08	tặng
贉	U+8D09	đảm
贊	U+8D0A	tán
贋	U+8D0B	nhạn
贍	U+8D0D	thiệm
贏	U+8D0F	dinh|doanh
贐	U+8D10	tấn|tẫn|tận
贑	U+8D11	cám|cống
贒	U+8D12	hiền
贓	U+8D13	tang|tàng
贔	U+8D14	bí
贕	U+8D15	độc
贖	U+8D16	chuộc|thục
贗	U+8D17	nhạn|yếm|ưng
贙	U+8D19	huyễn
贛	U+8D1B	cám|cảm|cống
贜	U+8D1C	tang
贝	U+8D1D	bối
贞	U+8D1E	trinh
负	U+8D1F	phụ
贠	U+8D20	viên|vân
贡	U+8D21	cống
财	U+8D22	tài
责	U+8D23	trách|trái
贤	U+8D24	hiền|hiện
败	U+8D25	bại
账	U+8D26	trướng
货	U+8D27	hóa|thải|thắc
质	U+8D28	chí|chất
贩	U+8D29	bản|phiến|phán
贪	U+8D2A	tham
贫	U+8D2B	bần
贬	U+8D2C	biếm
购	U+8D2D	cấu
贮	U+8D2E	trữ
贯	U+8D2F	oan|quán
贰	U+8D30	nhị
贱	U+8D31	tiện
贲	U+8D32	bí|bôn|phần|phẩn|phẫn
贳	U+8D33	thế
贴	U+8D34	thiếp
贵	U+8D35	quý
贶	U+8D36	huống
贷	U+8D37	thải|thắc
贸	U+8D38	mậu
费	U+8D39	bí|bỉ|phí|phất|phỉ
贺	U+8D3A	hạ
贻	U+8D3B	di
贼	U+8D3C	tặc
贽	U+8D3D	chuế|chí
贾	U+8D3E	cổ|giá|giả
贿	U+8D3F	hối
赀	U+8D40	ty|tý|tư|xi
赁	U+8D41	nhấm|nhẫm
赂	U+8D42	lộ
赃	U+8D43	tang
资	U+8D44	tư
赅	U+8D45	cai
赆	U+8D46	tẫn|tận
赇	U+8D47	cầu
赈	U+8D48	chẩn
赉	U+8D49	lãi|lại
赊	U+8D4A	xa
赋	U+8D4B	phú
赌	U+8D4C	đổ
赍	U+8D4D	tê|tư
赎	U+8D4E	thục
赏	U+8D4F	thưởng
赐	U+8D50	tứ
赑	U+8D51	bí
赒	U+8D52	chu
赓	U+8D53	canh|tục
赔	U+8D54	bồi
赕	U+8D55	đàm
赖	U+8D56	lại
赗	U+8D57	phúng
赘	U+8D58	chuế
赙	U+8D59	phụ
赚	U+8D5A	trám
赛	U+8D5B	trại|tái
赜	U+8D5C	trách
赝	U+8D5D	nhạn|yếm
赞	U+8D5E	tán
赟	U+8D5F	uân
赠	U+8D60	tặng
赡	U+8D61	thiệm
赢	U+8D62	doanh
赣	U+8D63	cám|cảm|cống
赤	U+8D64	thích|xích
赥	U+8D65	hức
赦	U+8D66	xá
赧	U+8D67	noãn|noản|nản|nấn
赨	U+8D68	dung|đồng
赩	U+8D69	hách
赪	U+8D6A	sanh|trinh|xanh
赫	U+8D6B	hách
赬	U+8D6C	sanh|trinh|xanh
赭	U+8D6D	giả|đổ
赮	U+8D6E	hà
赯	U+8D6F	đường
走	U+8D70	tẩu
赱	U+8D71	tẩu
赳	U+8D73	củ|phó
赴	U+8D74	phó
赵	U+8D75	triệu
赶	U+8D76	cản|hãn
起	U+8D77	khỉ|khởi
赸	U+8D78	sán
趁	U+8D81	kiềm|sấn
趂	U+8D82	sấn
趄	U+8D84	thư
超	U+8D85	siêu|độn
趈	U+8D88	trạm
越	U+8D8A	hoạt|việt
趋	U+8D8B	xu|xúc
趌	U+8D8C	biển
趍	U+8D8D	di|xu
趑	U+8D91	tư
趒	U+8D92	triệu|điêu
趔	U+8D94	liệt
趕	U+8D95	cảm|cản|hãn
趖	U+8D96	toa
趗	U+8D97	xúc
趙	U+8D99	triệu
趟	U+8D9F	thang|thảng|tranh
趠	U+8DA0	rượt|trác
趡	U+8DA1	bận|thủy
趢	U+8DA2	lộc
趣	U+8DA3	thú|xúc
趦	U+8DA6	tư
趨	U+8DA8	xu|xúc
趪	U+8DAA	hoàng
趫	U+8DAB	kiều|nghiêu
趬	U+8DAC	khiêu
趭	U+8DAD	tiếu
趮	U+8DAE	táo
趯	U+8DAF	dược|địch
趱	U+8DB1	toản
趲	U+8DB2	toản
足	U+8DB3	tú|túc
趴	U+8DB4	bát
趵	U+8DB5	bác|báo|bảo|bửu
趸	U+8DB8	độn
趹	U+8DB9	quyết|quế
趺	U+8DBA	phu
趻	U+8DBB	sẩm
趼	U+8DBC	kiển|nghiễn
趽	U+8DBD	bành
趾	U+8DBE	chỉ|nhảy
趿	U+8DBF	kịp|táp
跀	U+8DC0	ngột
跁	U+8DC1	bá|bả
跂	U+8DC2	khí|kì|kỳ|xí
跃	U+8DC3	dược
跄	U+8DC4	thương
跅	U+8DC5	thác
跆	U+8DC6	thai|đài
跇	U+8DC7	sế
跈	U+8DC8	tiễn
跋	U+8DCB	bạt
跌	U+8DCC	chật|trật|trặc|điệt
跎	U+8DCE	đà
跏	U+8DCF	gia|già|thiếp
跐	U+8DD0	thư|thử
跑	U+8DD1	bào
跒	U+8DD2	kha|khả
跔	U+8DD4	câu
跕	U+8DD5	chồm|thiếp|điệp
跖	U+8DD6	chích|thác
跗	U+8DD7	phu|phụ
跚	U+8DDA	san|sách
跛	U+8DDB	ba|bí|bả|phả
距	U+8DDD	cứ|cự|cựa
跞	U+8DDE	lạc|lịch
跟	U+8DDF	cân|căn|cấn|ngân|ngấn
跡	U+8DE1	tích
跢	U+8DE2	trì|đá
跣	U+8DE3	tiên|tiển|tâỷ
跤	U+8DE4	giao|giảo
跥	U+8DE5	đọa
跦	U+8DE6	chu|trù
跧	U+8DE7	thuyên
跨	U+8DE8	khoa|khóa
跩	U+8DE9	duệ|dậy|thế
跪	U+8DEA	quy|quỳ|quỵ
跫	U+8DEB	cung|cùng|củng
跬	U+8DEC	khoẻ|khuể
跭	U+8DED	hàng|sí
跮	U+8DEE	chọi|sí
路	U+8DEF	lạc|lộ
跰	U+8DF0	biền|bính|kiển|nghiễn
跱	U+8DF1	trĩ
跲	U+8DF2	cáp|cấp
跳	U+8DF3	khiêu|khêu|đào
跴	U+8DF4	thải|tẩy
践	U+8DF5	tiễn
跶	U+8DF6	thát|đáp
跷	U+8DF7	khiêu|nghiêu
跸	U+8DF8	tất
跹	U+8DF9	thiên|tiên
跺	U+8DFA	cưu|đóa|đọa
跻	U+8DFB	kiểu|nghiêu|tê|tễ
跼	U+8DFC	cuộc|cục
跽	U+8DFD	kị|kỵ
跾	U+8DFE	thúc
跿	U+8DFF	đồ
踁	U+8E01	hĩnh
踂	U+8E02	hinh|nhiếp
踅	U+8E05	sê|tuyết|tuyệt
踆	U+8E06	tồn
踈	U+8E08	sơ
踉	U+8E09	lương|lượng
踊	U+8E0A	dõng|dũng
踋	U+8E0B	cước|trù
踌	U+8E0C	trù
踏	U+8E0F	đạp
踐	U+8E10	tiễn
踑	U+8E11	ky
踒	U+8E12	oa|oải
踓	U+8E13	lang
踔	U+8E14	trác|xước|xợt
踕	U+8E15	tiệp
踖	U+8E16	tích|tếch
踘	U+8E18	cúc|guốc
踛	U+8E1B	lục
踝	U+8E1D	hòa|hõa|hỏa|khõa|khỏa|lõa
踞	U+8E1E	cư|cứ
踟	U+8E1F	tri|trì|trừ
踠	U+8E20	oản
踡	U+8E21	quyền|quyển
踢	U+8E22	dị|dịch|thích
踣	U+8E23	bặc|phấu|vội
踤	U+8E24	nhót|tột|tụy
踥	U+8E25	thiếp
踦	U+8E26	cơ|khi|kỳ|kỷ|ỷ
踧	U+8E27	túc|xúc|địch
踨	U+8E28	tung|tông
踩	U+8E29	thái|thải
踪	U+8E2A	tung|tông
踫	U+8E2B	tịnh
踬	U+8E2C	chí
踮	U+8E2E	điếm|điểm
踯	U+8E2F	trịch
踰	U+8E30	du|dũ|thâu
踱	U+8E31	đạc|độ
踳	U+8E33	suyễn|xuẩn
踴	U+8E34	dõng|dũng
踵	U+8E35	chủng
踶	U+8E36	đề|đệ
踸	U+8E38	chậm|sẩm
踹	U+8E39	soại|sủy|đoán
踼	U+8E3C	thang|thảng
踽	U+8E3D	chủ|củ|vũ
踾	U+8E3E	bức
蹀	U+8E40	điệp
蹁	U+8E41	biên|biền|biển
蹂	U+8E42	nhu|nhụ|nhựu
蹄	U+8E44	đế|đề
蹅	U+8E45	tra|đạp
蹆	U+8E46	thủi
蹇	U+8E47	kiển|kiễng
蹈	U+8E48	dạo|đạo
蹉	U+8E49	sa|tha
蹊	U+8E4A	hề|khê
蹋	U+8E4B	tháp|tập|đạp
蹌	U+8E4C	thương|thướng
蹍	U+8E4D	chiển|chiểu|niễn|triển
蹎	U+8E4E	chân|điên
蹏	U+8E4F	đề
蹐	U+8E50	tích
蹑	U+8E51	nhiếp|niếp
蹒	U+8E52	bàn|man
蹓	U+8E53	lựu
蹔	U+8E54	tạm
蹕	U+8E55	tất
蹖	U+8E56	thung
蹙	U+8E59	thích|túc|xúc
蹚	U+8E5A	thang
蹛	U+8E5B	trệ
蹜	U+8E5C	súc|tốc|xúc
蹝	U+8E5D	sỉ
蹞	U+8E5E	khuế|khuể
蹟	U+8E5F	tích
蹠	U+8E60	chích
蹡	U+8E61	thương
蹢	U+8E62	chịch|nhích|trịch|đích|địch
蹣	U+8E63	bàn|man|mãn
蹤	U+8E64	sỉ|tung|tông
蹦	U+8E66	bính|bảng|bằng
蹧	U+8E67	tao
蹩	U+8E69	biết|biệt
蹪	U+8E6A	đồi
蹬	U+8E6C	đăng|đặng
蹭	U+8E6D	thặng|tắng|tằng
蹮	U+8E6E	tiên
蹯	U+8E6F	phiên|phiền|phàn
蹰	U+8E70	trù
蹲	U+8E72	thuẫn|tôn|tồn|tỗn
蹳	U+8E73	bát
蹴	U+8E74	tựu|xúc
蹵	U+8E75	xúc
蹶	U+8E76	quyết|quệ
蹷	U+8E77	quyết
蹸	U+8E78	lận
蹹	U+8E79	tháp
蹺	U+8E7A	khiêu|nghiêu|nghều
蹻	U+8E7B	cược|khiêu|kiều|kiểu|kiệu|kều|nghiêu
蹼	U+8E7C	bốc|bộc|phác|phố|phốc
蹽	U+8E7D	liêu|trèo
蹾	U+8E7E	đôn
蹿	U+8E7F	thoan|thoán
躁	U+8E81	thao|tháo|táo
躂	U+8E82	thát|đáp|đạt
躃	U+8E83	tích
躄	U+8E84	tích
躅	U+8E85	ghen|thục|trạc|trục|xộc|độc
躆	U+8E86	cứ
躇	U+8E87	chứa|trù|trừ|xước
躉	U+8E89	độn
躊	U+8E8A	trù
躋	U+8E8B	tê|tễ
躍	U+8E8D	dược
躏	U+8E8F	lận
躐	U+8E90	liệp|láp
躑	U+8E91	trịch
躒	U+8E92	lạc|lịch
躓	U+8E93	chí|chất
躔	U+8E94	triền
躕	U+8E95	trù
躗	U+8E97	vệ
躘	U+8E98	long|lúng|ruông
躚	U+8E9A	thiên|tiên
躛	U+8E9B	vệ
躜	U+8E9C	toàn
躝	U+8E9D	lan|lạn
躞	U+8E9E	tiệp
躟	U+8E9F	nhương|tiết
躠	U+8EA0	tiết|tát
躡	U+8EA1	nhiếp|niếp
躣	U+8EA3	cù
躤	U+8EA4	thoan|tạ
躥	U+8EA5	thoan|thoán|thoản
躦	U+8EA6	toàn
躧	U+8EA7	sỉ
躨	U+8EA8	quỳ
躩	U+8EA9	khước|quặc
躪	U+8EAA	lận
身	U+8EAB	quyên|thân
躬	U+8EAC	cung
躭	U+8EAD	đam
躯	U+8EAF	khu
躰	U+8EB0	thể
躱	U+8EB1	đóa
躲	U+8EB2	đóa
躳	U+8EB3	cung
躶	U+8EB6	khỏa|lõa
躺	U+8EBA	thượng|thảng|thẳng
軀	U+8EC0	khu|xo
軃	U+8EC3	đả
軄	U+8EC4	chức
軆	U+8EC6	thể
車	U+8ECA	xa
軋	U+8ECB	ca|loát|trát|yết
軌	U+8ECC	cửu|quẫy|quỹ
軍	U+8ECD	quân
軎	U+8ECE	vệ
軏	U+8ECF	ngoạt|nguyệt|ngột
軑	U+8ED1	đại|đệ
軒	U+8ED2	hiên|hiến
軓	U+8ED3	nhận
軔	U+8ED4	nhẫn|nhận
軖	U+8ED6	khuông
軘	U+8ED8	đồn
軛	U+8EDB	ách
軜	U+8EDC	nạp
軝	U+8EDD	kỳ
軟	U+8EDF	nhuyễn
軡	U+8EE1	linh
転	U+8EE2	chuyển
軥	U+8EE5	câu
軧	U+8EE7	để
軨	U+8EE8	linh
軫	U+8EEB	chẩn
軬	U+8EEC	ba|bổn
軮	U+8EEE	ưởng
軯	U+8EEF	phanh
軰	U+8EF0	bối
軱	U+8EF1	cô
軲	U+8EF2	cô
軳	U+8EF3	bào
軴	U+8EF4	sải
軵	U+8EF5	nhung|nhũng
軶	U+8EF6	ách
軷	U+8EF7	bạt|vặn
軸	U+8EF8	trục
軹	U+8EF9	chỉ
軺	U+8EFA	dao|diêu|thiều
軻	U+8EFB	kha|khả
軼	U+8EFC	dật|thất|điệt
軾	U+8EFE	thức
軿	U+8EFF	biền|bánh|bình|phanh
輀	U+8F00	nhi
輁	U+8F01	củng
輂	U+8F02	cúc
較	U+8F03	giác|giáo|giảo|giếu|hiệu|kiệu
輅	U+8F05	lộ|nhạ
輇	U+8F07	thuyên
輈	U+8F08	chu|châu
載	U+8F09	tài|tái|tại|tải
輊	U+8F0A	chí
輌	U+8F0C	lưỡng|lượng
輐	U+8F10	ngoạn
輑	U+8F11	khuân
輒	U+8F12	chiếp|triếp
輓	U+8F13	vãn
輔	U+8F14	phụ
輕	U+8F15	khinh|khánh
輖	U+8F16	châu|âm|ấm
輗	U+8F17	luyệt|nghê|nghệ
輘	U+8F18	lăng
輙	U+8F19	triếp
輚	U+8F1A	chiếm|trản
輛	U+8F1B	lưỡng|lượng|lạng
輜	U+8F1C	chuy|tri|truy
輝	U+8F1D	huy
輞	U+8F1E	võng
輟	U+8F1F	chuyết|xuyết
輠	U+8F20	khỏa|quả
輢	U+8F22	ỷ
輣	U+8F23	bành|mang
輤	U+8F24	kiệp|thiến
輥	U+8F25	côn|cổn
輦	U+8F26	liễn
輧	U+8F27	bình
輨	U+8F28	quản
輩	U+8F29	bối
輪	U+8F2A	luân
輫	U+8F2B	bài
輬	U+8F2C	lương
輭	U+8F2D	nhuyến|nhuyễn
輮	U+8F2E	nhụ
輯	U+8F2F	tập
輲	U+8F32	thuyên
輳	U+8F33	thấu
輴	U+8F34	thuân|truân|xuân
輵	U+8F35	cát|át
輶	U+8F36	do|du
輷	U+8F37	oanh
輸	U+8F38	du|thâu|thú
輹	U+8F39	bức|phúc|phục
輺	U+8F3A	tri|truy
輻	U+8F3B	bức|phúc
輼	U+8F3C	uân|ôn
輾	U+8F3E	niển|niễn|triển
輿	U+8F3F	dư
轀	U+8F40	uân|uẩn|ôn
轂	U+8F42	cốc
轃	U+8F43	trân
轄	U+8F44	hạt
轅	U+8F45	viên
轆	U+8F46	lộc|đảng
轇	U+8F47	giao
轈	U+8F48	sào
轉	U+8F49	chuyến|chuyển
轊	U+8F4A	duệ|vệ
轍	U+8F4D	triết|triệt
轎	U+8F4E	kiệu
轏	U+8F4F	chiến|sạn
轑	U+8F51	lao|liêu|liệu
轒	U+8F52	phần
轓	U+8F53	phiên
轔	U+8F54	lân|lận
轕	U+8F55	cát
轖	U+8F56	sắc
轗	U+8F57	khảm
轘	U+8F58	hoàn
轙	U+8F59	nghĩ
轚	U+8F5A	kích
轜	U+8F5C	nhi
轝	U+8F5D	dư
轞	U+8F5E	hạm
轟	U+8F5F	hoanh|huênh|oanh
轠	U+8F60	lôi
轡	U+8F61	bí
轢	U+8F62	lịch|thước
轣	U+8F63	lịch
轤	U+8F64	lô|lư
轥	U+8F65	lận|xa
车	U+8F66	xa
轧	U+8F67	ca|loát|yết
轨	U+8F68	quỹ
轩	U+8F69	hiên|hiến
轪	U+8F6A	đại|đệ
轫	U+8F6B	nhẫn|nhận
转	U+8F6C	chuyến|chuyển
轭	U+8F6D	ách
轮	U+8F6E	luân
软	U+8F6F	nhuyễn
轰	U+8F70	hoanh|oanh
轱	U+8F71	cô
轲	U+8F72	kha|khả
轳	U+8F73	lô|lư
轴	U+8F74	trục
轵	U+8F75	chỉ
轶	U+8F76	dật|điệt
轸	U+8F78	chẩn
轹	U+8F79	lịch
轺	U+8F7A	dao|diêu
轻	U+8F7B	khinh|khánh|lệ
轼	U+8F7C	thức
载	U+8F7D	tài|tái|tại|tải
轾	U+8F7E	chí
轿	U+8F7F	kiệu
辀	U+8F80	chu|châu
辁	U+8F81	thuyên
辂	U+8F82	lộ|nhạ
较	U+8F83	giác|giáo|giảo|giếu|hiệu
辄	U+8F84	triếp
辅	U+8F85	phụ
辆	U+8F86	lưỡng|lượng|lạng
辇	U+8F87	liễn
辈	U+8F88	bối
辉	U+8F89	huy|huân|vận
辊	U+8F8A	cổn
辋	U+8F8B	võng
辌	U+8F8C	lương
辍	U+8F8D	chuyết|xuyết
辎	U+8F8E	chuy|tri|truy
辏	U+8F8F	thấu
辐	U+8F90	bức|phúc
辑	U+8F91	tập
辒	U+8F92	uân|uẩn|ôn
输	U+8F93	du|thâu|thú
辔	U+8F94	bí
辕	U+8F95	viên
辖	U+8F96	hạt
辗	U+8F97	niển|niễn|triển
辘	U+8F98	lộc
辙	U+8F99	triệt
辚	U+8F9A	lân|lận
辛	U+8F9B	tân
辜	U+8F9C	cô
辝	U+8F9D	từ
辞	U+8F9E	từ
辟	U+8F9F	bách|bích|bễ|phách|phích|thí|tích|tịch|tỵ|vếch
辠	U+8FA0	tội
辡	U+8FA1	biện|lạt
辢	U+8FA2	lạt
辣	U+8FA3	lượt|lạt
辤	U+8FA4	từ
辥	U+8FA5	tiết
辦	U+8FA6	ban|biện|bạn
辧	U+8FA7	ban|biện
辨	U+8FA8	ban|biếm|biến|biện
辩	U+8FA9	biếm|biến|biện
辫	U+8FAB	biện
辬	U+8FAC	ban
辭	U+8FAD	từ
辮	U+8FAE	biên|biện
辯	U+8FAF	biên|biếm|biến|biện
辰	U+8FB0	thìn|thần
辱	U+8FB1	nhọc|nhục
農	U+8FB2	linh|nông
辳	U+8FB3	nông|xiển
辴	U+8FB4	xiển
辵	U+8FB5	sước|xước
辶	U+8FB6	sước|xước
边	U+8FB9	biên
辺	U+8FBA	biên
辻	U+8FBB	thập
込	U+8FBC	liêu
辽	U+8FBD	liêu
达	U+8FBE	thế|đạt
辿	U+8FBF	siêm
迁	U+8FC1	thiên
迂	U+8FC2	vu
迄	U+8FC4	hất|ngật
迅	U+8FC5	tấn
迆	U+8FC6	di|dĩ
过	U+8FC7	qua|quá
迈	U+8FC8	mại
迊	U+8FCA	nghinh|nghênh|táp|tạp
迋	U+8FCB	cuống|vương|vượng
迍	U+8FCD	truân|trêu|đón|đôn
迎	U+8FCE	nghinh|nghênh|nghịnh
运	U+8FD0	vận
近	U+8FD1	cấn|cận|ký
迒	U+8FD2	hiền|hàng
迓	U+8FD3	nhạ
返	U+8FD4	phản
迕	U+8FD5	ngỗ
迖	U+8FD6	đạt
还	U+8FD8	hoàn|toàn
这	U+8FD9	giá|nghiện
进	U+8FDB	tiến|tấn
远	U+8FDC	viên|viến|viển|viễn
违	U+8FDD	vi
连	U+8FDE	liên|liễn
迟	U+8FDF	khích|trì|trí|trĩ
迡	U+8FE1	chầy
迢	U+8FE2	dìu|thiều|điều
迣	U+8FE3	sế
迤	U+8FE4	di|dĩ
迥	U+8FE5	huýnh|quýnh
迦	U+8FE6	ca|cà|dà|gia|già
迨	U+8FE8	đãi
迩	U+8FE9	nhĩ
迪	U+8FEA	địch
迫	U+8FEB	bài|bách
迭	U+8FED	dật|tuyển|điệt
迮	U+8FEE	trách
迯	U+8FEF	đào
述	U+8FF0	thuật
迳	U+8FF3	kính
迴	U+8FF4	hồi
迵	U+8FF5	đồng
迷	U+8FF7	mê
迸	U+8FF8	bình|bính
迹	U+8FF9	tích
迺	U+8FFA	nãi
迻	U+8FFB	di|áy|đưa
追	U+8FFD	truy|đôi
迾	U+8FFE	lướt|lệ
迿	U+8FFF	tuân
退	U+9000	thoái|thối
送	U+9001	tống
适	U+9002	quát|thích|trích|đích|địch
逃	U+9003	đào
逄	U+9004	bàng
逅	U+9005	cấu
逆	U+9006	nghịch|nghịnh
逈	U+9008	huýnh|quýnh
选	U+9009	soát|toán|tuyến|tuyển
逊	U+900A	tốn
逋	U+900B	bô
逌	U+900C	do|du
逍	U+900D	tiêu
逎	U+900E	tùa
透	U+900F	thấu
逐	U+9010	trục
逑	U+9011	cầu
递	U+9012	đái|đãi|đệ
逓	U+9013	đãi|đệ
途	U+9014	đồ
逕	U+9015	kính
逖	U+9016	địch
逗	U+9017	đậu
這	U+9019	giá|nghiện
通	U+901A	thông
逛	U+901B	cuống|cuồng
逝	U+901D	thệ
逞	U+901E	sính|trình
速	U+901F	tốc
造	U+9020	tháo|tạo
逡	U+9021	thoan|thuân
逢	U+9022	bồng|phùng
連	U+9023	liên|liễn
逤	U+9024	sa|tỏa
逥	U+9025	hồi
逦	U+9026	lý|lệ|lỵ
逩	U+9029	bôn
逫	U+902B	quyết|truất
逬	U+902C	bình|bính
逭	U+902D	hoán|quần
逮	U+902E	đãi|đải
逯	U+902F	lộc|lục|đãi|đệ
逰	U+9030	du
週	U+9031	chu|châu
進	U+9032	tiến|tấn
逴	U+9034	rước|sước|trác|xước
逵	U+9035	lục|quỳ
逶	U+9036	uy|ủy
逷	U+9037	địch
逸	U+9038	dật
逹	U+9039	đạt
逺	U+903A	viên|viễn
逻	U+903B	la
逼	U+903C	bức
逾	U+903E	du|dũ
逿	U+903F	đãng|đường
遁	U+9041	thuẫn|trốn|tuần|độn
遂	U+9042	toại
遄	U+9044	thuyên
遅	U+9045	trì
遇	U+9047	ngộ
遉	U+9049	trinh|trình
遊	U+904A	du
運	U+904B	huyền|vận
遌	U+904C	ngạc|ngộ
遍	U+904D	biên|biến
過	U+904E	qua|quá
遏	U+904F	át
遐	U+9050	hà
遑	U+9051	hoàng|huỳnh
遒	U+9052	tù|tưu
道	U+9053	cự|đáo|đạo
達	U+9054	điền|đạt
違	U+9055	vi
遗	U+9057	di|duy|dị
遘	U+9058	cấu
遙	U+9059	dao|diêu
遛	U+905B	lưu|lựu
遜	U+905C	tốn
遝	U+905D	đạp
遞	U+905E	đái|đãi|đệ
遟	U+905F	trì
遠	U+9060	viên|viến|viển|viễn
遡	U+9061	tố
遢	U+9062	tháp|thạp
遣	U+9063	khiến|khiển|khán
遥	U+9065	dao|diêu
遨	U+9068	ngao
適	U+9069	quát|thích|trích|đích|địch
遫	U+906B	tốc
遭	U+906D	tao|thao
遮	U+906E	già
遯	U+906F	rộn|tao|độn
遰	U+9070	thệ|đệ
遱	U+9071	lâu
遲	U+9072	trì|trí|trĩ
遴	U+9074	lân|lấn|lận
遵	U+9075	tuân
遶	U+9076	diêu|nhiễu|nháo
遷	U+9077	thiên
選	U+9078	soát|toán|tuyến|tuyển
遹	U+9079	duật
遺	U+907A	di|duy|dị|vị
遻	U+907B	ngạc|ngộ
遼	U+907C	liêu
遽	U+907D	cự
避	U+907F	tị|tỵ
邀	U+9080	yêu
邁	U+9081	mại
邂	U+9082	giải
邃	U+9083	thúy|toại
還	U+9084	hoàn|hài|toàn
邅	U+9085	chiên|chuyên|chênh|triển
邇	U+9087	nhĩ
邈	U+9088	mạc|mạo
邉	U+9089	biên
邊	U+908A	biên
邋	U+908B	liệp|lạp
邏	U+908F	la|lạ
邐	U+9090	ly|lê|lý|lệ|lỵ
邑	U+9091	ấp
邓	U+9093	đặng
邕	U+9095	ung
邗	U+9097	hàn
邘	U+9098	vu
邙	U+9099	mang|manh|mương
邛	U+909B	cung
邝	U+909D	quảng
邟	U+909F	kháng
邠	U+90A0	bân
邡	U+90A1	phóng|phương|phường
邢	U+90A2	bình|hình
那	U+90A3	na|ná|nả
邦	U+90A6	bang|vâng
邧	U+90A7	nguyên
邨	U+90A8	thôn
邪	U+90AA	da|tà
邬	U+90AC	ổ
邮	U+90AE	bưu
邯	U+90AF	hàm
邰	U+90B0	thai|ái
邱	U+90B1	khâu|khưu
邲	U+90B2	bí|bật|hàm|tất
邳	U+90B3	bi|bì|bỉ|phi|phôi
邴	U+90B4	bính|bỉnh
邵	U+90B5	thiệu
邶	U+90B6	bì|bắc|bội
邸	U+90B8	để
邹	U+90B9	trâu
邺	U+90BA	nghiệp
邻	U+90BB	lân
邽	U+90BD	khuê
邾	U+90BE	chau|chu|châu
邿	U+90BF	thi
郁	U+90C1	hữu|uất|úc
郃	U+90C3	cáp
郄	U+90C4	khích|khước|tức
郅	U+90C5	chí|chất
郇	U+90C7	hoàn|tuân
郈	U+90C8	hậu
郉	U+90C9	bình|hình
郊	U+90CA	giao
郎	U+90CE	lang
郏	U+90CF	giáp|hiệp
郐	U+90D0	cối|quái
郑	U+90D1	trịnh
郓	U+90D3	vận
郔	U+90D4	diên
郕	U+90D5	tao|thành
郖	U+90D6	đậu
郗	U+90D7	hy|si
郘	U+90D8	lữ
郙	U+90D9	phu|phủ
郚	U+90DA	ngữ
郛	U+90DB	phu|phù
郜	U+90DC	cáo
郝	U+90DD	hác|hách
郞	U+90DE	lang
郟	U+90DF	giáp|hiệp
郠	U+90E0	cánh
郡	U+90E1	quận
郢	U+90E2	dĩnh|sính
郤	U+90E4	khích
郦	U+90E6	ly|lịch
郧	U+90E7	vân
部	U+90E8	bẫu|bộ
郪	U+90EA	thê
郫	U+90EB	bì|tỳ
郬	U+90EC	âm
郭	U+90ED	quách
郯	U+90EF	đàm
郰	U+90F0	châu|trâu
郱	U+90F1	bình|cảnh
郲	U+90F2	lai
郳	U+90F3	nghê
郴	U+90F4	sâm|xâm
郵	U+90F5	bưu
郷	U+90F7	hương
郸	U+90F8	đan
郹	U+90F9	kích
都	U+90FD	đô
郾	U+90FE	yển
郿	U+90FF	mi
鄀	U+9100	nhược|thoát
鄁	U+9101	bội
鄂	U+9102	ngạc
鄃	U+9103	du|thu|thâu
鄄	U+9104	nhân|quyên|quyến
鄅	U+9105	vũ
鄆	U+9106	càn|vận
鄇	U+9107	hầu|hậu
鄈	U+9108	quỳ
鄉	U+9109	hương|hướng|hưởng
鄊	U+910A	hương
鄋	U+910B	sưu
鄍	U+910D	minh
鄎	U+910E	tức
鄏	U+910F	nhục
鄐	U+9110	súc
鄑	U+9111	tấn
鄒	U+9112	trâu
鄔	U+9114	ổ
鄕	U+9115	hương|hướng
鄖	U+9116	vân
鄗	U+9117	cảo|hạo|khao
鄘	U+9118	dong|dung
鄙	U+9119	bẽ|bỉ|si
鄚	U+911A	mạc|mạo
鄛	U+911B	sào
鄜	U+911C	phu
鄝	U+911D	liễu
鄞	U+911E	cẩn|ngân
鄟	U+911F	chuyên
鄠	U+9120	hộ
鄡	U+9121	kiêu
鄢	U+9122	yên|yển
鄣	U+9123	chương|chướng
鄤	U+9124	mạn
鄦	U+9126	hứa
鄧	U+9127	đặng
鄩	U+9129	tầm
鄫	U+912B	tăng|tằng
鄬	U+912C	vi
鄭	U+912D	trịnh
鄮	U+912E	mậu
鄯	U+912F	thiện
鄰	U+9130	lân
鄱	U+9131	bà|bá
鄲	U+9132	đan|đơn
鄳	U+9133	mãnh
鄴	U+9134	nghiệp
鄵	U+9135	tháo
鄶	U+9136	cối|quái
鄸	U+9138	mộng
鄹	U+9139	châu|trâu|tụ
鄺	U+913A	quảng
鄻	U+913B	liễn
鄽	U+913D	triền
鄾	U+913E	ưu
鄿	U+913F	cơ|ky
酂	U+9142	ta|toản|tán
酃	U+9143	linh
酅	U+9145	huề|hy
酆	U+9146	phong
酇	U+9147	ta|toản|tán
酈	U+9148	li|ly|lịch
酉	U+9149	dấu|dậu
酊	U+914A	đinh|đính|đỉnh
酋	U+914B	tù
酌	U+914C	chước
配	U+914D	phối
酎	U+914E	chữu|trụ|trửu|trữu
酏	U+914F	di|đà
酐	U+9150	can|hãn
酒	U+9152	tửu
酓	U+9153	đàm
酔	U+9154	túy
酕	U+9155	mao
酖	U+9156	chậm|trấm|trầm|đam
酗	U+9157	hung|hú|húng
酘	U+9158	đầu|đậu
酙	U+9159	châm
酚	U+915A	phân
酝	U+915D	uấn|uẩn|ôn|ổn
酞	U+915E	thái
酟	U+915F	thiêm
酠	U+9160	vặn
酡	U+9161	đà
酢	U+9162	thố|tạc|xạ
酣	U+9163	hàm
酤	U+9164	cô
酥	U+9165	tô
酦	U+9166	bát|phát
酧	U+9167	thù
酨	U+9168	tải|đại
酩	U+9169	minh|mính|mỉnh
酪	U+916A	lạc|lộ|minh|tĩnh
酬	U+916C	thù|đạo
酮	U+916E	đồng
酯	U+916F	chỉ
酰	U+9170	phốc|tuy
酱	U+9171	tương
酲	U+9172	trình|tỉnh|xành
酳	U+9173	dận
酴	U+9174	từ|đồ
酵	U+9175	diếu|giáo|hiếu
酶	U+9176	môi
酷	U+9177	khốc
酸	U+9178	lựu|toan
酹	U+9179	loại|lỗi|lội
酺	U+917A	bô|bồ|bộ|bộc
酽	U+917D	nghiễm|nghiệm
酾	U+917E	si|sỉ
酿	U+917F	nhưỡng
醁	U+9181	lục
醃	U+9183	yêm|yểm|đà
醄	U+9184	đào
醅	U+9185	phôi
醆	U+9186	trản
醇	U+9187	thuần
醉	U+9189	túy
醊	U+918A	chuyết|xuyết
醋	U+918B	dư|thố|tạc
醌	U+918C	côn
醍	U+918D	thể|đề
醎	U+918E	giảm|hàm
醐	U+9190	hồ
醑	U+9191	tư|tử|tữ
醒	U+9192	tinh|tỉnh
醓	U+9193	thảm|thản
醕	U+9195	thuần
醖	U+9196	uấn
醙	U+9199	sưu
醚	U+919A	mi|mê
醛	U+919B	thuyên|triết
醜	U+919C	sửu|xú|xấu
醝	U+919D	say|ta
醞	U+919E	uấn|uẩn|ôn|ổn
醟	U+919F	vinh
醠	U+91A0	áng|ưởng
醡	U+91A1	trá
醢	U+91A2	hải
醣	U+91A3	đường
醥	U+91A5	phiếu
醧	U+91A7	âu
醨	U+91A8	li|ly
醩	U+91A9	tao
醪	U+91AA	dao|giao|lao|liêu
醫	U+91AB	y|ỷ
醬	U+91AC	tương
醭	U+91AD	phốc
醮	U+91AE	tiêu|tiếu
醯	U+91AF	hy|hề|ê
醰	U+91B0	đàm
醱	U+91B1	bát|phát
醲	U+91B2	nùng|nồng
醳	U+91B3	dịch
醴	U+91B4	lễ
醵	U+91B5	cừ|cự
醶	U+91B6	nghiệm
醷	U+91B7	ức
醸	U+91B8	nhưỡng
醹	U+91B9	nhu
醺	U+91BA	huân
醻	U+91BB	thù|trù|đạo
醼	U+91BC	yên|yến
醽	U+91BD	linh
醾	U+91BE	mi|mê
醿	U+91BF	mi
釀	U+91C0	nhưỡng|tương
釁	U+91C1	hấn
釂	U+91C2	tiếu
釃	U+91C3	si|sỉ
釄	U+91C4	mi
釅	U+91C5	nghiễm|nghiệm
釆	U+91C6	biện|thái
采	U+91C7	biện|thái|thải|thể
釉	U+91C9	du|dứu|hựu
释	U+91CA	dịch|thích
釋	U+91CB	dịch|thích
里	U+91CC	lý|lịa
重	U+91CD	trùng|trọng
野	U+91CE	dã
量	U+91CF	lương|lường|lượng
釐	U+91D0	hy|ly
金	U+91D1	kim
釒	U+91D2	kim
釓	U+91D3	ca|cát
釔	U+91D4	ất
釕	U+91D5	liêu|liễu|niểu|rẻo
釖	U+91D6	đao
釗	U+91D7	chiêu|kiêu|siêu
釘	U+91D8	đinh|đính
釙	U+91D9	bốc|bộc|phác|phốc
釜	U+91DC	phẫu|phủ
針	U+91DD	châm|trâm
釟	U+91DF	ngoắt|nhíp
釠	U+91E0	loạn
釡	U+91E1	phẫu|phủ
釢	U+91E2	nãi
釣	U+91E3	điếu
釤	U+91E4	sam|sám|sán
釥	U+91E5	thiểu
釦	U+91E6	khấu|khẩu
釧	U+91E7	xuyến
釨	U+91E8	trữ
釩	U+91E9	phiếm|phiến|phàm|phàn|phạm
釬	U+91EC	can|hạn
釭	U+91ED	cang|cong|công|giang
釯	U+91EF	mang
釰	U+91F0	kiếm|nhật
釱	U+91F1	đại|đệ
釳	U+91F3	hất
釴	U+91F4	dặc
釵	U+91F5	sai|thoa|xoa
釶	U+91F6	tha|thi
釷	U+91F7	thổ
釸	U+91F8	điếu
釹	U+91F9	nục|nữ
釺	U+91FA	thiên
釼	U+91FC	kiếm
釽	U+91FD	tịch
釾	U+91FE	nha
釿	U+91FF	cân|ngân|ngận
鈀	U+9200	ba|bả
鈁	U+9201	cấu|phương
鈂	U+9202	đâm
鈃	U+9203	hình|đẩu
鈄	U+9204	đẩu
鈅	U+9205	thược
鈆	U+9206	diên|duyên
鈇	U+9207	phu
鈈	U+9208	bất
鈉	U+9209	nạp|nột
鈊	U+920A	tâm
鈌	U+920C	khoét|khuyết|quyết
鈍	U+920D	nhọn|độn
鈎	U+920E	câu
鈐	U+9210	kiềm
鈑	U+9211	bản
鈒	U+9212	táp
鈔	U+9214	sao|sào|sáo
鈕	U+9215	nạo|nữu
鈙	U+9219	chìa|nhặt
鈚	U+921A	phi|phê
鈛	U+921B	oa
鈜	U+921C	hoành
鈞	U+921E	quân
鈟	U+921F	điếu
鈡	U+9221	chung
鈣	U+9223	cái
鈤	U+9224	nhật
鈥	U+9225	hỏa
鈦	U+9226	thái
鈧	U+9227	cang|kháng
鈩	U+9229	lô
鈬	U+922C	đạc
鈮	U+922E	bắn|ni|nỉa
鈰	U+9230	thị
鈳	U+9233	a
鈴	U+9234	linh
鈶	U+9236	tỷ
鈷	U+9237	cô|cổ
鈸	U+9238	bát|bạt
鈹	U+9239	bì|phi
鈺	U+923A	ngọc
鈼	U+923C	rựa|tạc
鈽	U+923D	búa|bố
鈾	U+923E	do|du|dựu
鈿	U+923F	điền
鉀	U+9240	giáp
鉄	U+9244	nga|thiết
鉅	U+9245	cự
鉆	U+9246	kiềm|siêm
鉈	U+9248	tha|xà
鉉	U+9249	huyền|huyễn
鉊	U+924A	chiêu|rìu
鉋	U+924B	bao|bào|bộc
鉌	U+924C	hòa
鉍	U+924D	bí|tất
鉎	U+924E	sinh
鉏	U+924F	sừ|tra|trở|tư|từ
鉑	U+9251	bạc|bạch
鉒	U+9252	trú
鉔	U+9254	phả|táp
鉕	U+9255	phả
鉗	U+9257	kiềm
鉘	U+9258	thế
鉚	U+925A	mão
鉛	U+925B	diên|duyên
鉜	U+925C	phù
鉞	U+925E	hối|việt
鉟	U+925F	phi
鉠	U+9260	ương|ẩm
鉡	U+9261	bát|bạn
鉢	U+9262	bát
鉤	U+9264	câu
鉥	U+9265	thuật
鉦	U+9266	chinh|chiêng
鉧	U+9267	mẫu
鉬	U+926C	mục
鉭	U+926D	đán
鉱	U+9271	khoáng
鉴	U+9274	giám
鉵	U+9275	đông
鉶	U+9276	hình
鉷	U+9277	hồng
鉸	U+9278	giảo|hiệu
鉹	U+9279	di
鉺	U+927A	nhĩ|nhị
鉻	U+927B	các|lạc
鉼	U+927C	bính|tính
鉾	U+927E	mâu
鉿	U+927F	cáp
銀	U+9280	ngân
銃	U+9283	sung|súng
銅	U+9285	đồng
銊	U+928A	nhong
銋	U+928B	nhâm
銍	U+928D	chí|trất
銎	U+928E	cùng|khung
銑	U+9291	ten|tiên|tiển|tiện|tuyến|tâỷ
銒	U+9292	bính
銓	U+9293	quyền|thuyên
銕	U+9295	nga|thiết
銖	U+9296	thù
銗	U+9297	hạng
銘	U+9298	chạm|minh
銙	U+9299	giơ|khoá
銚	U+929A	dao|diêu|điêu|điều|điệu
銛	U+929B	quát|thiểm|tiêm
銜	U+929C	hàm
銞	U+929E	quân
銠	U+92A0	lão
銣	U+92A3	như
銤	U+92A4	mễ|mị
銥	U+92A5	loan|y
銦	U+92A6	nhân
銧	U+92A7	quang|quắc
銨	U+92A8	an
銩	U+92A9	đâu
銪	U+92AA	hữu
銫	U+92AB	sắc
銬	U+92AC	khảo
銭	U+92AD	tiền
銮	U+92AE	loan
銱	U+92B1	điếu
銲	U+92B2	hãn|hạn
銳	U+92B3	duệ|nhuệ|đoái
銴	U+92B4	phản|túi
銶	U+92B6	cầu
銷	U+92B7	tiu|tiêu
銸	U+92B8	nhiếp|triếp
銹	U+92B9	tú
銻	U+92BB	thê|đễ|đệ
銼	U+92BC	tòa|tọa|tỏa
銽	U+92BD	hống|quát|tiêm
銾	U+92BE	cống|hống
鋀	U+92C0	du|đẩu|đậu
鋁	U+92C1	lã|lư|lữ|lự
鋂	U+92C2	môi|mũi
鋃	U+92C3	lang
鋄	U+92C4	vạn
鋅	U+92C5	tân|tử
鋆	U+92C6	quân|túi|vân
鋇	U+92C7	bối
鋈	U+92C8	ốc
鋊	U+92CA	dụ|dục
鋋	U+92CB	diên|thiền|đĩnh
鋌	U+92CC	diên|thính|đĩnh
鋍	U+92CD	bột
鋏	U+92CF	giáp|khiếp|kiệp
鋐	U+92D0	hoành
鋑	U+92D1	thoán
鋒	U+92D2	phong
鋕	U+92D5	chí
鋖	U+92D6	thỏa|tư
鋗	U+92D7	huyên|quyên
鋘	U+92D8	ô
鋙	U+92D9	ngô|ngữ
鋛	U+92DB	khoáng
鋜	U+92DC	trạc
鋝	U+92DD	loát|luyệt|lược
鋟	U+92DF	tiêm|tẩm|xâm|xăm
鋡	U+92E1	da|hàm
鋣	U+92E3	da
鋤	U+92E4	sừ
鋥	U+92E5	cất|xiềng
鋦	U+92E6	cuốc|cuộc|cúc|cư|cục
鋧	U+92E7	hiện
鋨	U+92E8	nga|thiết
鋩	U+92E9	mang
鋪	U+92EA	phu|phô|phố|phổ
鋭	U+92ED	cáo|duệ|nhuệ|nhọn|đoái
鋯	U+92EF	cáo|cạo
鋰	U+92F0	lí|lý
鋱	U+92F1	thác|thắc
鋲	U+92F2	beng|lấp
鋳	U+92F3	chú
鋵	U+92F5	ngốc
鋸	U+92F8	cư|cưa|cứ
鋻	U+92FB	giám
鋼	U+92FC	cương|gang
錀	U+9300	luân
錁	U+9301	khoá|quả
錂	U+9302	tiễn
錄	U+9304	lục
錆	U+9306	sanh|thanh|thương
錇	U+9307	bầu|bậu|bồi
錈	U+9308	quyển
錍	U+930D	bề|phê|ty
錏	U+930F	a|á
錐	U+9310	chùy|duì|trùy
錒	U+9312	a
錔	U+9314	tháp|thạp
錕	U+9315	biền|côn
錘	U+9318	chuy|chùy|chúy|truy|trùy
錙	U+9319	chuy|tri|truy
錚	U+931A	tranh|trành
錛	U+931B	bôn
錜	U+931C	niệm
錞	U+931E	thuần|đối|đỗi|đội
錟	U+931F	tiêm|đàm
錠	U+9320	đĩnh|định
錡	U+9321	ki|ky|kĩ|kỳ|kỹ|nghĩ
錢	U+9322	tiền|tiễn
錣	U+9323	chuyết
錤	U+9324	cơ|ky
錦	U+9326	cẩm|gấm|hào
錧	U+9327	quản
錨	U+9328	mao|miêu
錩	U+9329	xuổng|xương|xướng
錪	U+932A	điển
錫	U+932B	thiếc|tích
錬	U+932C	chương|luyện
錭	U+932D	điêu
錮	U+932E	cố
錯	U+932F	thác|thó|thố
録	U+9332	lục
錳	U+9333	mãnh|mạnh
錴	U+9334	lục
錵	U+9335	hoa|họa
錶	U+9336	biểu
錸	U+9338	lai
錹	U+9339	khẳng
錾	U+933E	tiệm|trạm|tạm
鍀	U+9340	đắc
鍁	U+9341	hân
鍄	U+9344	dí|kiềng
鍆	U+9346	môn
鍇	U+9347	hài|khải
鍈	U+9348	ương
鍉	U+9349	thi|đích|đề
鍊	U+934A	luyện
鍋	U+934B	oa
鍍	U+934D	độ
鍏	U+934F	vi
鍐	U+9350	tông
鍑	U+9351	phúc
鍔	U+9354	ngạc
鍖	U+9356	châm|sẩm
鍘	U+9358	chát|trát
鍚	U+935A	dương
鍛	U+935B	thuyên|thuyến|đoàn|đoán|đoạn
鍜	U+935C	hạ|đoán
鍠	U+9360	bánh|hoàng|huỳnh
鍡	U+9361	úy
鍤	U+9364	sáp|tráp
鍥	U+9365	khiết|khế
鍦	U+9366	thi
鍧	U+9367	nặc|oanh
鍩	U+9369	nặc
鍪	U+936A	mâu
鍫	U+936B	thiêu|thâu
鍬	U+936C	thiêu|thu|thâu
鍭	U+936D	hầu
鍮	U+936E	du|thau|thâu
鍰	U+9370	hoàn|hoãn
鍱	U+9371	diệp|tiết
鍳	U+9373	giám
鍴	U+9374	đoan
鍵	U+9375	kiện
鍶	U+9376	tung|tư
鍹	U+9379	tuyên
鍺	U+937A	chá|giả|đả
鍼	U+937C	châm|hàm|kiềm|trâm
鍾	U+937E	chung
鍿	U+937F	chuy|truy
鎀	U+9380	bạch|tu
鎂	U+9382	mĩ
鎃	U+9383	phách
鎄	U+9384	ai|y
鎇	U+9387	mi
鎉	U+9389	đáp
鎊	U+938A	bang|bàng|bảng
鎋	U+938B	hạt
鎌	U+938C	gươm|liêm
鎍	U+938D	tác
鎏	U+938F	lưu
鎒	U+9392	nậu|ung
鎔	U+9394	dong|dung
鎖	U+9396	toả|tỏa
鎗	U+9397	sang|sanh|thương
鎘	U+9398	cách|lịch
鎚	U+939A	chùy|chúy|trùy|đôi
鎛	U+939B	bác
鎝	U+939D	táp
鎞	U+939E	bế|bề|phê|tỳ
鎡	U+93A1	tư
鎢	U+93A2	ô
鎣	U+93A3	hoảng|oanh|oánh
鎤	U+93A4	hoảng
鎦	U+93A6	lưu|lựu|thiên
鎧	U+93A7	khải
鎨	U+93A8	chuẩn
鎩	U+93A9	sái|sát
鎪	U+93AA	sưu
鎬	U+93AC	cào|cảo|hạo|nhúm
鎭	U+93AD	trấn
鎮	U+93AE	trấn
鎯	U+93AF	lang
鎰	U+93B0	dát|dật
鎲	U+93B2	đảng
鎳	U+93B3	niết
鎵	U+93B5	gia
鎶	U+93B6	cà|nhẹ
鎷	U+93B7	mã
鎸	U+93B8	nã|thuyên|tuyên
鎿	U+93BF	nã
鏀	U+93C0	lỗ
鏁	U+93C1	tỏa
鏂	U+93C2	âu
鏃	U+93C3	thốc
鏇	U+93C7	toàn|tuyền
鏈	U+93C8	liên
鏊	U+93CA	ngao
鏌	U+93CC	mác|mạc
鏍	U+93CD	luy
鏏	U+93CF	duệ|vệ
鏐	U+93D0	liêu|lưu|lựu
鏑	U+93D1	đích
鏕	U+93D5	ao
鏖	U+93D6	ao|ngao
鏗	U+93D7	keng|khanh|trét
鏘	U+93D8	thương|tương
鏚	U+93DA	thích
鏜	U+93DC	thang|đường
鏝	U+93DD	man|mạn
鏞	U+93DE	dong|dung
鏟	U+93DF	sạn|sản
鏡	U+93E1	cảnh|kính|kẻng
鏢	U+93E2	biều|phiêu|tiu|tiêu
鏤	U+93E4	lu|lâu|lũ|lậu
鏥	U+93E5	tú
鏦	U+93E6	thung|tung
鏧	U+93E7	long
鏨	U+93E8	tiệm|trạm|tạm
鏩	U+93E9	tiệm|tất
鏭	U+93ED	tất
鏮	U+93EE	khang
鏰	U+93F0	băng
鏵	U+93F5	hoa
鏷	U+93F7	bộc|mộc|phác
鏸	U+93F8	huệ
鏹	U+93F9	cường|cưỡng|xoang
鏺	U+93FA	bát|bạt
鏻	U+93FB	lân
鏽	U+93FD	tú
鏾	U+93FE	tiển|tán
鐀	U+9400	quỹ
鐁	U+9401	tư
鐂	U+9402	lưu
鐃	U+9403	nao|nghiêu|não|nạo
鐄	U+9404	bịt|hoành|vàng
鐅	U+9405	phiết|táp
鐇	U+9407	phiên
鐋	U+940B	thang|thảng
鐍	U+940D	quyết
鐎	U+940E	tiêu
鐏	U+940F	tôn|tỗn
鐐	U+9410	banh|liên|liêu|liễu|liệu|rìu
鐒	U+9412	lao|xoá
鐓	U+9413	đôi|đôn|đối|đỗi|đội
鐔	U+9414	thiền|tầm|đàm
鐕	U+9415	trâm
鐖	U+9416	châm|ky
鐗	U+9417	giản
鐘	U+9418	chung|chuông|giản
鐙	U+9419	đâng|đăng|đặng
鐚	U+941A	á
鐜	U+941C	nga
鐝	U+941D	quyết|quặc
鐠	U+9420	phô|phổ
鐡	U+9421	nga|thiết
鐦	U+9426	khai
鐧	U+9427	giản
鐨	U+9428	phí
鐩	U+9429	tùy
鐪	U+942A	lỗ
鐫	U+942B	huề|thuyên|tuyên|tuấn
鐭	U+942D	áo
鐮	U+942E	liêm|liềm
鐰	U+9430	khuân|thau
鐱	U+9431	kẽm
鐲	U+9432	chúc|chạc|nang|trạc|trọc|đục
鐳	U+9433	lôi
鐵	U+9435	nga|thiết
鐶	U+9436	hoàn
鐸	U+9438	đạc
鐹	U+9439	quả
鐺	U+943A	sanh|đang|đương
鐻	U+943B	cứ|cứa|cừ|cự|gánh|tý
鐼	U+943C	phần
鐾	U+943E	tý
鐿	U+943F	ý|đương
鑀	U+9440	ái
鑃	U+9443	dao|diêu|điều
鑄	U+9444	chú|chúc
鑅	U+9445	hoàng|lỏng|vành
鑈	U+9448	niệp
鑊	U+944A	hoạch|vạc
鑋	U+944B	khinh
鑌	U+944C	tân|tấn
鑐	U+9450	nhu|tu
鑑	U+9451	giám
鑒	U+9452	giám
鑓	U+9453	sang
鑔	U+9454	sát
鑕	U+9455	chất|chặt|sểnh
鑘	U+9458	lôi|lỗi
鑚	U+945A	toàn|toản
鑛	U+945B	khoáng|quáng
鑜	U+945C	hướng
鑞	U+945E	lạp
鑠	U+9460	thước|thược
鑢	U+9462	lự
鑣	U+9463	biều|phiêu|tiêu
鑤	U+9464	bào|bộc
鑥	U+9465	lỗ
鑧	U+9467	khoan|thoa
鑨	U+9468	xuổng
鑪	U+946A	lô|lư
鑫	U+946B	hàm|hâm|tân
鑬	U+946C	giám
鑭	U+946D	lan|lạn
鑮	U+946E	bạc
鑯	U+946F	sám|tẩm
鑰	U+9470	dược|thược
鑱	U+9471	sàm
鑲	U+9472	nhương|tương
鑴	U+9474	huề
鑵	U+9475	quán
鑶	U+9476	hồ
鑷	U+9477	nhiếp
鑸	U+9478	lôi|lỗi|thoản
鑹	U+9479	thoản
鑼	U+947C	la
鑽	U+947D	toàn|toán|toản|tỏa
鑾	U+947E	loan
鑿	U+947F	tao|tạc
钁	U+9481	quyết|quắc|quặc
钂	U+9482	đảng
钃	U+9483	ca|chúc
钅	U+9485	kim
钆	U+9486	ca
钇	U+9487	ất
针	U+9488	châm|trâm
钉	U+9489	đinh|đính
钊	U+948A	chiêu
钋	U+948B	bộc|phác|phốc
钌	U+948C	liễu|niểu
钍	U+948D	thổ
钎	U+948E	thiên
钏	U+948F	xuyến
钐	U+9490	sam|sán
钑	U+9491	táp
钒	U+9492	phiếm|phàm|phạm
钓	U+9493	điếu
钔	U+9494	môn
钕	U+9495	nục|nữ
钖	U+9496	dương
钗	U+9497	sai|thoa|xoa
钘	U+9498	hình
钙	U+9499	cái
钚	U+949A	bất
钛	U+949B	thái
钜	U+949C	cự
钝	U+949D	độn
钞	U+949E	sao|sào|sáo
钟	U+949F	chung
钠	U+94A0	nạp|nột
钡	U+94A1	bối
钢	U+94A2	cương
钣	U+94A3	bản
钤	U+94A4	kiềm
钥	U+94A5	dược|thược
钦	U+94A6	khâm|khấm
钧	U+94A7	quân
钨	U+94A8	ô
钩	U+94A9	câu
钪	U+94AA	kháng
钫	U+94AB	phương
钬	U+94AC	hỏa
钭	U+94AD	đẩu
钮	U+94AE	nữu
钯	U+94AF	ba|bả
钰	U+94B0	ngọc
钱	U+94B1	tiền|tiễn
钲	U+94B2	chinh
钳	U+94B3	kiềm
钴	U+94B4	cổ
钵	U+94B5	bát
钶	U+94B6	a
钷	U+94B7	phả
钹	U+94B9	bạt
钺	U+94BA	hối|việt
钻	U+94BB	siêm|toàn|toản
钼	U+94BC	mục
钽	U+94BD	đán
钾	U+94BE	giáp
钿	U+94BF	điền
铀	U+94C0	do|dựu|trụ
铁	U+94C1	nga|thiết
铂	U+94C2	bạc|bạch
铃	U+94C3	linh
铄	U+94C4	thước|thược
铅	U+94C5	diên|duyên
铆	U+94C6	mão
铇	U+94C7	bào|bộc
铈	U+94C8	thị
铉	U+94C9	huyền|huyễn
铊	U+94CA	tha|xà
铋	U+94CB	bí|tất
铌	U+94CC	ni
铍	U+94CD	bì|phi
铎	U+94CE	đạc
铏	U+94CF	hình
铐	U+94D0	khảo
铑	U+94D1	lão
铒	U+94D2	nhĩ|nhị
铓	U+94D3	mang
铔	U+94D4	a|á
铕	U+94D5	hữu
铗	U+94D7	giáp|khiếp|kiệp
铘	U+94D8	da
铙	U+94D9	nao|nạo
铚	U+94DA	trất
铛	U+94DB	sanh|đang|đương
铜	U+94DC	đồng
铝	U+94DD	lữ|lự
铞	U+94DE	điếu
铟	U+94DF	nhân
铠	U+94E0	khải
铡	U+94E1	chát|trát
铢	U+94E2	thù
铣	U+94E3	tiển|tiện|tuyến
铤	U+94E4	thính|đĩnh
铥	U+94E5	đâu
铦	U+94E6	quát|thiểm|tiêm
铧	U+94E7	hoa
铨	U+94E8	quyền|thuyên
铩	U+94E9	sái|sát
铪	U+94EA	cáp
铫	U+94EB	dao|diêu|điêu|điều|điệu
铬	U+94EC	các|lạc
铭	U+94ED	minh
铮	U+94EE	tranh
铯	U+94EF	sắc
铰	U+94F0	giảo
铱	U+94F1	y
铲	U+94F2	sạn|sản
铳	U+94F3	súng
铴	U+94F4	thảng
铵	U+94F5	an
银	U+94F6	ngân
铷	U+94F7	như
铸	U+94F8	chú
铹	U+94F9	lao
铺	U+94FA	phô|phố|phổ
铻	U+94FB	ngô|ngữ
铼	U+94FC	lai
铽	U+94FD	thắc
链	U+94FE	liên
铿	U+94FF	khanh
销	U+9500	tiêu
锁	U+9501	tỏa
锂	U+9502	lý
锄	U+9504	sừ|sự
锅	U+9505	oa
锆	U+9506	cáo
锇	U+9507	nga|thiết
锈	U+9508	tú
锉	U+9509	tòa|tỏa
锊	U+950A	luyệt
锋	U+950B	phong
锌	U+950C	tân|tử
锎	U+950E	khai
锏	U+950F	giản
锐	U+9510	duệ|nhuệ|đoái
锑	U+9511	đễ|đệ
锒	U+9512	lang
锓	U+9513	tiêm|tẩm|xâm
锔	U+9514	cuộc|cúc|cư|cục
锕	U+9515	a
锖	U+9516	sanh
锗	U+9517	giả|đả
锘	U+9518	nặc
错	U+9519	thác|thố
锚	U+951A	miêu
锛	U+951B	bôn
锜	U+951C	ky|kỹ
锝	U+951D	đắc
锞	U+951E	quả
锟	U+951F	côn
锠	U+9520	xương|xướng
锡	U+9521	tích
锢	U+9522	cố
锣	U+9523	la
锤	U+9524	chuy|chùy|chúy|truy|đôi
锥	U+9525	chùy|trùy
锦	U+9526	cẩm
锧	U+9527	chất
锨	U+9528	hân
锩	U+9529	quyển
锫	U+952B	bầu|bậu|bồi|loại
锬	U+952C	tiêm|đàm
锭	U+952D	đĩnh
键	U+952E	kiện
锯	U+952F	cư|cứ
锰	U+9530	mãnh|mạnh
锱	U+9531	chuy|tri|truy
锲	U+9532	khiết
锳	U+9533	ương
锴	U+9534	hài|khải
锵	U+9535	thương|tương
锶	U+9536	tung|tư
锷	U+9537	ngạc
锸	U+9538	sáp|tráp
锹	U+9539	thiêu|thâu
锺	U+953A	chung
锻	U+953B	thuyên|thuyến|đoàn|đoán|đoạn
锼	U+953C	sưu
锽	U+953D	hoàng
锾	U+953E	hoàn
锿	U+953F	ai|y
镀	U+9540	độ
镁	U+9541	mĩ
镂	U+9542	lu|lũ|lậu
镃	U+9543	tư
镄	U+9544	phí
镅	U+9545	mi
镆	U+9546	mạc
镇	U+9547	trấn
镈	U+9548	bác
镉	U+9549	cách|lịch
镊	U+954A	nhiếp
镋	U+954B	đảng
镌	U+954C	tuyên
镍	U+954D	niết
镎	U+954E	nã
镏	U+954F	lưu|lựu
镐	U+9550	cảo|hạo
镑	U+9551	bàng|bảng
镒	U+9552	dật
镓	U+9553	gia
镔	U+9554	tân|tấn
镕	U+9555	dong|dung
镖	U+9556	biều|phiêu|tiêu
镗	U+9557	thang
镘	U+9558	man
镚	U+955A	băng
镛	U+955B	dong|dung
镜	U+955C	cảnh|kính
镝	U+955D	đích
镞	U+955E	thốc
镟	U+955F	toàn|tuyền
镠	U+9560	liêu|lưu|lựu
镡	U+9561	thiền|tầm|đàm
镢	U+9562	quyết|quắc|quặc
镣	U+9563	liêu|liệu
镤	U+9564	bộc|phác
镥	U+9565	lỗ
镦	U+9566	đôi|đôn|đối|đỗi|đội
镧	U+9567	lan|lạn|tốn
镨	U+9568	phô|phổ
镩	U+9569	thoản
镪	U+956A	cường|cưỡng
镫	U+956B	đăng|đặng
镬	U+956C	hoạch
镭	U+956D	lôi
镮	U+956E	hoàn
镯	U+956F	chạc|trạc|trọc
镰	U+9570	liêm
镱	U+9571	ý|đương
镲	U+9572	sát
镳	U+9573	tiêu
镴	U+9574	lạp
镵	U+9575	sàm
镶	U+9576	tương
長	U+9577	tràng|trướng|trường|trưởng|trượng
镸	U+9578	tràng|trường|trưởng|trượng
镹	U+9579	cửu
镺	U+957A	áo
镻	U+957B	tràng|trường|trưởng|điệt
长	U+957F	tràng|trướng|trường|trưởng|trượng
門	U+9580	môn
閂	U+9582	soan|thuyên
閃	U+9583	siểm|thiểm
閆	U+9586	diêm
閇	U+9587	bế
閈	U+9588	hãn|hạn
閉	U+9589	bế
閊	U+958A	san
開	U+958B	khai
閌	U+958C	khang|kháng
閍	U+958D	banh|muôn
閎	U+958E	hoành|hoằng
閏	U+958F	nhuận
閑	U+9591	nhàn
閒	U+9592	gian|gián|nhàn
間	U+9593	gian|gián
閔	U+9594	mân|mẫn
閕	U+9595	ha|nhạ|đấu
閗	U+9597	đấu
閘	U+9598	hạp|sáp|sạp|áp
閙	U+9599	náo
閛	U+959B	phanh
閜	U+959C	há
閟	U+959F	bí
閠	U+95A0	nhuận
閡	U+95A1	cai|hãi|hạch|ngại
関	U+95A2	quan
閣	U+95A3	các
閤	U+95A4	các|cáp|hiệp|hạp|hợp
閥	U+95A5	phiệt|phạt
閦	U+95A6	sóc|súc
閧	U+95A7	hống|hổng
閨	U+95A8	khuê
閩	U+95A9	mân|mẫn
閫	U+95AB	khổn
閬	U+95AC	lang|lãng
閭	U+95AD	lư
閱	U+95B1	duyệt
閲	U+95B2	duyệt
閴	U+95B4	khuých|khuất
閵	U+95B5	lận
閶	U+95B6	biền|xương|xướng
閷	U+95B7	sát
閹	U+95B9	yêm
閺	U+95BA	mân|văn
閻	U+95BB	diêm|diễm
閼	U+95BC	yên|át
閽	U+95BD	hôn
閾	U+95BE	quắc|vắc|vặc|vực
閿	U+95BF	căn|văn
闃	U+95C3	khuých|khuất
闆	U+95C6	ban|bản
闇	U+95C7	am|yểm|ám|ảm
闈	U+95C8	vi
闉	U+95C9	nhân
闊	U+95CA	khoát
闋	U+95CB	khuyết|khuê
闌	U+95CC	lan|làn|tào
闍	U+95CD	xà|đồ
闐	U+95D0	điền
闑	U+95D1	niết
闒	U+95D2	thu|thác|tháp|xương|đạp
闓	U+95D3	khai|khải
闔	U+95D4	hạp
闕	U+95D5	khuyết|quyết
闖	U+95D6	sấm
闗	U+95D7	quan
闘	U+95D8	đấu
闙	U+95D9	khải
闚	U+95DA	khuy
關	U+95DC	loan|quan
闞	U+95DE	giảm|hám|hảm|khám
闟	U+95DF	hấp|tháp
闠	U+95E0	hối|hội
闡	U+95E1	siển|xiển|xén
闢	U+95E2	loan|phách|tịch
闤	U+95E4	hoàn
闥	U+95E5	thát
门	U+95E8	môn
闩	U+95E9	soan
闪	U+95EA	siểm|thiểm
闫	U+95EB	diêm
闬	U+95EC	hãn
闭	U+95ED	bế
问	U+95EE	vấn
闯	U+95EF	sấm
闰	U+95F0	nhuận
闱	U+95F1	vi
闲	U+95F2	gian|nhàn
闳	U+95F3	hoành|hoằng
间	U+95F4	gian|gián
闵	U+95F5	mẫn
闶	U+95F6	khang|kháng
闷	U+95F7	bí|muộn|môn
闸	U+95F8	sáp|sạp|áp
闹	U+95F9	nháo|náo
闺	U+95FA	khuê
闻	U+95FB	văn|vấn|vặn
闼	U+95FC	thát
闽	U+95FD	mân
闾	U+95FE	lư
闿	U+95FF	khai|khải
阀	U+9600	phiệt|phạt
阁	U+9601	các
阂	U+9602	ngại
阃	U+9603	khổn
阄	U+9604	cưu
阅	U+9605	duyệt
阆	U+9606	lang|lãng
阇	U+9607	xà|đồ
阈	U+9608	quắc|vặc|vực
阉	U+9609	yêm
阊	U+960A	xương|xướng
阋	U+960B	huých
阌	U+960C	căn|văn
阍	U+960D	hôn
阎	U+960E	diêm|diễm
阏	U+960F	yên|át
阐	U+9610	xiển
阑	U+9611	lan
阒	U+9612	khuých|khuất
阓	U+9613	hối|hội
阔	U+9614	khoát
阕	U+9615	khuyết
阖	U+9616	cáp|hạp
阗	U+9617	điền
阘	U+9618	tháp|đạp
阙	U+9619	khuyết|quyết
阚	U+961A	giảm|hám|hảm|khám
阛	U+961B	hoàn
阜	U+961C	phụ
阝	U+961D	phụ|ấp
阞	U+961E	lặc|đội
队	U+961F	toại|trụy|đội
阠	U+9620	tấn
阡	U+9621	thiên
阢	U+9622	ngột
阤	U+9624	di|dĩ|trĩ|đà
阥	U+9625	âm
阨	U+9628	ách|ải
阩	U+9629	thăng
阪	U+962A	bản|bổn|phản
阫	U+962B	bùi|phôi
阬	U+962C	hàng|khanh|kháng
阮	U+962E	nguyễn
阯	U+962F	chỉ
阰	U+9630	tỳ
阱	U+9631	tỉnh|tịnh
防	U+9632	phòng
阳	U+9633	dương
阴	U+9634	âm|ấm|ầm
阵	U+9635	trận
阶	U+9636	giai
阸	U+9638	ách|ải
阹	U+9639	khư|đương
阺	U+963A	để
阻	U+963B	trở
阼	U+963C	tạc|tộ
阽	U+963D	diêm|tập|điếm
阿	U+963F	a|á|ốc
陀	U+9640	đà
陁	U+9641	di|trĩ|đà
陂	U+9642	bi|bê|bì|bí|pha
附	U+9644	phò|phụ
际	U+9645	tế
陆	U+9646	lục
陇	U+9647	lũng
陈	U+9648	trần|trận
陉	U+9649	hình|kính
陊	U+964A	đọa
陋	U+964B	bính|lậu|nậu
陌	U+964C	bách|mạch
降	U+964D	giáng|hoàng|hàng
陏	U+964F	tùy|đọa
限	U+9650	hạn
陑	U+9651	nhi
陒	U+9652	quỵ
陔	U+9654	cai
陕	U+9655	hiệp|thiểm
陖	U+9656	tuấn
陘	U+9658	hình|kinh|kính
陛	U+965B	bệ
陜	U+965C	hiệp|thiểm|xiểm
陝	U+965D	hiệp|thiểm|xiểm
陞	U+965E	thăng
陟	U+965F	trắc
陡	U+9661	đẩu|đồ
院	U+9662	viện
陣	U+9663	trận
除	U+9664	trừ
陥	U+9665	hãm
陧	U+9667	nghiệt|niết
陨	U+9668	viên|vẫn
险	U+9669	hiểm
陪	U+966A	bồi
陫	U+966B	phỉ
陬	U+966C	trâu|tưu
陭	U+966D	khi|y
陯	U+966F	ất
陰	U+9670	âm|ấm
陲	U+9672	thuỳ|thùy
陳	U+9673	trần|trận
陴	U+9674	bài|bì|bệ|tỳ
陵	U+9675	lăng
陶	U+9676	dao|giao|đào
陷	U+9677	hãm
陸	U+9678	lục
陻	U+967B	nhân|yên
陼	U+967C	chử|đổ
陽	U+967D	dương
陾	U+967E	nhưng
陿	U+967F	hiệp
隁	U+9681	yển
隂	U+9682	âm|ẩm
隃	U+9683	dao|du|tu
隄	U+9684	đê|đề
隅	U+9685	ngung
隆	U+9686	long
隈	U+9688	ôi
隉	U+9689	nghiệt|niết
隊	U+968A	toại|trụy|đội
隋	U+968B	tùy|đọa
隍	U+968D	hoàng|huỳnh|niết
階	U+968E	giai
随	U+968F	tùy
隐	U+9690	ấn|ẩn
隑	U+9691	cái|kỳ|ngai
隒	U+9692	nghiệm
隓	U+9693	đọa
隔	U+9694	cách
隕	U+9695	viên|vẫn
隖	U+9696	ổ
隗	U+9697	ngôi|ngỗi
隘	U+9698	ách|ải
隙	U+9699	khích
際	U+969B	tế
障	U+969C	chương|chướng
隝	U+969D	đảo
隞	U+969E	ngao
隟	U+969F	khích
隠	U+96A0	ẩn
隢	U+96A2	lĩnh
隣	U+96A3	lân
隤	U+96A4	đồi
隥	U+96A5	đặng
隧	U+96A7	toại|trụy
隨	U+96A8	tuỳ|tùy
隩	U+96A9	áo|úc
險	U+96AA	hiểm
隫	U+96AB	phần|phẫn
隮	U+96AE	tê|tề|tễ
隯	U+96AF	đào
隰	U+96B0	thấp
隱	U+96B1	ấn|ẩn
隲	U+96B2	chất
隳	U+96B3	huy|hủy
隴	U+96B4	luống|lũng
隶	U+96B6	lệ|đãi
隷	U+96B7	lệ
隸	U+96B8	lệ|đãi
隹	U+96B9	chuy|duy
隺	U+96BA	hạc|hộc
隻	U+96BB	chiếc|chích|chỉ
隼	U+96BC	chuẩn
隽	U+96BD	tuyến|tuyển|tuấn
难	U+96BE	na|nan|nạn
雀	U+96C0	tước
雁	U+96C1	nhạn
雄	U+96C4	hùng
雅	U+96C5	nha|nhã
集	U+96C6	tập
雇	U+96C7	cố
雉	U+96C9	trĩ
雊	U+96CA	cấu|cẩu
雋	U+96CB	tuyến|tuyển|tuấn
雌	U+96CC	thư
雍	U+96CD	ung|úng|ủng
雎	U+96CE	sư|sồ|thư
雏	U+96CF	sồ
雑	U+96D1	tạp
雒	U+96D2	lạc
雓	U+96D3	dư
雔	U+96D4	chuy|thù
雕	U+96D5	điêu
雖	U+96D6	duy|tuy
雗	U+96D7	hàn
雘	U+96D8	hoạch|hộ
雙	U+96D9	song
雚	U+96DA	quán
雛	U+96DB	sồ|trâu
雜	U+96DC	tạp
雝	U+96DD	ung|ủng
雞	U+96DE	kê
雟	U+96DF	huề|thù|tủy
雠	U+96E0	thù
離	U+96E2	li|ly|lệ
難	U+96E3	na|nan|nạn
雥	U+96E5	tạp|tập
雦	U+96E6	tập
雧	U+96E7	tập
雨	U+96E8	vú|vũ|vụ
雩	U+96E9	hu|vu|vụ
雪	U+96EA	tuyết
雯	U+96EF	văn
雰	U+96F0	phân
雱	U+96F1	bàng|phương
雲	U+96F2	vân
雳	U+96F3	lịch
雴	U+96F4	lập|rợp
雵	U+96F5	ẩm
零	U+96F6	linh|lênh
雷	U+96F7	lôi|lỗi|lụy
雹	U+96F9	bão|bạc|bạo
雺	U+96FA	mông|vụ
電	U+96FB	điện
雾	U+96FE	vụ
雿	U+96FF	điều
需	U+9700	nhu|nhuyễn|nọa|tu
霁	U+9701	tế|tễ
霂	U+9702	móc|mộc|đong
霃	U+9703	trầm
霄	U+9704	tiêu
霅	U+9705	hiệp|sáp|tráp
霆	U+9706	đình
震	U+9707	chấn
霈	U+9708	bái|pháy
霉	U+9709	mi|môi|mỗi|vi
霍	U+970D	hoắc|quắc
霎	U+970E	siếp|sáp|sát|thiếp|tiếp|đà
霏	U+970F	phay|phi|uyên
霐	U+9710	hoằng
霑	U+9711	dìm|thiêm|tiêm|triêm
霒	U+9712	âm
霓	U+9713	nghi|nghê
霖	U+9716	lâm
霙	U+9719	anh
霚	U+971A	vụ
霛	U+971B	linh
霜	U+971C	sương
霝	U+971D	linh
霞	U+971E	hà
霡	U+9721	mạch
霢	U+9722	mạch
霣	U+9723	vẫn
霤	U+9724	lựu
霦	U+9726	khoáng
霧	U+9727	mông|vụ
霨	U+9728	uất|úy
霩	U+9729	khoách|khuếch
霪	U+972A	dâm|dầm
霫	U+972B	tập
霬	U+972C	lựu
霭	U+972D	ái|ải
霮	U+972E	đạm
霯	U+972F	đặng
霰	U+9730	tán|tản
霱	U+9731	duật
露	U+9732	loan|lộ
霳	U+9733	long
霶	U+9736	bàng
霸	U+9738	bá|phách
霹	U+9739	loan|phích|soạn|tích|tịch
霻	U+973B	phong
霼	U+973C	hý
霽	U+973D	tế|tễ
霾	U+973E	mai|mại
霿	U+973F	mông|mậu|mộng|vụ
靀	U+9740	mông|mống
靁	U+9741	lôi
靂	U+9742	loan|lịch|rích
靃	U+9743	hoắc
靄	U+9744	ai|ái|ải
靆	U+9746	đãi
靇	U+9747	linh|long|lung
靈	U+9748	linh
靉	U+9749	ái
靊	U+974A	phong
靋	U+974B	lịch
靌	U+974C	bảo|bửu
靑	U+9751	thanh
青	U+9752	thanh|thế|tịnh
靓	U+9753	tịnh
靔	U+9754	thiên
靖	U+9756	tĩnh|tịnh
靘	U+9758	sảnh|tĩnh|tịnh
静	U+9759	tĩnh|tịnh
靚	U+975A	tịnh
靛	U+975B	điện|đĩnh
靜	U+975C	tranh|tĩnh|tịnh
靝	U+975D	thiên
非	U+975E	phi|phỉ
靠	U+9760	chương|kháo|khốc
靡	U+9761	mi|mĩ|mị|quyết
面	U+9762	diện|miến
靣	U+9763	diện
靤	U+9764	bạo|yếp|yểm
靥	U+9765	yếp|yểm
靦	U+9766	miễn|thiển|điến|điển
靧	U+9767	hối
靨	U+9768	diệp|yếp|yểm
革	U+9769	cách|cức
靪	U+976A	đinh|ất
靫	U+976B	xoa
靭	U+976D	nhận
靮	U+976E	đích
靰	U+9770	ngột
靲	U+9772	cầm
靳	U+9773	cận
靴	U+9774	ngoa
靶	U+9776	ba|bá|bả
靷	U+9777	dẫn
靸	U+9778	táp
靺	U+977A	mạt
靼	U+977C	đát
靽	U+977D	bán|bạn
靾	U+977E	duệ|tiết|đoái
靿	U+977F	áo
鞀	U+9780	đào
鞁	U+9781	bị
鞂	U+9782	hoành|kiết
鞃	U+9783	hoành|hoằng
鞄	U+9784	bào|bạc
鞅	U+9785	óng|ương|ưởng
鞇	U+9787	nhân
鞉	U+9789	đào
鞋	U+978B	hài
鞌	U+978C	an
鞍	U+978D	an|yên
鞏	U+978F	củng
鞑	U+9791	thát|đạt
鞒	U+9792	khiêu|tuyệt
鞓	U+9793	thinh
鞔	U+9794	man|muộn
鞗	U+9797	điều
鞘	U+9798	sao|sáo|tiêu|tiếu
鞚	U+979A	khống|quýnh
鞜	U+979C	chưởng|tháp|thượng
鞝	U+979D	chưởng|thượng
鞞	U+979E	bì|bỉ|tỳ
鞟	U+979F	khoách|khuếch
鞠	U+97A0	cúc
鞡	U+97A1	lạp
鞢	U+97A2	tiếp
鞣	U+97A3	nhu
鞤	U+97A4	bang
鞥	U+97A5	nhăng|nhưng
鞦	U+97A6	thu
鞧	U+97A7	thu
鞨	U+97A8	hạt|mạt
鞪	U+97AA	mâu
鞫	U+97AB	cúc
鞬	U+97AC	kiền|kiện|siên
鞭	U+97AD	tiên
鞮	U+97AE	câu|đê
鞯	U+97AF	tiên
鞲	U+97B2	câu
鞳	U+97B3	tháp|đáp
鞴	U+97B4	bại|bị|bố|câu
鞵	U+97B5	hài
鞶	U+97B6	bàn
鞷	U+97B7	lưu
鞸	U+97B8	bí|tất
鞹	U+97B9	khoác|khoách|khuếch|thang
鞺	U+97BA	thang
鞻	U+97BB	lâu
鞼	U+97BC	quỹ
鞾	U+97BE	ngoa
鞿	U+97BF	cơ|ky
韁	U+97C1	cương
韃	U+97C3	thát|đạt
韄	U+97C4	hoạch
韅	U+97C5	hiển
韆	U+97C6	thiên
韇	U+97C7	độc
韈	U+97C8	miệt|mạt|vạt
韉	U+97C9	tiên|tiến
韊	U+97CA	lan
韋	U+97CB	vi
韌	U+97CC	nhẫn|nhận
韍	U+97CD	phất
韎	U+97CE	muội
韐	U+97D0	cáp
韒	U+97D2	tiếu
韓	U+97D3	hàn
韔	U+97D4	sướng|xướng
韗	U+97D7	vận
韘	U+97D8	nhiếp|thiếp
韙	U+97D9	vĩ|vị
韛	U+97DB	bại|bị|bộ
韜	U+97DC	sáo|thao
韝	U+97DD	câu
韞	U+97DE	uẩn|ôn
韠	U+97E0	tất
韡	U+97E1	tất|vĩ
韣	U+97E3	độc
韤	U+97E4	miệt|mạt|vạt
韥	U+97E5	nhận|độc
韦	U+97E6	vi
韧	U+97E7	nhẫn|nhận
韨	U+97E8	phất
韩	U+97E9	hàn
韪	U+97EA	vĩ|vị
韫	U+97EB	uẩn|ôn
韬	U+97EC	sáo|thao
韭	U+97ED	cửu
韮	U+97EE	cửu|phỉ
韰	U+97F0	giới
韱	U+97F1	tiêm
韲	U+97F2	tê
音	U+97F3	âm|ấm
韵	U+97F5	vần|vận
韶	U+97F6	thiều
韹	U+97F9	hoàng|hoành|huỳnh
韺	U+97FA	anh
韻	U+97FB	vận
韽	U+97FD	am
韾	U+97FE	thanh
響	U+97FF	hướng|hưởng
頀	U+9800	hộ
頁	U+9801	hiệt
頂	U+9802	đính|đỉnh
頃	U+9803	khoảnh|khuynh|khuể
頄	U+9804	cừu
項	U+9805	hạng
順	U+9806	thuận
頇	U+9807	han|hiên
須	U+9808	tu|tua
頉	U+9809	di
頊	U+980A	húc
頌	U+980C	dung|tụng
頍	U+980D	khuể|khởi|quỹ
頎	U+980E	khẩn|kì|kỳ|ạt
頏	U+980F	cang|hàng|kháng
預	U+9810	dự
頑	U+9811	ngoan|ngoạn
頒	U+9812	ban|phân|phần
頓	U+9813	đốc|đốn
頔	U+9814	địch
頖	U+9816	phán
頗	U+9817	pha|phả|phở
領	U+9818	linh|lãnh|lĩnh
頚	U+981A	cảnh
頜	U+981C	cáp|hàm|hạp|át
頞	U+981E	át
頟	U+981F	ngạch
頠	U+9820	ngỗi
頡	U+9821	giáp|gật|hiệt|kiết
頣	U+9823	di
頤	U+9824	di
頥	U+9825	di
頦	U+9826	cai|hài
頩	U+9829	bính
頫	U+982B	phủ|thiếu|triệu
頬	U+982C	giáp
頭	U+982D	đầu
頮	U+982E	hối
頯	U+982F	hối|quỳ|quỹ
頰	U+9830	giáp
頲	U+9832	thính|đĩnh
頳	U+9833	trinh|xanh
頴	U+9834	dĩnh|nhánh
頵	U+9835	quần
頷	U+9837	hàm|hạm
頸	U+9838	cảnh
頹	U+9839	đồi
頺	U+983A	đồi
頻	U+983B	tần
頼	U+983C	lại
頽	U+983D	đồi
頾	U+983E	tư|tỳ
顀	U+9840	trùy
顁	U+9841	đính
顄	U+9844	hàm|hạm
顅	U+9845	kiên
顆	U+9846	khõa|khỏa
顇	U+9847	tụy
顈	U+9848	cảnh|quýnh
顉	U+9849	khâm
顋	U+984B	tai
題	U+984C	đề|đệ
額	U+984D	ngạch
顎	U+984E	bàng|ngạc
顏	U+984F	nhan
顒	U+9852	dong|ngung|ngóng
顓	U+9853	chuyên
顔	U+9854	nhan
顕	U+9855	hiển
顖	U+9856	tín|tấn
顗	U+9857	nghĩ|nghị|ỷ
願	U+9858	nguyện
顙	U+9859	tảng
顚	U+985A	điên
顛	U+985B	điên
顜	U+985C	giảng
顝	U+985D	cốt
類	U+985E	loại
顠	U+9860	phiếu
顢	U+9862	man
顣	U+9863	túc|xúc
顤	U+9864	nghiêu
顥	U+9865	hiệu|hạo
顦	U+9866	tiều
顧	U+9867	cố
顨	U+9868	tốn
顩	U+9869	nghiễm
顪	U+986A	hối
顫	U+986B	chiên|chiến|đàn|đản
顬	U+986C	nhu
顮	U+986E	tân
顯	U+986F	hiển
顰	U+9870	tần
顱	U+9871	lâu|lô|lư
顳	U+9873	nhiếp
顴	U+9874	quyền
页	U+9875	hiệt
顶	U+9876	đính|đỉnh
顷	U+9877	khoảnh|khuynh|khuể
顸	U+9878	han
项	U+9879	hạng
顺	U+987A	thuận
须	U+987B	tu
顼	U+987C	húc
顽	U+987D	ngoan|ngoạn
顾	U+987E	cố
顿	U+987F	đốc|đốn
颀	U+9880	khẩn|kỳ
颁	U+9881	ban|phân|phần
颂	U+9882	dung|tụng
颃	U+9883	cang|hàng|kháng
预	U+9884	dự
颅	U+9885	lô|lư
领	U+9886	lãnh|lĩnh
颇	U+9887	pha|phả
颈	U+9888	cảnh
颉	U+9889	giáp|hiệt|kiết
颊	U+988A	giáp
颋	U+988B	thính|đĩnh
颌	U+988C	cáp|hạp
颍	U+988D	dĩnh|toánh
颎	U+988E	huỳnh|quýnh
颏	U+988F	cai|hài
颐	U+9890	di
频	U+9891	tần
颒	U+9892	hối
颓	U+9893	đôi|đồi
颔	U+9894	hàm|hạm
颕	U+9895	dĩnh
颖	U+9896	dĩnh
颗	U+9897	khỏa
题	U+9898	đề|đệ
颙	U+9899	ngung
颚	U+989A	ngạc
颛	U+989B	chuyên
颜	U+989C	nhan
额	U+989D	ngạch
颞	U+989E	nhiếp
颟	U+989F	man
颠	U+98A0	điên
颡	U+98A1	tảng
颢	U+98A2	hiệu|hạo
颣	U+98A3	lỗi
颤	U+98A4	chiến|đản
颥	U+98A5	nhu
颦	U+98A6	tần
颧	U+98A7	quyền
風	U+98A8	phong|phóng|phúng
颩	U+98A9	phàm
颭	U+98AD	chiêm|chiểm|triển
颮	U+98AE	bào|bão|phác
颯	U+98AF	phong|táp
颰	U+98B0	bạt
颱	U+98B1	di|thai|đài
颲	U+98B2	liệt
颳	U+98B3	quát
颶	U+98B6	cụ
颸	U+98B8	ti|ty|tư
颹	U+98B9	vĩ
颺	U+98BA	dương
颻	U+98BB	dao|diêu
颼	U+98BC	du|sâu|sưu
颽	U+98BD	khải
颿	U+98BF	phiếm|phàm
飀	U+98C0	lưu
飁	U+98C1	tập
飂	U+98C2	liêu
飃	U+98C3	phiêu
飄	U+98C4	phiêu
飅	U+98C5	lưu
飆	U+98C6	biều|tiên|tiêu
飇	U+98C7	biều|tiêu
飈	U+98C8	biểu
飉	U+98C9	liêu
飋	U+98CB	sắt
飌	U+98CC	phong
飍	U+98CD	hu|phong|phúng
风	U+98CE	phong|phúng
飏	U+98CF	dương
飐	U+98D0	chiểm|triển
飑	U+98D1	bào|phác
飒	U+98D2	táp
飓	U+98D3	cụ
飔	U+98D4	ty
飕	U+98D5	sâu|sưu
飖	U+98D6	dao|diêu
飗	U+98D7	lưu
飘	U+98D8	phiêu
飙	U+98D9	biều|tiêu
飚	U+98DA	biểu
飛	U+98DB	phi
飜	U+98DC	phiên
飝	U+98DD	phi
飞	U+98DE	phi
食	U+98DF	thặc|thực|tự
飠	U+98E0	thặc|thực|tự
飡	U+98E1	tôn|xan
飢	U+98E2	cơ|ky
飣	U+98E3	đính
飤	U+98E4	tự
飥	U+98E5	thác
飧	U+98E7	san|sôn|tôn|xan
飨	U+98E8	hưởng
飩	U+98E9	tuân|đốn|đồn
飪	U+98EA	nhẫm|nhậm
飫	U+98EB	bão|sum|ốc|ứ
飭	U+98ED	sức
飮	U+98EE	ấm|ẩm
飯	U+98EF	phãn|phạn
飰	U+98F0	phạn
飱	U+98F1	san|sôn|tôn|xan
飲	U+98F2	ấm|ẩm
飴	U+98F4	di|tự
飵	U+98F5	tộ
飶	U+98F6	tất
飼	U+98FC	tứ|tự
飽	U+98FD	bão
飾	U+98FE	sức
飿	U+98FF	đốt|đột
餀	U+9900	hải
餁	U+9901	nhẫm
餂	U+9902	thiểm|điềm
餃	U+9903	giáo|giảo|hiệu|kiểu
餄	U+9904	hợp
餅	U+9905	bánh|bính
餈	U+9908	tư
餉	U+9909	hướng|quỹ
養	U+990A	dường|dưỡng|dượng|dạng
餌	U+990C	nhĩ|nhị
餍	U+990D	yếm
餎	U+990E	lạc
餐	U+9910	san|xan
餑	U+9911	bột
餒	U+9912	nuôi|nỗi
餓	U+9913	ngã|ngạ
餔	U+9914	bô|bổ|bộ
餕	U+9915	tuấn
餖	U+9916	đậu
餗	U+9917	tốc
餘	U+9918	dư
餙	U+9919	sức
餚	U+991A	hào
餛	U+991B	hồn
餜	U+991C	quả
餞	U+991E	tiễn
餟	U+991F	chuyết
餠	U+9920	bính
餡	U+9921	hãm|xiểm
餢	U+9922	bẫu
餤	U+9924	đàm|đạm
餦	U+9926	trương
餧	U+9927	nỗi|ủy
館	U+9928	quán
餩	U+9929	ách
餪	U+992A	noãn
餫	U+992B	hồn
餬	U+992C	hồ
餮	U+992E	thiết
餯	U+992F	hối
餱	U+9931	hầu
餲	U+9932	hạt|ái|át|ưởi|ế
餳	U+9933	dương|dường|đường
餴	U+9934	phân
餵	U+9935	ủy
餶	U+9936	cốt
餹	U+9939	đường
餺	U+993A	bác
餻	U+993B	cao|tố
餼	U+993C	hi|hy|hí|hý|khái|khí
餽	U+993D	quỵ|quỹ
餾	U+993E	lưu|lựu
餿	U+993F	lãn|sưu
饀	U+9940	khám|thao|đào
饁	U+9941	diệp|ấp
饃	U+9943	mô
饅	U+9945	man
饇	U+9947	ốc|ứ
饈	U+9948	tu
饉	U+9949	cầm|cẩn|cận
饊	U+994A	tán|tản
饋	U+994B	quỹ
饌	U+994C	soạn|tuyển
饍	U+994D	thiện
饎	U+994E	sí|xí
饐	U+9950	ý
饑	U+9951	cơ|ky
饒	U+9952	nhiêu
饓	U+9953	côn
饔	U+9954	ung
饕	U+9955	thao
饗	U+9957	hưởng
饘	U+9958	chiên
饙	U+9959	phân
饛	U+995B	mông
饜	U+995C	yếm
饝	U+995D	ma
饞	U+995E	sàm|thèm
饟	U+995F	hướng
饡	U+9961	tán
饢	U+9962	hướng|nang|nãng
饣	U+9963	thặc|thực|tự
饤	U+9964	đính
饥	U+9965	cơ|ky
饦	U+9966	thác
饧	U+9967	dương|đường
饨	U+9968	đồn
饩	U+9969	hy|hý|khái
饪	U+996A	nhẫm
饫	U+996B	ốc|ứ
饬	U+996C	sức
饭	U+996D	phãn|phạn
饮	U+996E	ấm|ẩm
饯	U+996F	tiễn
饰	U+9970	sức
饱	U+9971	bão
饲	U+9972	tự
饳	U+9973	đốt|đột
饴	U+9974	di|tự
饵	U+9975	nhĩ|nhị
饶	U+9976	nhiêu
饷	U+9977	hướng
饸	U+9978	hợp
饹	U+9979	lạc
饺	U+997A	giáo|giảo|kiểu
饻	U+997B	túc
饼	U+997C	bính
饽	U+997D	bột
饾	U+997E	đậu
饿	U+997F	ngã|ngạ
馀	U+9980	dư
馁	U+9981	nỗi
馂	U+9982	tuấn
馃	U+9983	quả
馄	U+9984	hồn
馅	U+9985	hãm
馆	U+9986	quán
馈	U+9988	quỹ
馉	U+9989	cốt
馊	U+998A	sưu
馋	U+998B	sàm
馌	U+998C	diệp|ấp
馍	U+998D	ma|mô
馎	U+998E	bác
馏	U+998F	lưu|lựu
馐	U+9990	tu
馑	U+9991	cận
馒	U+9992	man
馓	U+9993	tán|tản
馔	U+9994	soạn|tuyển
馕	U+9995	hướng|nang|nãng
首	U+9996	thú|thủ
馗	U+9997	quỳ
馘	U+9998	các|hức|quắc
香	U+9999	hương
馝	U+999D	tất
馞	U+999E	bột
馡	U+99A1	phi
馣	U+99A3	am|biệt
馤	U+99A4	hạt|ái
馥	U+99A5	phúc|phốc|phục|phức
馨	U+99A8	hanh|hinh|hấn
馬	U+99AC	mã
馭	U+99AD	ngự|ngựa
馮	U+99AE	bằng|phùng
馯	U+99AF	han|khan
馱	U+99B1	đà|đạ
馲	U+99B2	thác|trách
馳	U+99B3	khu|trì
馴	U+99B4	huấn|thuần|tuấn|tuần
馵	U+99B5	chú|chúc
馹	U+99B9	nhật
馺	U+99BA	táp
馻	U+99BB	chấp|duyện
馽	U+99BD	chấp|trập
馿	U+99BF	lư
駁	U+99C1	bác
駂	U+99C2	bảo
駃	U+99C3	khoái|khu|quyết
駄	U+99C4	đà
駈	U+99C8	khu
駉	U+99C9	quynh|xinh
駊	U+99CA	phả
駋	U+99CB	chiêu
駍	U+99CD	phanh
駏	U+99CF	cự
駐	U+99D0	trú
駑	U+99D1	nô
駒	U+99D2	câu
駓	U+99D3	phi
駔	U+99D4	tảng|tổ
駕	U+99D5	gia|giá
駖	U+99D6	nghiệm|trừu
駗	U+99D7	trân
駘	U+99D8	bảnh|thai|đài|đãi
駙	U+99D9	phiếu|phò|phụ
駛	U+99DB	sử
駜	U+99DC	bật|trách
駝	U+99DD	đà
駞	U+99DE	đà
駟	U+99DF	tứ
駡	U+99E1	mạ
駢	U+99E2	biền|bền
駣	U+99E3	đào
駥	U+99E5	nhung
駧	U+99E7	quynh
駪	U+99EA	sân
駫	U+99EB	nhĩ|quynh
駬	U+99EC	nhĩ
駭	U+99ED	hãi
駮	U+99EE	bác
駰	U+99F0	nhân
駱	U+99F1	lạc
駴	U+99F4	giới|hãi
駵	U+99F5	lưu
駶	U+99F6	tẩu
駷	U+99F7	tẩu
駸	U+99F8	nghiệm|xâm|xăm
駹	U+99F9	mang
駺	U+99FA	lang
駻	U+99FB	hãn
駾	U+99FE	thoái
駿	U+99FF	tuấn
騀	U+9A00	ngã
騁	U+9A01	sánh|sính
騂	U+9A02	tinh|tuynh
騃	U+9A03	ngai|ngãi|ngốc|sĩ
騄	U+9A04	lục
騅	U+9A05	choai|chuy|duy|truy
騆	U+9A06	chu
騇	U+9A07	thu|xá
騈	U+9A08	biền
騉	U+9A09	côn
騋	U+9A0B	lai
騌	U+9A0C	tung|tông
騍	U+9A0D	khóa|khỏa
騎	U+9A0E	kị|kỵ
騏	U+9A0F	kỳ
騐	U+9A10	nghiệm
騑	U+9A11	phi
騖	U+9A16	vụ
騗	U+9A17	biển
騙	U+9A19	biên|biển|hy|phiến
騜	U+9A1C	hoàng
騞	U+9A1E	hoạch|hạch|đề
騠	U+9A20	đề
騢	U+9A22	hà
騣	U+9A23	tông
騤	U+9A24	quyết|quỳ
騥	U+9A25	nhu
騧	U+9A27	oa|qua|quai
騨	U+9A28	đàn
騩	U+9A29	quỷ
騪	U+9A2A	sưu
騫	U+9A2B	khiên|kiển
騬	U+9A2C	tăng
騭	U+9A2D	chí|chất
騮	U+9A2E	lưu
騯	U+9A2F	bàng
騰	U+9A30	đằng
騱	U+9A31	hề|thảo
騲	U+9A32	thảo
騴	U+9A34	yến
騵	U+9A35	nguyên
騶	U+9A36	sô|trâu
騷	U+9A37	tao
騸	U+9A38	phiến|phiếu|thiến
騹	U+9A39	kỳ
騺	U+9A3A	chí
騻	U+9A3B	sương|sảng
騽	U+9A3D	tập
騾	U+9A3E	la|loa
驀	U+9A40	mạch|mộ
驁	U+9A41	ngao|ngạo
驂	U+9A42	tham
驃	U+9A43	phiêu|phiếu|than
驄	U+9A44	thông
驅	U+9A45	khu|khú|sái|xúi
驇	U+9A47	chí
驈	U+9A48	duật
驉	U+9A49	hư
驊	U+9A4A	hoa
驌	U+9A4C	túc
驍	U+9A4D	kiêu
驎	U+9A4E	lân
驏	U+9A4F	sạn
驑	U+9A51	lưu
驒	U+9A52	đàn
驓	U+9A53	tặng
驔	U+9A54	đàm
驕	U+9A55	kiêu
驖	U+9A56	thiết
驗	U+9A57	nghiệm
驘	U+9A58	la|loa
驙	U+9A59	chiên
驚	U+9A5A	kinh
驛	U+9A5B	dịch
驝	U+9A5D	thác
驞	U+9A5E	phân
驟	U+9A5F	sậu|trứu
驠	U+9A60	yến
驡	U+9A61	long
驢	U+9A62	lư|lừa
驤	U+9A64	tương
驥	U+9A65	kí|ký
驦	U+9A66	sương
驨	U+9A68	huề
驩	U+9A69	hoan
驪	U+9A6A	ly
驫	U+9A6B	bưu|mã
马	U+9A6C	mã
驭	U+9A6D	ngự
驮	U+9A6E	đà|đạ
驯	U+9A6F	huấn|thuần|tuần
驰	U+9A70	trì
驱	U+9A71	khu|khú|ẩu
驲	U+9A72	nhật
驳	U+9A73	bác
驴	U+9A74	lư
驵	U+9A75	tảng|tổ
驶	U+9A76	sử
驷	U+9A77	tứ
驸	U+9A78	phiếu|phò|phụ
驹	U+9A79	câu
驺	U+9A7A	sô|trâu
驻	U+9A7B	trú
驼	U+9A7C	đà
驽	U+9A7D	nô
驾	U+9A7E	giá
驿	U+9A7F	dịch
骀	U+9A80	thai|đài|đãi
骁	U+9A81	kiêu
骂	U+9A82	mạ
骃	U+9A83	nhân
骄	U+9A84	kiêu
骅	U+9A85	hoa
骆	U+9A86	lạc
骇	U+9A87	hãi
骈	U+9A88	biền
骉	U+9A89	bưu
骊	U+9A8A	ly
骋	U+9A8B	sính
验	U+9A8C	nghiệm
骍	U+9A8D	tinh|tuynh
骎	U+9A8E	xâm
骏	U+9A8F	tuấn
骐	U+9A90	kỳ
骑	U+9A91	kỳ|kỵ
骒	U+9A92	khóa|khỏa
骓	U+9A93	chuy
骔	U+9A94	tung|tông
骖	U+9A96	tham
骗	U+9A97	biển|phiến
骘	U+9A98	chí|chất
骙	U+9A99	quyết|quỳ
骚	U+9A9A	tao
骛	U+9A9B	vụ
骜	U+9A9C	ngao|ngạo
骝	U+9A9D	lưu
骞	U+9A9E	khiên|kiển
骟	U+9A9F	phiến|phiếu
骠	U+9AA0	phiêu|phiếu
骡	U+9AA1	la|loa|đồn
骢	U+9AA2	thông
骣	U+9AA3	sạn
骤	U+9AA4	sậu|trứu
骥	U+9AA5	ký
骦	U+9AA6	sương
骧	U+9AA7	tương
骨	U+9AA8	cốt
骪	U+9AAA	ủy
骫	U+9AAB	ủy
骭	U+9AAD	càn|cán
骯	U+9AAF	ang|khảng
骰	U+9AB0	cổ|sắc|đầu
骱	U+9AB1	giới
骲	U+9AB2	bão|bí|bị
骳	U+9AB3	bí|bị
骴	U+9AB4	tỳ
骵	U+9AB5	thể
骶	U+9AB6	để
骷	U+9AB7	cô|khô
骸	U+9AB8	hài
骹	U+9AB9	hầu|khao
骺	U+9ABA	hô|hầu
骻	U+9ABB	khóa|khỏa
骼	U+9ABC	cách|lạc
骽	U+9ABD	thù|thối
骾	U+9ABE	cánh|ngạnh
骿	U+9ABF	biền
髀	U+9AC0	bễ
髁	U+9AC1	khóa|khõa|khỏa
髂	U+9AC2	khách
髅	U+9AC5	lâu|vày
髆	U+9AC6	bác
髈	U+9AC8	bảng
髊	U+9ACA	khoan|tỳ
髋	U+9ACB	khoan
髌	U+9ACC	bận|tẫn
髍	U+9ACD	ma
髏	U+9ACF	lâu
髐	U+9AD0	hao|hiêu
髑	U+9AD1	độc
髒	U+9AD2	tang|táng|tạng|tảng
髓	U+9AD3	tuỷ|tủy
體	U+9AD4	thể
髕	U+9AD5	bận|tẫn
髖	U+9AD6	khoan
髗	U+9AD7	lô|lư
高	U+9AD8	cao
髙	U+9AD9	cao
髟	U+9ADF	bưu|sam|tiêu
髠	U+9AE0	khôn
髡	U+9AE1	khôn
髢	U+9AE2	thế
髣	U+9AE3	phưởng|phảng
髤	U+9AE4	hưu
髥	U+9AE5	nhiêm
髦	U+9AE6	mao
髧	U+9AE7	đạm|đảm
髨	U+9AE8	khôn
髩	U+9AE9	mấn|tấn
髪	U+9AEA	phát
髫	U+9AEB	thiều|điều
髬	U+9AEC	phi
髭	U+9AED	thử|tì|tư|tỳ
髮	U+9AEE	bị|phát
髯	U+9AEF	nhiêm|nhiễm|nhẹm
髰	U+9AF0	phộc
髲	U+9AF2	bị
髳	U+9AF3	mao|mâu
髴	U+9AF4	phí|phất
髵	U+9AF5	nhi
髶	U+9AF6	nhung
髹	U+9AF9	hưu
髺	U+9AFA	kế|quát
髻	U+9AFB	cát|kế|kết
髼	U+9AFC	bồng
髽	U+9AFD	qua|toa|tọa
髾	U+9AFE	sao
髿	U+9AFF	ta
鬀	U+9B00	thế
鬁	U+9B01	lị|lợi|lỵ|thích
鬂	U+9B02	bấn|mấn|tấn
鬃	U+9B03	tung|tông
鬄	U+9B04	thích|thế
鬅	U+9B05	bằng
鬆	U+9B06	tung|tông|tùng
鬇	U+9B07	tranh
鬈	U+9B08	quyền|quyển
鬉	U+9B09	tông
鬊	U+9B0A	thuấn
鬋	U+9B0B	tiên|tiễn
鬌	U+9B0C	đọa|đỏa
鬍	U+9B0D	hồ
鬎	U+9B0E	lạt|thích
鬏	U+9B0F	thu
鬐	U+9B10	kì|kỳ
鬑	U+9B11	liêm
鬒	U+9B12	chân|chẩn
鬓	U+9B13	mấn|tấn
鬕	U+9B15	mạc
鬖	U+9B16	tam
鬗	U+9B17	man
鬘	U+9B18	man
鬙	U+9B19	man|tăng
鬚	U+9B1A	tu
鬛	U+9B1B	liệp
鬜	U+9B1C	gian
鬝	U+9B1D	gian
鬟	U+9B1F	hoàn|ly|thôi
鬠	U+9B20	quái|xoáy
鬡	U+9B21	nanh|ninh
鬢	U+9B22	ký|mấn|tấn
鬣	U+9B23	liệp
鬤	U+9B24	nhương
鬥	U+9B25	đấu|đẩu
鬦	U+9B26	đấu
鬧	U+9B27	nháo|náo
鬨	U+9B28	hạng|hống
鬩	U+9B29	huých
鬪	U+9B2A	đấu
鬫	U+9B2B	cưu|hám
鬬	U+9B2C	đấu
鬭	U+9B2D	đấu
鬮	U+9B2E	cưu
鬯	U+9B2F	cự|sưởng
鬰	U+9B30	uất
鬱	U+9B31	uất|úc
鬲	U+9B32	cách|lịch
鬴	U+9B34	phũ|phủ
鬵	U+9B35	tiềm|tầm|tẩm
鬷	U+9B37	tông
鬺	U+9B3A	thương
鬻	U+9B3B	chúc|chử|dục
鬼	U+9B3C	quỷ
鬽	U+9B3D	mị
鬾	U+9B3E	kỵ
鬿	U+9B3F	kỳ
魁	U+9B41	khôi
魂	U+9B42	hồn
魃	U+9B43	bạt|cánh
魄	U+9B44	bạc|phách|thác
魅	U+9B45	mị
魆	U+9B46	huất|hư|tuất
魇	U+9B47	yểm
魈	U+9B48	tiêu
魉	U+9B49	lưỡng|lượng
魊	U+9B4A	vặc|vực
魋	U+9B4B	đôi|đồi
魌	U+9B4C	khi|kỳ
魍	U+9B4D	doanh|võng
魎	U+9B4E	lưỡng|lượng
魏	U+9B4F	lư|nguy|ngụy
魐	U+9B50	giam
魑	U+9B51	ly|si
魔	U+9B54	ma
魕	U+9B55	kì|kỳ
魗	U+9B57	sửu|xú
魘	U+9B58	lãm|yếm|yểm
魙	U+9B59	tiệm
魚	U+9B5A	ngư
魛	U+9B5B	đao
魝	U+9B5D	đao
魟	U+9B5F	hồng
魡	U+9B61	điếu
魧	U+9B67	cánh
魨	U+9B68	đồn
魩	U+9B69	mạt
魪	U+9B6A	trữ
魫	U+9B6B	chẩm|thẩm
魭	U+9B6D	nguyên
魮	U+9B6E	bỉ
魯	U+9B6F	lỗ|lữ
魲	U+9B72	lư
魴	U+9B74	phòng|phương|phường
魵	U+9B75	phần
魷	U+9B77	vưu
魺	U+9B7A	cả|hà
魼	U+9B7C	khư
魾	U+9B7E	bì|phi|đà
鮀	U+9B80	đà
鮁	U+9B81	mịch
鮃	U+9B83	bình
鮄	U+9B84	phất
鮆	U+9B86	tễ
鮈	U+9B88	bảo|câu
鮉	U+9B89	chạo|quẳng|điêu
鮊	U+9B8A	bách|bạc|bạch
鮋	U+9B8B	du|trừu
鮌	U+9B8C	cổn
鮍	U+9B8D	bì
鮎	U+9B8E	niêm|niềm
鮏	U+9B8F	thai|tinh
鮐	U+9B90	thai
鮑	U+9B91	bào|bão|bảo
鮒	U+9B92	phụ
鮓	U+9B93	chả|trá|trả|xạ
鮕	U+9B95	cố
鮗	U+9B97	đông
鮚	U+9B9A	cát|kiết|kết
鮜	U+9B9C	thế
鮝	U+9B9D	tưởng
鮞	U+9B9E	nhi
鮟	U+9B9F	án
鮠	U+9BA0	nguy|ngôi
鮡	U+9BA1	triệu|điều
鮣	U+9BA3	ấn
鮥	U+9BA5	lạc|phập
鮦	U+9BA6	đồng
鮧	U+9BA7	di|dĩ|đề|đễ
鮨	U+9BA8	chỉ|kỳ|nghê
鮩	U+9BA9	tịnh
鮪	U+9BAA	vi|vĩ|vị
鮫	U+9BAB	giao
鮬	U+9BAC	khố
鮭	U+9BAD	hài|khuê
鮮	U+9BAE	tiên|tiển
鮯	U+9BAF	cáp
鮰	U+9BB0	nguy|ngôi
鮵	U+9BB5	đoạt
鮶	U+9BB6	quân
鮷	U+9BB7	miễn|đệ
鮸	U+9BB8	miễn
鮹	U+9BB9	sao|tiêu
鮻	U+9BBB	toa
鮿	U+9BBF	chiếp|triếp
鯀	U+9BC0	cổn
鯁	U+9BC1	cánh|ngạnh
鯄	U+9BC4	cầu
鯆	U+9BC6	phô
鯇	U+9BC7	cán|hoàn|hoãn
鯈	U+9BC8	du|lịch|tu
鯉	U+9BC9	lý|lại
鯊	U+9BCA	sa|tiêu
鯔	U+9BD4	chuy|tri|truy
鯕	U+9BD5	kỳ
鯖	U+9BD6	chinh|thanh|thinh
鯗	U+9BD7	tưởng
鯙	U+9BD9	thuần
鯚	U+9BDA	quí|quý
鯛	U+9BDB	liễm|điêu
鯝	U+9BDD	cố
鯠	U+9BE0	lai
鯡	U+9BE1	phi
鯢	U+9BE2	nghê
鯤	U+9BE4	côn
鯥	U+9BE5	lục
鯧	U+9BE7	lan|xương|xướng
鯨	U+9BE8	canh|kình
鯪	U+9BEA	lăng
鯫	U+9BEB	trâu|tưu|xu
鯬	U+9BEC	lê
鯮	U+9BEE	tông
鯯	U+9BEF	chế|niềm
鯰	U+9BF0	niêm|niềm|niệm
鯲	U+9BF2	ư
鯶	U+9BF6	hỗn
鯷	U+9BF7	đệ
鯸	U+9BF8	hầu
鯹	U+9BF9	tinh
鯽	U+9BFD	hãn|tức
鯿	U+9BFF	biên
鰁	U+9C01	tuyền
鰂	U+9C02	tắc|tặc
鰆	U+9C06	xuân
鰈	U+9C08	điệp
鰉	U+9C09	hoàng|huỳnh
鰊	U+9C0A	luyện
鰋	U+9C0B	yển
鰌	U+9C0C	du|thu
鰍	U+9C0D	thu
鰎	U+9C0E	kiển
鰐	U+9C10	ngạc
鰑	U+9C11	dương
鰒	U+9C12	phúc|phục
鰓	U+9C13	tai|tư
鰔	U+9C14	cảm
鰕	U+9C15	hà
鰙	U+9C19	nhược
鰚	U+9C1A	huyên
鰛	U+9C1B	ôn
鰜	U+9C1C	kiêm
鰝	U+9C1D	bàng|hạo
鰟	U+9C1F	bàng
鰡	U+9C21	lưu
鰢	U+9C22	mã
鰣	U+9C23	thì
鰤	U+9C24	sư
鰥	U+9C25	côn|quan
鰦	U+9C26	tư
鰧	U+9C27	đằng
鰨	U+9C28	tháp
鰩	U+9C29	dao|diêu
鰭	U+9C2D	kì|kỳ
鰯	U+9C2F	nhược
鰱	U+9C31	liên|lươn|nặn
鰲	U+9C32	ngao
鰳	U+9C33	lặc
鰵	U+9C35	mẫn
鰶	U+9C36	tế
鰷	U+9C37	thiều|điều
鰹	U+9C39	kiên
鰻	U+9C3B	man
鰼	U+9C3C	tập
鰾	U+9C3E	biểu|phiêu|phiếu
鰿	U+9C3F	trách
鱀	U+9C40	ký
鱄	U+9C44	chuyên|dong|dung|đoàn
鱅	U+9C45	dong|dung
鱆	U+9C46	chương
鱇	U+9C47	khang
鱈	U+9C48	tuyết
鱉	U+9C49	biếc|biết|miết
鱋	U+9C4B	khư
鱍	U+9C4D	bát|phát
鱎	U+9C4E	hoàng|kiểu|tỗn
鱏	U+9C4F	tầm
鱐	U+9C50	túc
鱑	U+9C51	hoàng
鱒	U+9C52	tôn|tỗn
鱓	U+9C53	lưu|thiện|đà
鱔	U+9C54	thiện
鱕	U+9C55	phan|phiên
鱖	U+9C56	quyết
鱗	U+9C57	lân
鱘	U+9C58	tầm
鱙	U+9C59	nghéo
鱛	U+9C5B	tăng
鱝	U+9C5D	phẫn
鱞	U+9C5E	quan
鱟	U+9C5F	dư|hoành|hấu|hậu
鱠	U+9C60	gỏi|khoái|quái
鱡	U+9C61	tặc
鱣	U+9C63	chiên|thiện
鱤	U+9C64	cảm
鱧	U+9C67	lễ
鱨	U+9C68	thường
鱩	U+9C69	lôi
鱬	U+9C6C	nhu
鱭	U+9C6D	tễ
鱮	U+9C6E	lô|tự
鱯	U+9C6F	hộ
鱴	U+9C74	miệt
鱵	U+9C75	châm
鱷	U+9C77	ngạc
鱸	U+9C78	dự|lô|lư|rô
鱹	U+9C79	quán
鱺	U+9C7A	li|ly|lệ
鱻	U+9C7B	tiên
鱼	U+9C7C	ngư
鱽	U+9C7D	đao
鱿	U+9C7F	vưu
鲀	U+9C80	đồn
鲁	U+9C81	lỗ|lữ
鲂	U+9C82	phòng|phường
鲄	U+9C84	cả|hà
鲅	U+9C85	bát
鲆	U+9C86	bình
鲇	U+9C87	niêm|niềm|niệm
鲈	U+9C88	lô|lư
鲉	U+9C89	du|trừu
鲊	U+9C8A	trá|trả
鲋	U+9C8B	phụ
鲌	U+9C8C	bách|bạc
鲍	U+9C8D	bào|bão|bảo
鲎	U+9C8E	hoành|hấu|hậu
鲏	U+9C8F	bì
鲐	U+9C90	thai
鲑	U+9C91	hài|khuê
鲒	U+9C92	cát|kết
鲔	U+9C94	vi|vĩ|vị
鲕	U+9C95	nhi
鲗	U+9C97	tắc|tặc
鲙	U+9C99	khoái|quái
鲚	U+9C9A	tễ
鲛	U+9C9B	giao
鲜	U+9C9C	tiên|tiển
鲞	U+9C9E	tưởng
鲟	U+9C9F	tầm
鲠	U+9CA0	cánh|ngạnh
鲡	U+9CA1	ly
鲢	U+9CA2	liên
鲣	U+9CA3	kiên
鲤	U+9CA4	lý
鲥	U+9CA5	thì
鲦	U+9CA6	điều
鲧	U+9CA7	cổn
鲨	U+9CA8	sa
鲩	U+9CA9	cán|hoãn
鲪	U+9CAA	quân
鲫	U+9CAB	tức
鲭	U+9CAD	chinh|thanh|thinh
鲮	U+9CAE	lăng
鲯	U+9CAF	kỳ
鲰	U+9CB0	trâu|tưu|xu
鲱	U+9CB1	phi
鲲	U+9CB2	côn
鲳	U+9CB3	xương|xướng
鲴	U+9CB4	cố
鲵	U+9CB5	nghê
鲶	U+9CB6	niêm|niềm|niệm
鲷	U+9CB7	điêu
鲸	U+9CB8	canh|kình
鲻	U+9CBB	chuy
鲼	U+9CBC	phẫn
鲽	U+9CBD	điệp
鲿	U+9CBF	thường
鳀	U+9CC0	đệ
鳁	U+9CC1	ôn
鳃	U+9CC3	tai
鳄	U+9CC4	ngạc
鳅	U+9CC5	thu
鳆	U+9CC6	phúc|phục
鳇	U+9CC7	hoàng
鳈	U+9CC8	tuyền
鳊	U+9CCA	biên
鳌	U+9CCC	ngao
鳍	U+9CCD	kỳ
鳎	U+9CCE	tháp
鳏	U+9CCF	côn|quan
鳐	U+9CD0	dao|diêu
鳑	U+9CD1	bàng
鳒	U+9CD2	kiêm
鳓	U+9CD3	lặc
鳔	U+9CD4	biểu|phiêu|phiếu
鳕	U+9CD5	tuyết
鳖	U+9CD6	biết|miết
鳗	U+9CD7	man
鳘	U+9CD8	mẫn
鳙	U+9CD9	dong|dung
鳛	U+9CDB	tập
鳜	U+9CDC	quyết
鳝	U+9CDD	thiện
鳞	U+9CDE	lân
鳟	U+9CDF	tôn|tỗn
鳠	U+9CE0	hộ
鳡	U+9CE1	cảm
鳢	U+9CE2	lễ
鳣	U+9CE3	chiên|thiện
鳥	U+9CE5	điểu
鳦	U+9CE6	ất
鳧	U+9CE7	phù|phầu
鳩	U+9CE9	cưu
鳫	U+9CEB	nhạn
鳬	U+9CEC	phù
鳮	U+9CEE	kê
鳯	U+9CEF	phượng|phụng
鳱	U+9CF1	hạn
鳲	U+9CF2	thi
鳳	U+9CF3	phượng|phụng
鳴	U+9CF4	minh|ô
鳶	U+9CF6	diên|diều
鳷	U+9CF7	chi
鳸	U+9CF8	hỗ
鳹	U+9CF9	linh
鳺	U+9CFA	phu|phù
鳽	U+9CFD	khiên
鳿	U+9CFF	tra
鴂	U+9D02	phù|quyết|quých
鴃	U+9D03	quyết
鴄	U+9D04	sơ
鴅	U+9D05	hoan
鴆	U+9D06	chẩm|chậm|trấm|trẩm
鴇	U+9D07	bảo|bửu
鴈	U+9D08	nhạn
鴉	U+9D09	nha
鴐	U+9D10	gia
鴒	U+9D12	linh
鴓	U+9D13	bật
鴕	U+9D15	đà
鴗	U+9D17	lô|lập
鴘	U+9D18	biển
鴚	U+9D1A	ca
鴛	U+9D1B	uyên|yêm
鴝	U+9D1D	cu|cù
鴞	U+9D1E	hiêu|hào
鴟	U+9D1F	chi|si
鴢	U+9D22	ấu
鴣	U+9D23	cô
鴥	U+9D25	duật
鴦	U+9D26	ương
鴨	U+9D28	áp
鴬	U+9D2C	oanh
鴯	U+9D2F	nhi
鴰	U+9D30	cốc|hộc|quát
鴳	U+9D33	hằng|yến
鴴	U+9D34	hằng
鴶	U+9D36	kiết
鴷	U+9D37	liệt
鴻	U+9D3B	hồng
鴽	U+9D3D	như
鴿	U+9D3F	cáp
鵀	U+9D40	nhâm
鵁	U+9D41	giao
鵂	U+9D42	hưu
鵃	U+9D43	châu
鵄	U+9D44	si
鵉	U+9D49	loan
鵌	U+9D4C	dư
鵑	U+9D51	lự|quyên
鵒	U+9D52	cốc|dục|liễm
鵓	U+9D53	bột
鵗	U+9D57	hy
鵙	U+9D59	quyết
鵜	U+9D5C	đề
鵝	U+9D5D	nga
鵞	U+9D5E	nga
鵟	U+9D5F	cuồng
鵠	U+9D60	cốc|hộc
鵡	U+9D61	vũ
鵩	U+9D69	phục
鵪	U+9D6A	am
鵫	U+9D6B	trạo
鵬	U+9D6C	bằng
鵯	U+9D6F	thất
鵰	U+9D70	điêu
鵲	U+9D72	thước
鵴	U+9D74	cuốc|cúc
鵵	U+9D75	thố
鵶	U+9D76	nha
鵷	U+9D77	uyên|uyển
鵻	U+9D7B	chuy|giai
鵽	U+9D7D	chuyết
鵾	U+9D7E	côn
鵿	U+9D7F	côn
鶂	U+9D82	nghịch
鶃	U+9D83	nghịch
鶄	U+9D84	thanh|tinh
鶅	U+9D85	chuy
鶆	U+9D86	lai
鶇	U+9D87	đông
鶉	U+9D89	thuần|thục
鶊	U+9D8A	canh
鶒	U+9D92	xích
鶓	U+9D93	miêu
鶖	U+9D96	quán|thu
鶗	U+9D97	hồ|đề
鶘	U+9D98	hồ
鶚	U+9D9A	ngạc
鶟	U+9D9F	đột
鶠	U+9DA0	yến|yển
鶡	U+9DA1	hát|hạt
鶣	U+9DA3	biến
鶤	U+9DA4	côn
鶧	U+9DA7	anh
鶩	U+9DA9	vụ
鶪	U+9DAA	cù
鶬	U+9DAC	thương
鶯	U+9DAF	oanh
鶰	U+9DB0	viên
鶱	U+9DB1	hiên
鶲	U+9DB2	ông
鶴	U+9DB4	hạc
鶵	U+9DB5	sô|sồ
鶸	U+9DB8	nhược
鶹	U+9DB9	lưu
鶺	U+9DBA	chích|tích
鶻	U+9DBB	cốt|hốt
鶼	U+9DBC	kiêm
鶽	U+9DBD	chuẩn
鶾	U+9DBE	hàn
鶿	U+9DBF	tư|từ
鷀	U+9DC0	tư|từ
鷁	U+9DC1	nghích|nghịch|ngích
鷂	U+9DC2	dao|diêu|diều|diệu
鷃	U+9DC3	yến
鷄	U+9DC4	kê
鷇	U+9DC7	cấu
鷋	U+9DCB	đồ
鷎	U+9DCE	lưu
鷓	U+9DD3	chá|gia|giá|thứ
鷕	U+9DD5	diểu
鷖	U+9DD6	y|ê|ế
鷗	U+9DD7	âu
鷙	U+9DD9	chí|trắc
鷞	U+9DDE	sương|sảng
鷟	U+9DDF	sạt|thốc|trạc
鷣	U+9DE3	dâm
鷤	U+9DE4	đàn|đề
鷥	U+9DE5	ty|tư
鷦	U+9DE6	tiêu
鷧	U+9DE7	ý
鷩	U+9DE9	tế
鷫	U+9DEB	túc
鷭	U+9DED	phiên|phàn
鷮	U+9DEE	keo|kiều
鷯	U+9DEF	liêu
鷰	U+9DF0	yến
鷲	U+9DF2	thứu|tựu
鷳	U+9DF3	nhàn
鷴	U+9DF4	nhàn
鷸	U+9DF8	duật
鷹	U+9DF9	ưng
鷺	U+9DFA	lộ
鷼	U+9DFC	nhàn
鷽	U+9DFD	hạc
鷾	U+9DFE	ý
鸀	U+9E00	chúc
鸁	U+9E01	loa
鸂	U+9E02	khê
鸄	U+9E04	chiên|kiếu
鸇	U+9E07	chiên
鸋	U+9E0B	ninh
鸌	U+9E0C	oách|vạc
鸎	U+9E0E	oanh
鸏	U+9E0F	mòng|mông
鸐	U+9E10	địch
鸑	U+9E11	nhạc
鸒	U+9E12	hạc
鸓	U+9E13	lũy
鸕	U+9E15	lô|lư
鸗	U+9E17	long|sương
鸘	U+9E18	sương
鸚	U+9E1A	anh
鸛	U+9E1B	hoan|quán|thu
鸜	U+9E1C	cò|cù
鸝	U+9E1D	ly
鸞	U+9E1E	loan
鸟	U+9E1F	điểu
鸠	U+9E20	cưu
鸡	U+9E21	kê
鸢	U+9E22	diên
鸣	U+9E23	minh
鸤	U+9E24	thi
鸥	U+9E25	âu
鸦	U+9E26	nha
鸧	U+9E27	thương
鸨	U+9E28	bảo|bửu
鸩	U+9E29	chẩm|chậm|trấm|trẩm
鸪	U+9E2A	cô
鸫	U+9E2B	đông
鸬	U+9E2C	lô|lư
鸭	U+9E2D	áp
鸮	U+9E2E	hiêu|hào
鸯	U+9E2F	ương
鸰	U+9E30	linh
鸱	U+9E31	si
鸲	U+9E32	cù
鸳	U+9E33	uyên
鸴	U+9E34	hạc
鸵	U+9E35	đà
鸶	U+9E36	ty|tư
鸷	U+9E37	chí|trắc
鸸	U+9E38	nhi
鸹	U+9E39	cốc|hộc|quát
鸺	U+9E3A	hưu
鸻	U+9E3B	hằng
鸽	U+9E3D	cáp
鸾	U+9E3E	loan
鸿	U+9E3F	hồng
鹁	U+9E41	bột
鹂	U+9E42	ly
鹃	U+9E43	quyên
鹄	U+9E44	cốc|hộc
鹅	U+9E45	nga
鹆	U+9E46	cốc|dục
鹇	U+9E47	nhàn
鹈	U+9E48	đề
鹉	U+9E49	vũ
鹊	U+9E4A	thước
鹋	U+9E4B	miêu
鹌	U+9E4C	am
鹍	U+9E4D	côn
鹏	U+9E4F	bằng
鹑	U+9E51	thuần
鹒	U+9E52	canh
鹓	U+9E53	uyên
鹔	U+9E54	túc
鹕	U+9E55	hồ
鹖	U+9E56	hạt
鹗	U+9E57	ngạc
鹘	U+9E58	cốt|hốt
鹙	U+9E59	thu
鹚	U+9E5A	tư|từ
鹜	U+9E5C	vụ
鹞	U+9E5E	dao|diêu|diệu
鹠	U+9E60	lưu
鹡	U+9E61	tích
鹢	U+9E62	nghịch|ngích
鹣	U+9E63	kiêm
鹤	U+9E64	hạc
鹥	U+9E65	y|ê|ế
鹦	U+9E66	anh
鹧	U+9E67	chá|gia|giá
鹩	U+9E69	liêu
鹪	U+9E6A	tiêu
鹫	U+9E6B	thứu|tựu
鹬	U+9E6C	duật
鹭	U+9E6D	lộ
鹯	U+9E6F	chiên
鹰	U+9E70	ưng
鹱	U+9E71	oách
鹲	U+9E72	mông
鹳	U+9E73	quán
鹴	U+9E74	sương
鹵	U+9E75	lỗ
鹸	U+9E78	kiềm|thiêm
鹹	U+9E79	giảm|hàm
鹺	U+9E7A	ta
鹻	U+9E7B	dảm|giảm|kiềm|kiểm|thiêm
鹼	U+9E7C	dảm|giảm|kiềm|kiểm|thiêm|toản|đảm
鹽	U+9E7D	diêm|diễm|loan
鹾	U+9E7E	ta
鹿	U+9E7F	lộc
麀	U+9E80	ưu
麁	U+9E81	thô
麂	U+9E82	hoẵng|kỉ|kỷ
麃	U+9E83	bào|phiếu|tiêu
麄	U+9E84	thô
麅	U+9E85	bào
麆	U+9E86	sự
麇	U+9E87	khuân|khổn|quân|quần
麈	U+9E88	chủ
麉	U+9E89	kiên
麊	U+9E8A	mi
麋	U+9E8B	mi|mê
麌	U+9E8C	ngu|vi
麍	U+9E8D	lưu
麎	U+9E8E	quân|thần
麏	U+9E8F	quân
麐	U+9E90	lân
麑	U+9E91	nghê
麒	U+9E92	kì|kỳ
麓	U+9E93	lộc
麔	U+9E94	cửu|cữu
麕	U+9E95	khuân|quân|quần
麗	U+9E97	ly|lệ
麙	U+9E99	hàm
麚	U+9E9A	gia|xạ
麛	U+9E9B	mi|mê|mễ
麜	U+9E9C	lật
麝	U+9E9D	xạ
麞	U+9E9E	chương
麟	U+9E9F	lân
麠	U+9EA0	canh
麢	U+9EA2	linh
麤	U+9EA4	thô
麥	U+9EA5	mạch
麦	U+9EA6	mạch
麧	U+9EA7	hột
麨	U+9EA8	hỏa|xiểu
麩	U+9EA9	phu
麪	U+9EAA	miến
麫	U+9EAB	miến
麭	U+9EAD	bao
麮	U+9EAE	khứ
麯	U+9EAF	khúc
麰	U+9EB0	mâu
麴	U+9EB4	cúc|khúc
麵	U+9EB5	diện|khúc|miên|miến
麶	U+9EB6	ly|phong
麷	U+9EB7	phong|phu
麸	U+9EB8	phu
麹	U+9EB9	khúc
麺	U+9EBA	miến
麻	U+9EBB	ma
麼	U+9EBC	ma|yêu
麽	U+9EBD	ma|mô|yêu
麾	U+9EBE	huy
黀	U+9EC0	tưu
黁	U+9EC1	nuyên
黃	U+9EC3	hoàng|huỳnh
黄	U+9EC4	hoàng|huỳnh
黅	U+9EC5	câm
黆	U+9EC6	chiêm|quang
黇	U+9EC7	chiêm
黈	U+9EC8	chủ|thẩu|đẩu
黉	U+9EC9	hoành|huỳnh
黋	U+9ECB	hoảng
黌	U+9ECC	hoành|huỳnh
黍	U+9ECD	thử
黎	U+9ECE	lê
黏	U+9ECF	niêm
黐	U+9ED0	li|ly
黑	U+9ED1	hắc
黒	U+9ED2	hắc
黓	U+9ED3	dặc
黔	U+9ED4	kiềm
黕	U+9ED5	đảm
黖	U+9ED6	hý
默	U+9ED8	mặc
黙	U+9ED9	mặc
黚	U+9EDA	kiềm
黛	U+9EDB	đại
黜	U+9EDC	truất
黝	U+9EDD	ảo|ửu
點	U+9EDE	điểm
黟	U+9EDF	di|y
黠	U+9EE0	hiệp|hiệt
黡	U+9EE1	yểm
黣	U+9EE3	mỗi
黤	U+9EE4	yêm|yểm
黥	U+9EE5	kình
黦	U+9EE6	uất
黧	U+9EE7	lê
黨	U+9EE8	chưởng|đảng
黩	U+9EE9	độc
黪	U+9EEA	thảm
黬	U+9EEC	cam|cảm|ảm
黭	U+9EED	yểm
黮	U+9EEE	thản|trẩm|đảm
黯	U+9EEF	ám|ảm
黰	U+9EF0	chân|chấn|chẩn
黱	U+9EF1	đại
黲	U+9EF2	thảm
黳	U+9EF3	ê
黴	U+9EF4	mi|môi|vi
黵	U+9EF5	đảm
黶	U+9EF6	yểm
黷	U+9EF7	độc
黸	U+9EF8	lô|lư
黹	U+9EF9	chỉ|phất
黻	U+9EFB	phất
黼	U+9EFC	phủ
黽	U+9EFD	miễn|mãnh|mẫn
黾	U+9EFE	miễn|mãnh|mẫn
黿	U+9EFF	ngoan|nguyên
鼀	U+9F00	thu|thúc
鼂	U+9F02	triêu|triều|trào
鼃	U+9F03	oa
鼄	U+9F04	chu|thù
鼅	U+9F05	tri
鼆	U+9F06	manh
鼇	U+9F07	la|ngao
鼈	U+9F08	biết|miết
鼉	U+9F09	đà
鼊	U+9F0A	bích|nguyên
鼋	U+9F0B	ngoan|nguyên
鼌	U+9F0C	triêu|triều|trào
鼍	U+9F0D	đà
鼎	U+9F0E	đỉnh
鼏	U+9F0F	mịch
鼐	U+9F10	nãi|nại
鼒	U+9F12	ty|tài|tư|tỉ|tỷ
鼓	U+9F13	cổ
鼔	U+9F14	cổ
鼕	U+9F15	cổ|đông
鼖	U+9F16	phần
鼗	U+9F17	đào
鼘	U+9F18	uyên
鼙	U+9F19	bế|bề
鼚	U+9F1A	sương|trường|xương
鼛	U+9F1B	cao|đào
鼜	U+9F1C	thích|uyên
鼝	U+9F1D	uyên
鼞	U+9F1E	thang
鼟	U+9F1F	thăng
鼠	U+9F20	thử
鼡	U+9F21	thử
鼢	U+9F22	phân|phần|phẫn
鼣	U+9F23	phệ
鼤	U+9F24	văn
鼥	U+9F25	bạt
鼦	U+9F26	điêu
鼧	U+9F27	đà
鼨	U+9F28	chung
鼩	U+9F29	cù|cú
鼪	U+9F2A	sinh
鼫	U+9F2B	thích|thạc|thạch
鼬	U+9F2C	dứu|tụ
鼭	U+9F2D	thi|thì
鼮	U+9F2E	đình
鼯	U+9F2F	ngô
鼰	U+9F30	bối|hiện|niến
鼱	U+9F31	tinh
鼲	U+9F32	côn|hồn|quân
鼳	U+9F33	khuých|khứu|kích|xú
鼴	U+9F34	yến|yển
鼵	U+9F35	đột
鼶	U+9F36	ty|tư
鼷	U+9F37	hề|xi
鼸	U+9F38	khiếm|khiểm|kiêm
鼹	U+9F39	yển
鼺	U+9F3A	luy
鼻	U+9F3B	bí|tị|tỵ
鼽	U+9F3D	cừu
鼾	U+9F3E	han|hàn|hãn
鼿	U+9F3F	ngột
齀	U+9F40	ngột|vật
齁	U+9F41	câu|hâu|hầu|khố
齂	U+9F42	húy|hối|khích|tiết
齃	U+9F43	hát
齄	U+9F44	tra
齅	U+9F45	khứu
齆	U+9F46	úng
齇	U+9F47	cha|tra
齈	U+9F48	nông
齉	U+9F49	nang|náng
齊	U+9F4A	trai|tày|tê|tư|tế|tề|tễ
齋	U+9F4B	thẩm|trai|tễ
齌	U+9F4C	thê|tê|tề|tễ
齍	U+9F4D	tê|tư|tễ
齎	U+9F4E	tê|tư|tề
齏	U+9F4F	tê
齐	U+9F50	trai|tê|tư|tế|tề|tễ
齑	U+9F51	tê
齒	U+9F52	xỉ
齓	U+9F53	sấn|sẫn|sận
齔	U+9F54	chèn|sấn|sẩn
齕	U+9F55	hà|hé|hột|khất
齖	U+9F56	ngà|nha|nhạ
齗	U+9F57	dẫn|nghiên|ngân|ngẩn
齘	U+9F58	giới|tiết
齙	U+9F59	bao
齚	U+9F5A	sạ|trách
齛	U+9F5B	thế|tiết
齜	U+9F5C	hạ|sài|thử|tra|trai|tư
齝	U+9F5D	ngật|si|thi
齞	U+9F5E	diễn|nghiễn
齟	U+9F5F	chở|thư|tra|trát|trở
齠	U+9F60	thiều|điêu|điều
齡	U+9F61	linh
齢	U+9F62	linh
齣	U+9F63	chu|cú|sích|xuất|xích
齤	U+9F64	quyền
齥	U+9F65	duệ|tiết
齦	U+9F66	cấn|khẩn|ngân
齧	U+9F67	khiết|niết
齩	U+9F69	giảo|yêu
齪	U+9F6A	sác|sức|xúc
齫	U+9F6B	khổn
齬	U+9F6C	ngữ
齭	U+9F6D	sở
齮	U+9F6E	khi|nghĩ|ỷ
齯	U+9F6F	nghê|nhi
齰	U+9F70	sách|sạ|trách
齱	U+9F71	châu|trâu
齲	U+9F72	củ|cự|khú|khũ|khủ|vũ
齳	U+9F73	ngẫn
齴	U+9F74	nghiễn|nhãn
齵	U+9F75	ngu
齶	U+9F76	ngạc
齷	U+9F77	ác|ốc
齸	U+9F78	dật|ích
齹	U+9F79	sai|si|tha
齺	U+9F7A	trâu|trạc
齻	U+9F7B	điên
齼	U+9F7C	hỗn|sở
齾	U+9F7E	ngạt|át
齿	U+9F7F	xỉ
龀	U+9F80	sấn|sẫn|sận
龁	U+9F81	hà|hột
龂	U+9F82	dẫn|ngân
龃	U+9F83	chở|miễn|thư|tra|trát|trở
龄	U+9F84	linh
龅	U+9F85	bao
龆	U+9F86	điêu|điều
龇	U+9F87	hạ|sài|thử|tra|trai|tư
龈	U+9F88	khẩn|ngân
龉	U+9F89	ngữ
龊	U+9F8A	sức|xúc
龋	U+9F8B	củ|cự|khú|khũ|khủ
龌	U+9F8C	ác|ốc
龍	U+9F8D	long|lóng|lũng|sủng
龎	U+9F8E	bàng|long|lung
龏	U+9F8F	cung|ác
龐	U+9F90	bàng|dị|long|lung
龑	U+9F91	nghiễm|yểm
龒	U+9F92	long
龓	U+9F93	long|lung|lũng
龔	U+9F94	cung|công|củng
龕	U+9F95	kham|khám|khảm
龖	U+9F96	tạp|đạp
龗	U+9F97	linh|lung
龘	U+9F98	long|lũng|đạp
龙	U+9F99	long|lũng|sủng
龚	U+9F9A	cung
龛	U+9F9B	kham|khám
龜	U+9F9C	cưu|khâu|khưu|quy|quân
龝	U+9F9D	thu|thâu
龞	U+9F9E	biết|khưu|miết|quy|quân
龟	U+9F9F	cưu|khưu|quy|quân
龠	U+9FA0	dược|thược
龡	U+9FA1	xuy|xúy
龢	U+9FA2	hé|hòa|họa
龣	U+9FA3	giác|giốc|lục
龤	U+9FA4	hài
龥	U+9FA5	dụ
﨏	U+FA0F	cốc
﨡	U+FA21	sên
﨤	U+FA24	gặp
𠀀	U+20000	ha
𠀁	U+20001	thất
𠀃	U+20003	thả
𠀄	U+20004	vệ
𠀅	U+20005	hợi
𠀇	U+20007	thả
𠀈	U+20008	khâu|khưu
𠀉	U+20009	khâu|khưu
𠀊	U+2000A	nhiếp|đôn
𠀍	U+2000D	thế
𠀑	U+20011	thiên
𠀔	U+20014	hợi
𠀕	U+20015	cắng
𠀖	U+20016	khạng
𠀗	U+20017	khệnh
𠀘	U+20018	thiên
𠀙	U+20019	lệ|thiên
𠀚	U+2001A	bất|phủ
𠀠	U+20020	ky
𠀡	U+20021	thiên
𠀤	U+20024	tinh|tịnh
𠀧	U+20027	ba
𠀨	U+20028	cụp
𠀩	U+20029	đinh
𠀪	U+2002A	khà
𠀫	U+2002B	khề
𠀬	U+2002C	thiểm
𠀭	U+2002D	bình
𠀮	U+2002E	ky
𠀯	U+2002F	uyên
𠀰	U+20030	đa
𠀲	U+20032	đứa
𠀳	U+20033	rẻ
𠀴	U+20034	trụt
𠀺	U+2003A	trừ
𠀻	U+2003B	ngoan
𠀼	U+2003C	hạ
𠀿	U+2003F	xuôi
𠁀	U+20040	đời
𠁂	U+20042	đứa
𠁄	U+20044	luồn
𠁅	U+20045	sơ|xứ|xử
𠁈	U+20048	quân
𠁉	U+20049	sơ
𠁊	U+2004A	sảng
𠁏	U+2004F	hồ
𠁑	U+20051	dưới
𠁔	U+20054	sánh
𠁕	U+20055	hồ
𠁗	U+20057	thích
𠁙	U+20059	chả
𠁚	U+2005A	cúi
𠁝	U+2005D	gồm
𠁟	U+2005F	gồm
𠁡	U+20061	bốc
𠁥	U+20065	quải
𠁦	U+20066	trung
𠁧	U+20067	trung
𠁩	U+20069	trung
𠁪	U+2006A	nhắm
𠁫	U+2006B	hưu
𠁬	U+2006C	quai
𠁰	U+20070	quai
𠁴	U+20074	quy
𠁵	U+20075	giữa
𠁸	U+20078	suốt
𠁹	U+20079	giữa
𠁺	U+2007A	xuyên
𠁻	U+2007B	chuỗi
𠁼	U+2007C	hạ
𠁿	U+2007F	đan
𠂇	U+20087	ta|tả
𠂎	U+2008E	ấy
𠂏	U+2008F	nãi
𠂑	U+20091	tấu
𠂔	U+20094	trỉ|tỷ
𠂕	U+20095	thỉ
𠂖	U+20096	đệ
𠂜	U+2009C	phạp
𠂞	U+2009E	hô
𠂡	U+200A1	phong
𠂢	U+200A2	phái
𠂣	U+200A3	y|ẩn
𠂤	U+200A4	đôi
𠂥	U+200A5	sách
𠂩	U+200A9	thị
𠂪	U+200AA	bèn
𠂫	U+200AB	bèn
𠂯	U+200AF	quai
𠂲	U+200B2	tảo
𠂳	U+200B3	tổng
𠂷	U+200B7	hạnh
𠂹	U+200B9	thùy
𠂺	U+200BA	tư
𠂼	U+200BC	điếm
𠂽	U+200BD	úy
𠂾	U+200BE	phôi
𠂿	U+200BF	thủ
𠃀	U+200C0	thùy
𠃁	U+200C1	mị
𠃂	U+200C2	phôi
𠃅	U+200C5	mái
𠃉	U+200C9	yết|ất
𠃊	U+200CA	ẩn
𠃋	U+200CB	ẩn
𠃐	U+200D0	hội
𠃕	U+200D5	chu|châu
𠃜	U+200DC	thi
𠃝	U+200DD	út
𠃞	U+200DE	lễ
𠃟	U+200DF	dã
𠃢	U+200E2	tứ
𠃣	U+200E3	ít
𠃤	U+200E4	hoang
𠃥	U+200E5	cử
𠃧	U+200E7	phi
𠃩	U+200E9	chín
𠃭	U+200ED	thủy
𠃯	U+200EF	ụt
𠃲	U+200F2	tiệt
𠃳	U+200F3	quỳ
𠃵	U+200F5	can|càn|kiền
𠃶	U+200F6	loạn
𠃷	U+200F7	út
𠃽	U+200FD	ưởng
𠃾	U+200FE	quy
𠄀	U+20100	vú
𠄅	U+20105	nghiệp
𠄇	U+20107	lạc
𠄈	U+20108	lấn|lẫn
𠄉	U+20109	đống
𠄎	U+2010E	nãi
𠄏	U+2010F	điểu
𠄕	U+20115	nãi
𠄙	U+20119	sự
𠄜	U+2011C	thờ
𠄞	U+2011E	thượng
𠄟	U+2011F	hạ
𠄠	U+20120	nhị
𠄡	U+20121	ngũ
𠄦	U+20126	gộp
𠄧	U+20127	vài
𠄩	U+20129	hai
𠄬	U+2012C	tảo
𠄯	U+2012F	bẩn
𠄰	U+20130	lão
𠄳	U+20133	kép
𠄶	U+20136	nhăm
𠄺	U+2013A	giếng
𠄻	U+2013B	lăm
𠄼	U+2013C	năm
𠄽	U+2013D	vài
𠅃	U+20143	diệc
𠅍	U+2014D	mất
𠅎	U+2014E	mất
𠅐	U+20150	mất
𠅒	U+20152	mất
𠅘	U+20158	đình
𠅙	U+20159	lượng
𠅜	U+2015C	lề
𠅢	U+20162	bạc
𠅳	U+20173	quên
𠅻	U+2017B	quên
𠅼	U+2017C	mất
𠆌	U+2018C	dong|dung
𠆍	U+2018D	sởn
𠆳	U+201B3	trùm
𠇍	U+201CD	với
𠇕	U+201D5	va
𠇖	U+201D6	bợm
𠇗	U+201D7	khoa
𠇛	U+201DB	phật
𠇜	U+201DC	thi
𠇱	U+201F1	mạt
𠇼	U+201FC	hùa
𠇽	U+201FD	tốp
𠈁	U+20201	thác
𠈃	U+20203	bảo
𠈇	U+20207	túc
𠈋	U+2020B	nhòng
𠈲	U+20232	quát
𠈷	U+20237	tỷ
𠉜	U+2025C	vãi
𠉝	U+2025D	nghĩ
𠉞	U+2025E	nay
𠉟	U+2025F	xiên
𠉠	U+20260	trày
𠉣	U+20263	hôn
𠉦	U+20266	túc
𠉪	U+2026A	diệp
𠉬	U+2026C	nghiễm
𠉮	U+2026E	quyện
𠉱	U+20271	phường
𠊋	U+2028B	long
𠊙	U+20299	nghè
𠊚	U+2029A	ngài
𠊛	U+2029B	người
𠊜	U+2029C	nhố
𠊝	U+2029D	thay
𠊟	U+2029F	thằng
𠊡	U+202A1	vững
𠊫	U+202AB	toạng
𠊬	U+202AC	kịch
𠊮	U+202AE	mậu
𠊯	U+202AF	tẩu
𠊷	U+202B7	trí
𠋑	U+202D1	thực
𠋢	U+202E2	tẩu
𠋥	U+202E5	mày
𠋦	U+202E6	mụ
𠋶	U+202F6	minh
𠋺	U+202FA	tao
𠌖	U+20316	cung|cùng
𠌦	U+20326	nập
𠌧	U+20327	nạ
𠌨	U+20328	phía
𠌫	U+2032B	tất
𠌵	U+20335	điểu
𠍘	U+20358	tản
𠍠	U+20360	kịch
𠍣	U+20363	bầy
𠍤	U+20364	bụt
𠍥	U+20365	bợm
𠍦	U+20366	hèn
𠍭	U+2036D	gấp
𠍳	U+20373	ích
𠍵	U+20375	dáng
𠍸	U+20378	chúng
𠎊	U+2038A	xúm
𠎣	U+203A3	tiên
𠎨	U+203A8	cắp
𠎩	U+203A9	bay
𠎪	U+203AA	lũ
𠎫	U+203AB	chầu
𠎬	U+203AC	đấng
𠎴	U+203B4	vải
𠎷	U+203B7	táp
𠏟	U+203DF	bặm
𠏠	U+203E0	gã
𠏥	U+203E5	ngài
𠏦	U+203E6	đừng
𠏭	U+203ED	tụi
𠏲	U+203F2	thợ
𠏳	U+203F3	giống
𠐅	U+20405	nghè
𠐞	U+2041E	trỗi
𠐤	U+20424	khôi
𠐬	U+2042C	đòi
𠐸	U+20438	dôi
𠑈	U+20448	trộm
𠑉	U+20449	thói
𠑋	U+2044B	lọng
𠑕	U+20455	ngửa
𠑖	U+20456	ngôi
𠑘	U+20458	điên|điền
𠑢	U+20462	nghè
𠑪	U+2046A	hiêu
𠑬	U+2046C	nhau
𠑹	U+20479	cố
𠑽	U+2047D	sung
𠒥	U+204A5	ràng
𠒦	U+204A6	rỡ
𠒬	U+204AC	vặc
𠒯	U+204AF	nhóc
𠒷	U+204B7	tin
𠓀	U+204C0	trước
𠓁	U+204C1	rạng
𠓅	U+204C5	vằng
𠓇	U+204C7	sáng
𠓐	U+204D0	quanh
𠓑	U+204D1	rõ
𠓔	U+204D4	mống
𠓨	U+204E8	vào
𠓩	U+204E9	nhúi
𠓪	U+204EA	kỳ
𠓬	U+204EC	lặn
𠓹	U+204F9	lọn
𠓺	U+204FA	vô
𠓻	U+204FB	trọn
𠔇	U+20507	sước|xước
𠔒	U+20512	xỉ
𠔦	U+20526	lính
𠔭	U+2052D	tám
𠔮	U+2052E	gồm
𠔼	U+2053C	mậu
𠕀	U+20540	võng
𠕂	U+20542	tái
𠕅	U+20545	tái
𠕋	U+2054B	sách
𠕑	U+20551	đan
𠕒	U+20552	vũ
𠕘	U+20558	vũ
𠕲	U+20572	vũ
𠖈	U+20588	xuống
𠖘	U+20598	nắp
𠖝	U+2059D	liệng
𠖤	U+205A4	bay
𠖨	U+205A8	mồng
𠖭	U+205AD	lẻo
𠖯	U+205AF	ngắt
𠖰	U+205B0	dãy
𠖾	U+205BE	mát
𠖿	U+205BF	ròng
𠗂	U+205C2	lạc
𠗣	U+205E3	lún
𠗤	U+205E4	váng
𠗰	U+205F0	trơn
𠗸	U+205F8	cóng
𠗹	U+205F9	rét
𠘃	U+20603	đọng
𠘸	U+20638	ký
𠙅	U+20645	sập
𠙐	U+20650	bất
𠙣	U+20663	bẫy
𠙴	U+20674	khư
𠙷	U+20677	tín
𠚐	U+20690	mọc
𠚑	U+20691	diện
𠚒	U+20692	xỉ
𠚢	U+206A2	ra
𠚣	U+206A3	đao
𠚯	U+206AF	gọt
𠛌	U+206CC	châm
𠛎	U+206CE	câu
𠛣	U+206E3	đứt
𠛤	U+206E4	chém
𠛬	U+206EC	hình
𠛼	U+206FC	hình
𠜄	U+20704	nục
𠜏	U+2070F	đẽo
𠜬	U+2072C	đẵn
𠜭	U+2072D	đâm
𠜮	U+2072E	húi
𠜯	U+2072F	cạo
𠜶	U+20736	não
𠜷	U+20737	đoạn
𠝅	U+20745	đoạn
𠝇	U+20747	bào
𠝓	U+20753	xẻ
𠝔	U+20754	thái
𠝕	U+20755	cùn
𠝖	U+20756	tách
𠝗	U+20757	đứt
𠝫	U+2076B	mẻ
𠝺	U+2077A	mổ
𠝻	U+2077B	chạm
𠝼	U+2077C	mổ
𠞛	U+2079B	thiến
𠞟	U+2079F	cạo
𠞠	U+207A0	chặt
𠞡	U+207A1	gọt
𠞢	U+207A2	băm
𠞭	U+207AD	lâu
𠞰	U+207B0	tiễu
𠞸	U+207B8	đẽo
𠞹	U+207B9	dứt
𠞺	U+207BA	lần
𠞽	U+207BD	tiễn
𠟀	U+207C0	đẽo
𠟤	U+207E4	thiến
𠟥	U+207E5	hoắt
𠟲	U+207F2	vạc
𠟸	U+207F8	gặt
𠟹	U+207F9	rựa
𠠉	U+20809	bửa
𠠊	U+2080A	cứng
𠠍	U+2080D	lê
𠠑	U+20811	tét
𠠙	U+20819	rìu
𠠚	U+2081A	xẻ
𠠩	U+20829	trước
𠠭	U+2082D	chớm
𠠲	U+20832	lực
𠡎	U+2084E	rán
𠡏	U+2084F	siêng
𠡚	U+2085A	gắng
𠡛	U+2085B	nhằn
𠡧	U+20867	rặn
𠡺	U+2087A	khướt
𠢑	U+20891	nhọc
𠢝	U+2089D	vâm
𠢞	U+2089E	giúp
𠢟	U+2089F	giúp
𠢤	U+208A4	quyết
𠢬	U+208AC	lử
𠢭	U+208AD	quyết
𠣂	U+208C2	rướn
𠣍	U+208CD	hàn
𠣎	U+208CE	ấu
𠣐	U+208D0	quân
𠣒	U+208D2	bao
𠣔	U+208D4	thùy
𠣗	U+208D7	y
𠣘	U+208D8	chu
𠣙	U+208D9	tuần
𠣚	U+208DA	tuần
𠣛	U+208DB	móc
𠣞	U+208DE	quân
𠣟	U+208DF	thuân
𠣡	U+208E1	tuần
𠣥	U+208E5	trủng
𠣦	U+208E6	quân
𠣧	U+208E7	sô
𠣨	U+208E8	nghi
𠣩	U+208E9	ước
𠣫	U+208EB	thiệu
𠣮	U+208EE	khúc
𠣯	U+208EF	khoái
𠣲	U+208F2	khoái
𠣴	U+208F4	phục
𠣵	U+208F5	bặc
𠣶	U+208F6	bịt
𠣸	U+208F8	phục
𠣹	U+208F9	ứ
𠣺	U+208FA	bào
𠣽	U+208FD	cứu
𠣾	U+208FE	phục
𠣿	U+208FF	cứu
𠤀	U+20900	nhiên
𠤂	U+20902	cùng
𠤅	U+20905	áp
𠤆	U+20906	chớ
𠤇	U+20907	phục
𠤈	U+20908	phụng
𠤉	U+20909	tuyệt
𠤊	U+2090A	cùng
𠤋	U+2090B	sắt
𠤌	U+2090C	chớ
𠤎	U+2090E	hóa
𠤏	U+2090F	bảo
𠤒	U+20912	thi
𠤚	U+2091A	trác
𠤟	U+2091F	trác
𠤧	U+20927	thìa
𠤩	U+20929	bẩy
𠥈	U+20948	khám
𠥤	U+20964	giấu
𠥻	U+2097B	tật
𠦂	U+20982	bản
𠦃	U+20983	tạp|tập
𠦄	U+20984	hủy
𠦇	U+20987	hợi
𠦛	U+2099B	binh
𠦩	U+209A9	mươi
𠦬	U+209AC	quai
𠦯	U+209AF	gắn
𠦳	U+209B3	nghìn
𠦹	U+209B9	chục
𠦺	U+209BA	rưỡi
𠦻	U+209BB	lưng
𠦿	U+209BF	xừng
𠧆	U+209C6	trọn
𠧌	U+209CC	nhẩy
𠧍	U+209CD	nhú
𠧞	U+209DE	triệu
𠧟	U+209DF	nãi
𠧤	U+209E4	nãi
𠧩	U+209E9	hối
𠧪	U+209EA	điều
𠧱	U+209F1	nãi
𠧷	U+209F7	nãi
𠧸	U+209F8	lỗ
𠨞	U+20A1E	khanh
𠨡	U+20A21	trứng
𠨪	U+20A2A	nghèo
𠩄	U+20A44	sở
𠩕	U+20A55	mé
𠩺	U+20A7A	ly
𠪨	U+20AA8	triền
𠪱	U+20AB1	lịch
𠪸	U+20AB8	rạp
𠫅	U+20AC5	dày
𠫆	U+20AC6	dầy
𠫏	U+20ACF	rột
𠫓	U+20AD3	đột
𠫔	U+20AD4	quăng
𠫖	U+20AD6	quăng
𠫗	U+20AD7	nhựu
𠫙	U+20AD9	khung|quăng
𠫚	U+20ADA	mâu
𠫝	U+20ADD	chưởng
𠫞	U+20ADE	đoái
𠫟	U+20ADF	khứ
𠫠	U+20AE0	đồ
𠫤	U+20AE4	lận
𠫥	U+20AE5	khứ
𠫦	U+20AE6	đế
𠫨	U+20AE8	đoái
𠫩	U+20AE9	tranh
𠫪	U+20AEA	lục
𠫫	U+20AEB	hoa
𠫱	U+20AF1	trai
𠫸	U+20AF8	tề
𠫹	U+20AF9	đan
𠫻	U+20AFB	bổn
𠫼	U+20AFC	tề
𠫾	U+20AFE	đi
𠬀	U+20B00	súc
𠬂	U+20B02	giả
𠬃	U+20B03	bỏ
𠬇	U+20B07	khí
𠬉	U+20B09	tránh
𠬍	U+20B0D	tuấn|xuân
𠬑	U+20B11	khứ
𠬒	U+20B12	cút
𠬕	U+20B15	bỏ
𠬖	U+20B16	bỏ
𠬛	U+20B1B	một
𠬜	U+20B1C	phan
𠬠	U+20B20	một
𠬢	U+20B22	thao
𠬪	U+20B2A	phiếu
𠭤	U+20B64	trở
𠭯	U+20B6F	tra
𠮩	U+20BA9	léo
𠮾	U+20BBE	ngọt|ân
𠮿	U+20BBF	xôn
𠯅	U+20BC5	dức
𠯇	U+20BC7	rỉ
𠯋	U+20BCB	hề
𠯑	U+20BD1	quát
𠯦	U+20BE6	thét
𠯪	U+20BEA	ngát
𠯮	U+20BEE	phẩm
𠯹	U+20BF9	nhẵng
𠯻	U+20BFB	ào
𠯼	U+20BFC	dành
𠯽	U+20BFD	chửi
𠯾	U+20BFE	tườu
𠯿	U+20BFF	lóc
𠰀	U+20C00	diếu
𠰁	U+20C01	gáy
𠰂	U+20C02	ngoen
𠰃	U+20C03	nhảm
𠰉	U+20C09	nhậu|siêu
𠰌	U+20C0C	mách
𠰍	U+20C0D	chõ
𠰏	U+20C0F	mớm
𠰙	U+20C19	khen
𠰭	U+20C2D	méo
𠰳	U+20C33	phĩnh
𠰷	U+20C37	lơ
𠰺	U+20C3A	dạy
𠱀	U+20C40	phờ
𠱄	U+20C44	miệng
𠱅	U+20C45	quai
𠱆	U+20C46	dặng
𠱇	U+20C47	hoẹt
𠱈	U+20C48	thẻ
𠱉	U+20C49	rịn
𠱊	U+20C4A	sẽ
𠱋	U+20C4B	rồ
𠱌	U+20C4C	nhại
𠱍	U+20C4D	phớm
𠱜	U+20C5C	chùn
𠱤	U+20C64	tròi
𠱰	U+20C70	châu
𠱶	U+20C76	vổ
𠲏	U+20C8F	nhắm
𠲓	U+20C93	hàng
𠲔	U+20C94	nhiếc
𠲖	U+20C96	e
𠲜	U+20C9C	giành
𠲟	U+20C9F	gạn
𠲠	U+20CA0	thầu
𠲡	U+20CA1	hão
𠲢	U+20CA2	đáu
𠲣	U+20CA3	huýt
𠲤	U+20CA4	nhở
𠲥	U+20CA5	lẽ
𠲦	U+20CA6	nhung
𠲧	U+20CA7	thức
𠲨	U+20CA8	trề
𠲮	U+20CAE	khinh
𠲵	U+20CB5	mép
𠲹	U+20CB9	cãi
𠲺	U+20CBA	ngập
𠲿	U+20CBF	thốc
𠳋	U+20CCB	khiển
𠳐	U+20CD0	vâng
𠳑	U+20CD1	ực
𠳒	U+20CD2	lời
𠳗	U+20CD7	xác
𠳘	U+20CD8	nhú
𠳙	U+20CD9	thay
𠳚	U+20CDA	cãi
𠳝	U+20CDD	bựa
𠳨	U+20CE8	hỏi
𠳹	U+20CF9	sằng
𠳺	U+20CFA	lẩn
𠳿	U+20CFF	vãi
𠴉	U+20D09	ngoẻn
𠴊	U+20D0A	rở
𠴋	U+20D0B	phào
𠴌	U+20D0C	nhanh
𠴍	U+20D0D	nhắn
𠴎	U+20D0E	óc
𠴏	U+20D0F	màng
𠴐	U+20D10	núc
𠴑	U+20D11	nở
𠴒	U+20D12	rểnh
𠴓	U+20D13	đay
𠴔	U+20D14	chiềng
𠴕	U+20D15	diễu
𠴖	U+20D16	vọi
𠴗	U+20D17	dỗ
𠴘	U+20D18	thổn
𠴙	U+20D19	bở
𠴚	U+20D1A	toác
𠴛	U+20D1B	gùng
𠴜	U+20D1C	kẽ
𠴝	U+20D1D	uông
𠴞	U+20D1E	bạn
𠴟	U+20D1F	miết
𠴠	U+20D20	biếng
𠴤	U+20D24	vũm
𠴥	U+20D25	ngoàm
𠴫	U+20D2B	thút|tịch
𠴱	U+20D31	hồ
𠴲	U+20D32	đạp
𠴼	U+20D3C	đáu
𠵋	U+20D4B	nẹt
𠵏	U+20D4F	xạp
𠵐	U+20D50	mép
𠵘	U+20D58	mồm
𠵚	U+20D5A	ngán
𠵦	U+20D66	ngỗ|ngộ
𠵨	U+20D68	ngáy
𠵩	U+20D69	quở
𠵱	U+20D71	e
𠵽	U+20D7D	phập
𠶀	U+20D80	thăm
𠶁	U+20D81	nhử
𠶂	U+20D82	sủa
𠶃	U+20D83	ngoạm
𠶄	U+20D84	gạ
𠶅	U+20D85	trêu
𠶆	U+20D86	mời
𠶇	U+20D87	viếng
𠶈	U+20D88	sỗ
𠶉	U+20D89	bặng
𠶊	U+20D8A	phà
𠶋	U+20D8B	rỉa
𠶌	U+20D8C	cặn
𠶍	U+20D8D	chũm
𠶎	U+20D8E	bẻ
𠶏	U+20D8F	phỉnh
𠶐	U+20D90	nghễnh
𠶑	U+20D91	u
𠶒	U+20D92	đắt
𠶓	U+20D93	bẻo
𠶔	U+20D94	quại
𠶕	U+20D95	nhàu
𠶖	U+20D96	uống
𠶗	U+20D97	sực
𠶘	U+20D98	sắt
𠶙	U+20D99	bộp
𠶚	U+20D9A	ạ
𠶛	U+20D9B	kiêng
𠶜	U+20D9C	chế
𠶝	U+20D9D	sựa
𠶞	U+20D9E	nhính
𠶟	U+20D9F	ép
𠶠	U+20DA0	trẹ
𠶡	U+20DA1	trối
𠶢	U+20DA2	dù
𠶣	U+20DA3	mai
𠶤	U+20DA4	sượng
𠶥	U+20DA5	khúng
𠶦	U+20DA6	mẹo
𠶯	U+20DAF	chụt
𠷇	U+20DC7	thè
𠷔	U+20DD4	táng
𠷠	U+20DE0	khải
𠷤	U+20DE4	phào
𠷥	U+20DE5	đành
𠷦	U+20DE6	miếng
𠷿	U+20DFF	trách
𠸂	U+20E02	giọt
𠸄	U+20E04	inh
𠸍	U+20E0D	mé
𠸒	U+20E12	bảu
𠸓	U+20E13	quát
𠸔	U+20E14	nịu
𠸕	U+20E15	dặn
𠸗	U+20E17	xưa
𠸘	U+20E18	tục
𠸙	U+20E19	sống
𠸚	U+20E1A	cảu
𠸛	U+20E1B	tên
𠸜	U+20E1C	tên
𠸞	U+20E1E	đúm
𠸟	U+20E1F	bai
𠸠	U+20E20	bí
𠸡	U+20E21	hực
𠸢	U+20E22	phức
𠸣	U+20E23	hòng
𠸤	U+20E24	giãi
𠸥	U+20E25	kể
𠸦	U+20E26	khan
𠸧	U+20E27	khạc
𠸨	U+20E28	láy
𠸩	U+20E29	rên
𠸪	U+20E2A	vặc
𠸫	U+20E2B	tâu
𠸬	U+20E2C	xầm
𠸺	U+20E3A	ngách
𠸼	U+20E3C	mời
𠸽	U+20E3D	chìa
𠸾	U+20E3E	mấp
𠹗	U+20E57	chát
𠹛	U+20E5B	há
𠹯	U+20E6F	bẹ
𠹰	U+20E70	bèm
𠹱	U+20E71	khừ
𠹲	U+20E72	chứ
𠹳	U+20E73	cợt
𠹴	U+20E74	quằn
𠹼	U+20E7C	rỉa
𠹽	U+20E7D	cay
𠹾	U+20E7E	chịu
𠺕	U+20E95	trêu
𠺙	U+20E99	thối
𠺚	U+20E9A	băn
𠺟	U+20E9F	khò
𠺠	U+20EA0	lúng
𠺥	U+20EA5	chịu
𠺦	U+20EA6	chói
𠺧	U+20EA7	diều
𠺨	U+20EA8	rỉ
𠺩	U+20EA9	trơu
𠺭	U+20EAD	bỗng
𠺮	U+20EAE	thè
𠺯	U+20EAF	vòng
𠺰	U+20EB0	xằng
𠺱	U+20EB1	húng
𠺲	U+20EB2	chán
𠺳	U+20EB3	ghê
𠺴	U+20EB4	hát
𠺵	U+20EB5	chắc
𠺶	U+20EB6	nớp
𠺷	U+20EB7	choạc
𠺸	U+20EB8	tỉm
𠺹	U+20EB9	ri
𠺺	U+20EBA	qué
𠺻	U+20EBB	cốp
𠺼	U+20EBC	xui
𠺽	U+20EBD	sượt
𠺾	U+20EBE	chau
𠺿	U+20EBF	ngoan
𠻀	U+20EC0	dò
𠻁	U+20EC1	gương
𠻂	U+20EC2	ngốn
𠻃	U+20EC3	han
𠻄	U+20EC4	oang
𠻅	U+20EC5	bẹp
𠻆	U+20EC6	giận
𠻇	U+20EC7	dại
𠻈	U+20EC8	ớn
𠻉	U+20EC9	quát
𠻊	U+20ECA	tuệch
𠻋	U+20ECB	bựa
𠻒	U+20ED2	ngoạm
𠻓	U+20ED3	thòi
𠻜	U+20EDC	suất
𠻤	U+20EE4	dớn
𠻥	U+20EE5	sạo
𠻪	U+20EEA	ngoạn
𠻵	U+20EF5	mảng
𠻷	U+20EF7	hẹn
𠻼	U+20EFC	nhậu
𠻽	U+20EFD	mồi
𠼕	U+20F15	vời
𠼖	U+20F16	lảm
𠼦	U+20F26	mướn
𠼪	U+20F2A	dày
𠼯	U+20F2F	hớ
𠼲	U+20F32	nhôi
𠼳	U+20F33	cằn
𠼴	U+20F34	khoạch
𠼵	U+20F35	dành
𠼶	U+20F36	nín
𠼷	U+20F37	thay
𠼸	U+20F38	ện
𠼹	U+20F39	gằn
𠼺	U+20F3A	dặn
𠼼	U+20F3C	bĩu
𠼽	U+20F3D	mách
𠼾	U+20F3E	sòng
𠼿	U+20F3F	rẳn
𠽀	U+20F40	ngáu
𠽁	U+20F41	xớ
𠽂	U+20F42	đần
𠽃	U+20F43	chiếp
𠽄	U+20F44	thăm
𠽅	U+20F45	thùng
𠽆	U+20F46	nuốt
𠽇	U+20F47	nạt
𠽈	U+20F48	thỉn
𠽉	U+20F49	thầm
𠽊	U+20F4A	mởn
𠽋	U+20F4B	nấc
𠽌	U+20F4C	toét
𠽍	U+20F4D	rầm
𠽎	U+20F4E	nhai
𠽏	U+20F4F	hám
𠽐	U+20F50	ngớ
𠽑	U+20F51	xịa
𠽒	U+20F52	nhỉnh
𠽓	U+20F53	ngốn
𠽔	U+20F54	thưa
𠽕	U+20F55	thẹp
𠽖	U+20F56	giục
𠽗	U+20F57	nhẳn
𠽘	U+20F58	hẳng
𠽙	U+20F59	nhả
𠽚	U+20F5A	chồng
𠽛	U+20F5B	oàm
𠽞	U+20F5E	hổn
𠽮	U+20F6E	dè
𠽾	U+20F7E	phổ
𠾀	U+20F80	húp
𠾒	U+20F92	nhả
𠾓	U+20F93	trếu
𠾔	U+20F94	thuế
𠾕	U+20F95	đòi
𠾛	U+20F9B	ngoàng
𠾣	U+20FA3	rùm
𠾦	U+20FA6	bai
𠾷	U+20FB7	váo
𠾸	U+20FB8	sêu
𠾹	U+20FB9	nuốt
𠾺	U+20FBA	thẹn
𠾻	U+20FBB	giạm
𠾼	U+20FBC	toẹt
𠾽	U+20FBD	nhún
𠾾	U+20FBE	nhấp
𠾿	U+20FBF	hẫng
𠿀	U+20FC0	sáo
𠿁	U+20FC1	khì
𠿂	U+20FC2	xép
𠿃	U+20FC3	môi
𠿄	U+20FC4	ngậu
𠿈	U+20FC8	rầu
𠿒	U+20FD2	hét
𠿕	U+20FD5	khiếu|kiều
𠿚	U+20FDA	nhịp
𠿛	U+20FDB	lỗ
𠿮	U+20FEE	ẫm
𠿯	U+20FEF	ngùi
𠿰	U+20FF0	sứt
𠿱	U+20FF1	nhạo
𠿲	U+20FF2	đắt
𠿳	U+20FF3	lèm
𠿴	U+20FF4	ngáy
𠿵	U+20FF5	khắn
𠿶	U+20FF6	choán
𠿷	U+20FF7	nháo
𠿸	U+20FF8	ngạt
𠿹	U+20FF9	nhẩm
𠿺	U+20FFA	táng
𠿿	U+20FFF	ngợi
𡀂	U+21002	lôi
𡀇	U+21007	đổng
𡀔	U+21014	rố
𡀠	U+21020	bịa
𡀡	U+21021	ních
𡀢	U+21022	tuông
𡀣	U+21023	cằn
𡀤	U+21024	đù
𡀥	U+21025	phào
𡀦	U+21026	ồn
𡀧	U+21027	oái
𡀨	U+21028	bõ
𡀩	U+21029	lác
𡀪	U+2102A	vời
𡀫	U+2102B	bấm
𡀬	U+2102C	tủi
𡀭	U+2102D	cạu
𡀮	U+2102E	nếu
𡀯	U+2102F	chuyện
𡀰	U+21030	thôi
𡀱	U+21031	hào
𡀲	U+21032	cay
𡀳	U+21033	quằn
𡀴	U+21034	ủa
𡀵	U+21035	khoác
𡀶	U+21036	ngòn
𡀷	U+21037	rộn
𡀿	U+2103F	rủ
𡁎	U+2104E	dở
𡁕	U+21055	tạp
𡁙	U+21059	kháy
𡁚	U+2105A	hớn
𡁛	U+2105B	nôn
𡁜	U+2105C	hoẹ
𡁝	U+2105D	hắng
𡁞	U+2105E	xào
𡁤	U+21064	cạc
𡁹	U+21079	dỗ
𡁺	U+2107A	ngốn
𡁼	U+2107C	phều
𡁽	U+2107D	chạ
𡁾	U+2107E	thót
𡁿	U+2107F	sô
𡂀	U+21080	khào
𡂁	U+21081	xổng
𡂂	U+21082	ngỡ
𡂃	U+21083	hún
𡂄	U+21084	phở
𡂅	U+21085	mõm
𡂆	U+21086	rệu
𡂇	U+21087	mớm
𡂈	U+21088	vọc
𡂉	U+21089	thè
𡂌	U+2108C	xỉn
𡂍	U+2108D	eng
𡂎	U+2108E	lóc
𡂑	U+21091	bàn
𡂒	U+21092	chợt
𡂓	U+21093	thách
𡂙	U+21099	trề
𡂪	U+210AA	già|giá
𡂮	U+210AE	ngau
𡂯	U+210AF	rẳng
𡂰	U+210B0	răn
𡂱	U+210B1	đắng
𡂲	U+210B2	rày
𡂳	U+210B3	trối
𡂵	U+210B5	nhảnh
𡂷	U+210B7	khoăn
𡂹	U+210B9	thỏm
𡃊	U+210CA	khẽ
𡃋	U+210CB	tròn
𡃌	U+210CC	nhặng
𡃍	U+210CD	chém
𡃎	U+210CE	phàn
𡃏	U+210CF	doạ
𡃐	U+210D0	dặn
𡃑	U+210D1	thánh
𡃒	U+210D2	bốc
𡃓	U+210D3	bựa
𡃔	U+210D4	trêu
𡃕	U+210D5	gùng
𡃖	U+210D6	lựa
𡃗	U+210D7	mua
𡃘	U+210D8	nhồm
𡃙	U+210D9	mút
𡃚	U+210DA	rền
𡃛	U+210DB	ngợi
𡃜	U+210DC	xạc
𡃹	U+210F9	chén
𡃺	U+210FA	ghẹo
𡃻	U+210FB	đắng
𡃼	U+210FC	thèo
𡃽	U+210FD	nhô
𡃾	U+210FE	phắc
𡃿	U+210FF	thớt
𡄀	U+21100	lạ
𡄁	U+21101	lúm
𡄍	U+2110D	rúc
𡄎	U+2110E	gặm
𡄏	U+2110F	hấm
𡄐	U+21110	úng
𡄡	U+21121	chay
𡄥	U+21125	liếm
𡄦	U+21126	lom
𡄧	U+21127	dẳng
𡄨	U+21128	nôn
𡄩	U+21129	khấn
𡄪	U+2112A	toe
𡄫	U+2112B	khem
𡄬	U+2112C	hùn
𡄭	U+2112D	thủng
𡄮	U+2112E	rèn
𡄯	U+2112F	ực
𡄰	U+21130	tốt
𡄸	U+21138	ung
𡄾	U+2113E	cẳn
𡅉	U+21149	dắng
𡅊	U+2114A	bún
𡅋	U+2114B	hụm
𡅌	U+2114C	giỡn
𡅍	U+2114D	nhẻo
𡅎	U+2114E	tróm
𡅏	U+2114F	lẫy
𡅐	U+21150	lành
𡅑	U+21151	ngọng
𡅒	U+21152	nhẩu
𡅠	U+21160	xằng
𡅢	U+21162	gặm
𡅧	U+21167	năn
𡅨	U+21168	thèm
𡅩	U+21169	dẻm
𡅪	U+2116A	nguyền
𡅫	U+2116B	ghẹo
𡅬	U+2116C	hoai
𡅯	U+2116F	ỏn
𡅳	U+21173	khuyên
𡅷	U+21177	ngậy
𡆁	U+21181	nhàu
𡆂	U+21182	xỏn
𡆄	U+21184	nhép
𡆈	U+21188	sặc
𡆌	U+2118C	kêu
𡆍	U+2118D	sặc
𡆑	U+21191	nhàm
𡆖	U+21196	trớm
𡆗	U+21197	lạ
𡆘	U+21198	hển
𡆙	U+21199	gièm
𡆚	U+2119A	gù
𡆞	U+2119E	giấu
𡆠	U+211A0	nhật
𡆡	U+211A1	khởi
𡆥	U+211A5	tù
𡆧	U+211A7	song
𡆨	U+211A8	lương
𡆩	U+211A9	yêu
𡆪	U+211AA	song
𡆬	U+211AC	nhân
𡆳	U+211B3	hốt
𡆵	U+211B5	hồ
𡆶	U+211B6	mô
𡆷	U+211B7	hốt|đồng
𡆸	U+211B8	nhật
𡆻	U+211BB	quốc
𡆼	U+211BC	uyên
𡆿	U+211BF	quốc
𡇁	U+211C1	nhật
𡇂	U+211C2	nhân
𡇃	U+211C3	ấp
𡇄	U+211C4	võng
𡇆	U+211C6	hốt
𡇉	U+211C9	hốt
𡇋	U+211CB	uyên
𡇎	U+211CE	quốc
𡇏	U+211CF	quốc
𡇒	U+211D2	mê
𡇔	U+211D4	lâu
𡇕	U+211D5	quốc
𡇗	U+211D7	nhật
𡇘	U+211D8	yêu
𡇛	U+211DB	chân
𡇜	U+211DC	hàm
𡇡	U+211E1	mục
𡇢	U+211E2	diện
𡇣	U+211E3	cổ
𡇨	U+211E8	nam
𡇩	U+211E9	đồ
𡇫	U+211EB	đồ
𡇬	U+211EC	cương
𡇲	U+211F2	nễ
𡇴	U+211F4	đồ
𡇸	U+211F8	quây
𡇹	U+211F9	nguyệt
𡇻	U+211FB	nhốt
𡇽	U+211FD	yên
𡇾	U+211FE	mạo
𡈀	U+21200	khuân
𡈇	U+21207	đồ
𡈈	U+21208	chuồng
𡈍	U+2120D	linh
𡈎	U+2120E	nhật
𡈑	U+21211	quốc
𡈒	U+21212	oan
𡈖	U+21216	đồ
𡈘	U+21218	mạo
𡈙	U+21219	ngoa
𡈚	U+2121A	tội
𡈝	U+2121D	mãn
𡈡	U+21221	chuồng
𡈦	U+21226	nhiễu
𡈩	U+21229	chuồng
𡈪	U+2122A	mãn
𡈭	U+2122D	ngục
𡈯	U+2122F	biển
𡈱	U+21231	ngoa
𡈸	U+21238	ngoa
𡈹	U+21239	hữu
𡈺	U+2123A	tròn
𡈼	U+2123C	trình
𡈽	U+2123D	thổ
𡉎	U+2124E	cong
𡉕	U+21255	hòn
𡉖	U+21256	cong
𡉦	U+21266	ngõ
𡉰	U+21270	chí
𡉽	U+2127D	lóc
𡉾	U+2127E	tum
𡉿	U+2127F	mốc
𡊄	U+21284	phấn
𡊏	U+2128F	chí
𡊠	U+212A0	nháp
𡊰	U+212B0	đền
𡊱	U+212B1	chậu
𡊲	U+212B2	chõ
𡊳	U+212B3	sành
𡊸	U+212B8	giồng
𡋀	U+212C0	rẫy
𡋁	U+212C1	niêu
𡋂	U+212C2	nền
𡋃	U+212C3	lòi
𡋥	U+212E5	cát
𡋦	U+212E6	vách
𡋯	U+212EF	bột
𡋿	U+212FF	lở
𡌀	U+21300	bết
𡌠	U+21320	đáy
𡌡	U+21321	đĩa
𡌢	U+21322	hầm
𡌣	U+21323	bãi
𡌽	U+2133D	đám
𡌿	U+2133F	gềnh
𡍘	U+21358	ché
𡍙	U+21359	vung
𡍚	U+2135A	lấm
𡍛	U+2135B	dũm
𡍜	U+2135C	mùn
𡍝	U+2135D	nùi
𡍞	U+2135E	thềm
𡍟	U+2135F	xủi
𡍢	U+21362	gò
𡍣	U+21363	bến
𡍪	U+2136A	tráp
𡎖	U+21396	huân
𡎛	U+2139B	bùn
𡎜	U+2139C	nấm
𡎝	U+2139D	cõi
𡎞	U+2139E	triêng
𡎟	U+2139F	hang
𡎠	U+213A0	giềng
𡎡	U+213A1	mỏ
𡎢	U+213A2	ngồi
𡎣	U+213A3	chậu
𡎤	U+213A4	mẻ
𡎥	U+213A5	ngồi
𡎦	U+213A6	ngồi
𡎭	U+213AD	thống
𡏘	U+213D8	hè
𡏛	U+213DB	hè
𡏟	U+213DF	dũm
𡏠	U+213E0	hông
𡏡	U+213E1	luống
𡏢	U+213E2	mả
𡏣	U+213E3	xó
𡏤	U+213E4	ngạch
𡏥	U+213E5	trét
𡏦	U+213E6	xây
𡏧	U+213E7	bụi
𡏯	U+213EF	vại
𡏽	U+213FD	đập
𡐗	U+21417	hốc
𡐘	U+21418	nứt
𡐙	U+21419	đất
𡐚	U+2141A	ngừa
𡐮	U+2142E	ve
𡐯	U+2142F	hè
𡑒	U+21452	cối
𡑓	U+21453	chum
𡑖	U+21456	đồi
𡑗	U+21457	thoai
𡑝	U+2145D	lăn
𡑩	U+21469	nẻo
𡑪	U+2146A	cát
𡑭	U+2146D	cối
𡑰	U+21470	vườn
𡑱	U+21471	cồn
𡑲	U+21472	gốm
𡑳	U+21473	cồn
𡑴	U+21474	đền
𡑵	U+21475	vồng
𡒄	U+21484	lẫm
𡒘	U+21498	đào
𡒪	U+214AA	ệch
𡒫	U+214AB	cấu
𡒬	U+214AC	ghè
𡒭	U+214AD	niêu
𡒮	U+214AE	sướng
𡒯	U+214AF	móng
𡒻	U+214BB	chật
𡓁	U+214C1	bãi
𡓂	U+214C2	đựng
𡓃	U+214C3	lối
𡓄	U+214C4	vùng
𡓅	U+214C5	ấm
𡓆	U+214C6	xệp
𡓇	U+214C7	chõ
𡓈	U+214C8	ghề
𡓋	U+214CB	đuôi
𡓎	U+214CE	vại
𡓏	U+214CF	sân
𡓔	U+214D4	lấm
𡓞	U+214DE	đốc
𡓟	U+214DF	chĩnh
𡓠	U+214E0	thó
𡓡	U+214E1	rãnh
𡓢	U+214E2	chễm
𡓥	U+214E5	chén
𡓮	U+214EE	ngồi
𡓯	U+214EF	chum
𡓾	U+214FE	rẫy
𡔃	U+21503	nặn
𡔍	U+2150D	chậu
𡔏	U+2150F	úng
𡔑	U+21511	lõm
𡔒	U+21512	nền
𡔔	U+21514	làn
𡔖	U+21516	bến
𡔷	U+21537	cổ
𡔽	U+2153D	thọ
𡔿	U+2153F	trấu
𡕕	U+21555	học
𡕵	U+21575	hè
𡖄	U+21584	ngoại
𡖇	U+21587	đa
𡖈	U+21588	đa
𡖡	U+215A1	nhóm
𡖱	U+215B1	bộn
𡖵	U+215B5	đêm
𡖼	U+215BC	sánh
𡗂	U+215C2	sai
𡗄	U+215C4	gồm
𡗅	U+215C5	về
𡗉	U+215C9	nhiều
𡗊	U+215CA	nhiều
𡗋	U+215CB	lắm
𡗎	U+215CE	tụm
𡗐	U+215D0	muống
𡗶	U+215F6	giời
𡘋	U+2160B	tinh
𡘮	U+2162E	mất
𡘯	U+2162F	lớn
𡘻	U+2163B	hành
𡙇	U+21647	khuyết
𡙉	U+21649	hành
𡙎	U+2164E	kiểu
𡙦	U+21666	sồ
𡙧	U+21667	mường
𡙴	U+21674	cành
𡙵	U+21675	nhớn
𡚃	U+21683	xộn
𡚄	U+21684	kếch
𡚆	U+21686	khuyết
𡚎	U+2168E	lạ
𡚚	U+2169A	lớn
𡚝	U+2169D	cồ
𡚡	U+216A1	to
𡚢	U+216A2	to
𡚦	U+216A6	đĩ
𡛔	U+216D4	gái
𡛤	U+216E4	nửa
𡜤	U+21724	đĩ
𡜶	U+21736	quát
𡝃	U+21743	bụa
𡝔	U+21754	kép
𡝕	U+21755	và
𡝖	U+21756	nỡ
𡝦	U+21766	vú
𡞔	U+21794	lâu
𡞕	U+21795	vợ
𡞖	U+21796	đĩ
𡞗	U+21797	bóng
𡞚	U+2179A	khẳng
𡟬	U+217EC	diệt
𡠜	U+2181C	mô
𡠣	U+21823	cưới
𡠾	U+2183E	mĩ
𡡂	U+21842	nhàng
𡡅	U+21845	lẹo
𡡆	U+21846	mìn
𡡇	U+21847	cái
𡡦	U+21866	đòi
𡡧	U+21867	dí
𡢐	U+21890	sau
𡢘	U+21898	dặng
𡢻	U+218BB	nợ
𡢼	U+218BC	vợ
𡢽	U+218BD	sui
𡣄	U+218C4	nịu
𡣕	U+218D5	tần
𡣧	U+218E7	mái
𡣨	U+218E8	cưới
𡣬	U+218EC	huyên
𡣻	U+218FB	sen
𡤊	U+2190A	chửa
𡤓	U+21913	mới
𡤔	U+21914	mới
𡤟	U+2191F	giỏi
𡤠	U+21920	rể
𡥈	U+21948	giao
𡥌	U+2194C	nhắt
𡥙	U+21959	cháu
𡥚	U+2195A	gã
𡥤	U+21964	nòi
𡥥	U+21965	đứa
𡥴	U+21974	nít
𡥵	U+21975	con
𡦂	U+21982	chữ
𡦅	U+21985	so
𡦧	U+219A7	rốt
𡦫	U+219AB	chắt
𡦮	U+219AE	nhắng
𡦶	U+219B6	côi
𡦽	U+219BD	võng
𡧍	U+219CD	tân
𡧏	U+219CF	võng
𡧘	U+219D8	tịch
𡧢	U+219E2	nhục
𡧯	U+219EF	tịch
𡧲	U+219F2	giữa
𡨁	U+21A01	tịch
𡨌	U+21A0C	giữa
𡨧	U+21A27	tốt
𡨸	U+21A38	chữ
𡨹	U+21A39	giữ
𡨺	U+21A3A	trữ
𡩏	U+21A4F	tân
𡩧	U+21A67	bảo
𡩻	U+21A7B	tẩm
𡪇	U+21A87	chữa
𡪜	U+21A9C	xum
𡪦	U+21AA6	chở
𡪻	U+21ABB	cỗ
𡫅	U+21AC5	tân
𡫐	U+21AD0	rèm
𡫡	U+21AE1	sao
𡫨	U+21AE8	kín
𡫫	U+21AEB	lần
𡫶	U+21AF6	lùng
𡬈	U+21B08	xuống
𡬷	U+21B37	tấc
𡬼	U+21B3C	gang
𡬾	U+21B3E	thụ
𡭉	U+21B49	bắn
𡭊	U+21B4A	đối
𡭕	U+21B55	cụt
𡭜	U+21B5C	mọn
𡭦	U+21B66	bủn
𡭧	U+21B67	chút
𡭫	U+21B6B	thúc
𡭬	U+21B6C	bé
𡭰	U+21B70	xíu
𡭱	U+21B71	chút
𡭲	U+21B72	trút
𡭴	U+21B74	khích
𡭺	U+21B7A	nhí
𡭻	U+21B7B	nhọn
𡮄	U+21B84	hoẻn
𡮅	U+21B85	nhẻ
𡮆	U+21B86	mọn
𡮇	U+21B87	chút
𡮈	U+21B88	nhỏ
𡮉	U+21B89	mọn
𡮊	U+21B8A	dẹp
𡮋	U+21B8B	may
𡮌	U+21B8C	bé
𡮍	U+21B8D	chút
𡮒	U+21B92	ót
𡮓	U+21B93	choai
𡮔	U+21B94	mảy
𡮗	U+21B97	hoằn
𡮘	U+21B98	mỏ
𡮛	U+21B9B	nít
𡮜	U+21B9C	xíu
𡮞	U+21B9E	hẹm
𡮠	U+21BA0	mày
𡮣	U+21BA3	bé
𡮤	U+21BA4	bé
𡮥	U+21BA5	bé
𡮨	U+21BA8	mảy
𡮩	U+21BA9	bé
𡮪	U+21BAA	khí
𡮫	U+21BAB	nhen
𡮬	U+21BAC	mọn
𡮭	U+21BAD	nhọn
𡮮	U+21BAE	mọn
𡮯	U+21BAF	tẹo
𡮲	U+21BB2	thơ
𡮳	U+21BB3	mảy
𡮵	U+21BB5	chuộng
𡮶	U+21BB6	chuộng
𡮷	U+21BB7	hèn
𡮸	U+21BB8	nhọn
𡮹	U+21BB9	mỏng
𡮺	U+21BBA	hèn
𡮽	U+21BBD	nhọn
𡮾	U+21BBE	nhẻo
𡯀	U+21BC0	oắt
𡰏	U+21C0F	ghềnh
𡰮	U+21C2E	ngạt
𡰶	U+21C36	hý
𡱂	U+21C42	đồn
𡱩	U+21C69	thước
𡱶	U+21C76	gợ
𡱸	U+21C78	gang
𡲈	U+21C88	vẻ
𡲤	U+21CA4	vả
𡲫	U+21CAB	vải
𡳀	U+21CC0	ngoe
𡳁	U+21CC1	xái
𡳃	U+21CC3	cuối
𡳎	U+21CCE	vã
𡳒	U+21CD2	vẽ
𡳛	U+21CDB	cứt
𡳜	U+21CDC	cuối
𡳝	U+21CDD	rốt
𡳢	U+21CE2	đo
𡳣	U+21CE3	đo
𡳤	U+21CE4	đo
𡳥	U+21CE5	toi
𡳩	U+21CE9	vở
𡳪	U+21CEA	đuôi
𡳰	U+21CF0	cũ
𡳳	U+21CF3	cuối
𡳵	U+21CF5	cũ
𡳶	U+21CF6	cũ
𡳹	U+21CF9	vỡi
𡳺	U+21CFA	vía
𡳽	U+21CFD	nóc
𡴉	U+21D09	vòm
𡴎	U+21D0E	nghiệt
𡴢	U+21D22	nhòn
𡴯	U+21D2F	ngật
𡵉	U+21D49	ngút
𡵺	U+21D7A	cù
𡶀	U+21D80	núi
𡶁	U+21D81	đùn
𡶨	U+21DA8	ngàn
𡷙	U+21DD9	na
𡷨	U+21DE8	hình
𡸇	U+21E07	đèo
𡸏	U+21E0F	vọi
𡸣	U+21E23	nghiệp
𡹞	U+21E5E	ghềnh
𡹟	U+21E5F	chởm
𡹠	U+21E60	nghi
𡹡	U+21E61	ghềnh
𡺥	U+21EA5	ngổng
𡺦	U+21EA6	din
𡻓	U+21ED3	vọi
𡻔	U+21ED4	rặng
𡻕	U+21ED5	tuế
𡻖	U+21ED6	von
𡻗	U+21ED7	chớn
𡼇	U+21F07	mỏm
𡼈	U+21F08	chóp
𡼲	U+21F32	khâm
𡼸	U+21F38	vót
𡼹	U+21F39	rừng
𡼾	U+21F3E	khoái
𡽫	U+21F6B	non
𡽾	U+21F7E	lởm
𡾆	U+21F86	ngạch
𡾫	U+21FAB	đồi
𡾬	U+21FAC	dốc
𡾭	U+21FAD	lởm
𡾵	U+21FB5	ngôi
𡿃	U+21FC3	ngạch
𡿅	U+21FC5	ngông
𡿕	U+21FD5	nguyên
𡿧	U+21FE7	tai
𡿨	U+21FE8	khuyển|quyển
𡿪	U+21FEA	liệt
𢀥	U+22025	vâng
𢀦	U+22026	sửa
𢀧	U+22027	trọn
𢀨	U+22028	sang
𢀫	U+2202B	bẫng
𢀬	U+2202C	lớn
𢀭	U+2202D	giầu
𢀮	U+2202E	sấm
𢀱	U+22031	to
𢀲	U+22032	lớn
𢁊	U+2204A	xức
𢁋	U+2204B	trăng
𢁍	U+2204D	va
𢁑	U+22051	trái
𢁥	U+22065	phân
𢁸	U+22078	phướn
𢂌	U+2208C	đãy
𢂎	U+2208E	du|dù
𢂚	U+2209A	trác
𢂜	U+2209C	vua
𢂰	U+220B0	tranh
𢃈	U+220C8	lọng
𢃉	U+220C9	bịt
𢃊	U+220CA	vua
𢃱	U+220F1	mũ
𢃳	U+220F3	bả
𢄂	U+22102	chợ
𢄃	U+22103	phới
𢄐	U+22110	mông
𢄓	U+22113	ổ
𢄝	U+2211D	bâu
𢄩	U+22129	dải
𢄯	U+2212F	mấn
𢄹	U+22139	kiệu
𢅄	U+22144	vải
𢅅	U+22145	quạt
𢅆	U+22146	mành
𢅛	U+2215B	long
𢅧	U+22167	mền
𢅨	U+22168	quy
𢅬	U+2216C	chăn
𢆁	U+22181	rèm
𢆉	U+22189	nhẫm
𢆑	U+22191	thúc
𢆕	U+22195	phẳng
𢆘	U+22198	nẽn
𢆠	U+221A0	lài
𢆥	U+221A5	năm
𢆧	U+221A7	may
𢆨	U+221A8	may
𢆪	U+221AA	may
𢆫	U+221AB	tuổi
𢆭	U+221AD	nến
𢆲	U+221B2	ấu
𢆶	U+221B6	u
𢆿	U+221BF	tư
𢇁	U+221C1	ty
𢇇	U+221C7	quan
𢇉	U+221C9	dối
𢇍	U+221CD	tuyệt
𢇡	U+221E1	khuya
𢇢	U+221E2	sến
𢇱	U+221F1	hè
𢇻	U+221FB	tri
𢇼	U+221FC	quỷ
𢈈	U+22208	hạp|áp
𢈖	U+22216	chái
𢈘	U+22218	lộc
𢈱	U+22231	lời
𢉖	U+22256	lộc
𢉽	U+2227D	kho
𢉾	U+2227E	u
𢊍	U+2228D	trù
𢊑	U+22291	vựa
𢊫	U+222AB	vòm
𢊺	U+222BA	lựu
𢋁	U+222C1	cứu
𢋇	U+222C7	dao|đao
𢋠	U+222E0	đáy
𢋨	U+222E8	triền
𢋬	U+222EC	chòi
𢋴	U+222F4	đáy
𢌇	U+22307	pháp
𢌊	U+2230A	rộng
𢌌	U+2230C	rộng
𢌎	U+2230E	nghịt
𢍿	U+2237F	tường
𢎗	U+22397	cung
𢎘	U+22398	cung
𢎧	U+223A7	nãi
𢏑	U+223D1	bắn
𢏠	U+223E0	giằng
𢏡	U+223E1	tên
𢏢	U+223E2	cong
𢏣	U+223E3	cong
𢏩	U+223E9	nãi
𢏮	U+223EE	uyên
𢏿	U+223FF	vốn
𢐎	U+2240E	khom
𢑘	U+22458	mị
𢒃	U+22483	thi
𢒈	U+22488	hình
𢒎	U+2248E	bay
𢒞	U+2249E	rằn
𢕔	U+22554	chương
𢕸	U+22578	săn
𢖀	U+22580	suốt
𢖊	U+2258A	phinh
𢖍	U+2258D	hành
𢖕	U+22595	sau
𢖖	U+22596	sau
𢖩	U+225A9	tâm
𢖮	U+225AE	ắt
𢖱	U+225B1	nải|sám
𢖺	U+225BA	nhác
𢗆	U+225C6	rượn
𢗉	U+225C9	nuối
𢗊	U+225CA	giới
𢗖	U+225D6	nhầm
𢗗	U+225D7	thiệt
𢗚	U+225DA	tệch
𢗠	U+225E0	thít
𢗷	U+225F7	thoải
𢗸	U+225F8	sẩu
𢗼	U+225FC	lo
𢗽	U+225FD	tẻ
𢗾	U+225FE	ngượng
𢘍	U+2260D	phật
𢘝	U+2261D	nể
𢘬	U+2262C	sã
𢘭	U+2262D	rùng
𢘮	U+2262E	rắp
𢘻	U+2263B	tất
𢙅	U+22645	hấp
𢙔	U+22654	lẫy
𢙕	U+22655	ghiếc
𢙩	U+22669	rủi
𢙪	U+2266A	đổi
𢙫	U+2266B	nhớn
𢙬	U+2266C	e
𢙭	U+2266D	tim
𢙲	U+22672	lỡ
𢙵	U+22675	đẽ
𢙽	U+2267D	mủi
𢚲	U+226B2	cảy
𢚳	U+226B3	xôn
𢚴	U+226B4	dặn
𢚵	U+226B5	dãi
𢚶	U+226B6	thoả
𢚷	U+226B7	giận
𢚸	U+226B8	lòng
𢚹	U+226B9	khuây
𢚼	U+226BC	ngớp
𢚽	U+226BD	mến
𢛁	U+226C1	đát
𢛅	U+226C5	hỗ
𢜏	U+2270F	mừng
𢜗	U+22717	vụng
𢜜	U+2271C	hổ
𢜝	U+2271D	sực
𢜞	U+2271E	lười
𢜠	U+22720	mừng
𢜡	U+22721	thiếp
𢜢	U+22722	bẽ
𢜥	U+22725	cừu
𢜮	U+2272E	vũ
𢜯	U+2272F	vũ
𢝘	U+22758	nết
𢝙	U+22759	vui
𢝚	U+2275A	rẩy
𢝛	U+2275B	khít
𢝜	U+2275C	đành
𢝰	U+22770	tổng
𢝳	U+22773	hòng
𢝸	U+22778	ủa
𢞂	U+22782	buồn
𢞃	U+22783	hòng
𢞄	U+22784	cáu
𢞅	U+22785	éo
𢞆	U+22786	ngán
𢟎	U+227CE	đùa
𢟏	U+227CF	sệt
𢟐	U+227D0	chua
𢟑	U+227D1	hên
𢟒	U+227D2	năn
𢟓	U+227D3	tẻ
𢟔	U+227D4	thói
𢟕	U+227D5	nép
𢟖	U+227D6	tởm
𢟗	U+227D7	nết
𢟘	U+227D8	chắc
𢟙	U+227D9	chăm
𢟚	U+227DA	quên
𢟛	U+227DB	riếu
𢟞	U+227DE	nhóng
𢟟	U+227DF	dát
𢟹	U+227F9	nhuốc
𢠄	U+22804	sùng
𢠅	U+22805	thung
𢠆	U+22806	thuồng
𢠇	U+22807	hở
𢠈	U+22808	bẳn
𢠉	U+22809	ngẩu
𢠐	U+22810	ngơ
𢠣	U+22823	giận
𢠤	U+22824	đần
𢠥	U+22825	gàn
𢠦	U+22826	hớn
𢠧	U+22827	mẩm
𢠨	U+22828	mẩn
𢠩	U+22829	mơ
𢠪	U+2282A	ngoảy
𢠯	U+2282F	lắng
𢠸	U+22838	xác|đạn
𢡱	U+22871	xác
𢡿	U+2287F	nhờn
𢢁	U+22881	sờn
𢢂	U+22882	ghét
𢢄	U+22884	ngùng
𢢅	U+22885	chiều
𢢆	U+22886	thẹn
𢢇	U+22887	tủi
𢢈	U+22888	hằn
𢢉	U+22889	nức
𢢊	U+2288A	đòi
𢢋	U+2288B	nhằng
𢢣	U+228A3	giải
𢢬	U+228AC	gờm
𢢯	U+228AF	nguôi
𢢲	U+228B2	đẹp
𢢽	U+228BD	khắn
𢣀	U+228C0	ngấy
𢣂	U+228C2	nghĩ
𢣃	U+228C3	tủi
𢣄	U+228C4	quớ
𢣅	U+228C5	nhác
𢣆	U+228C6	tuông
𢣇	U+228C7	hằm
𢣈	U+228C8	não
𢣧	U+228E7	khuây
𢣸	U+228F8	ngỡ
𢣹	U+228F9	hửng
𢤛	U+2291B	bỡ
𢤜	U+2291C	chạnh
𢤝	U+2291D	chăm
𢤞	U+2291E	hờn
𢤟	U+2291F	chán
𢤠	U+22920	lẽn
𢤡	U+22921	dỗi
𢤢	U+22922	nhịt
𢤣	U+22923	tẽn
𢤥	U+22925	ý
𢤧	U+22927	mạc
𢥅	U+22945	cẫm
𢥆	U+22946	lung
𢥇	U+22947	chán
𢥈	U+22948	lo
𢥉	U+22949	nhãng
𢥖	U+22956	trai
𢥞	U+2295E	xung
𢥠	U+22960	song
𢥢	U+22962	ngẩn
𢥣	U+22963	giỡn
𢥪	U+2296A	nản
𢥶	U+22976	ngủng
𢥷	U+22977	ngơi
𢦂	U+22982	lờn
𢦄	U+22984	thò
𢧌	U+229CC	quốc
𢧚	U+229DA	nên
𢧲	U+229F2	ta
𢧵	U+229F5	tiệt
𢨃	U+22A03	mác
𢨪	U+22A2A	sĩ
𢨵	U+22A35	ngõ
𢩉	U+22A49	cổng
𢩊	U+22A4A	quanh
𢩛	U+22A5B	cổng
𢩜	U+22A5C	họ
𢩣	U+22A63	buồng
𢩤	U+22A64	mướn
𢩧	U+22A67	hắt
𢩨	U+22A68	xảo
𢩪	U+22A6A	tríu
𢩭	U+22A6D	thuốn
𢩮	U+22A6E	dắt
𢩽	U+22A7D	dẩy
𢩾	U+22A7E	chộp
𢩿	U+22A7F	sẻ
𢪀	U+22A80	nghĩ
𢪗	U+22A97	vục
𢪥	U+22AA5	vật
𢪭	U+22AAD	giạm
𢪮	U+22AAE	móc
𢪯	U+22AAF	tháy
𢪰	U+22AB0	ngắt
𢪱	U+22AB1	vắt
𢪲	U+22AB2	nâng
𢪳	U+22AB3	vập
𢪷	U+22AB7	múc
𢫃	U+22AC3	kéo
𢫄	U+22AC4	giạt
𢫅	U+22AC5	thắt
𢫆	U+22AC6	vụn
𢫈	U+22AC8	gõ
𢫌	U+22ACC	tha
𢫑	U+22AD1	ngoáy
𢫕	U+22AD5	vểnh
𢫖	U+22AD6	trọt
𢫗	U+22AD7	phạch
𢫘	U+22AD8	so
𢫙	U+22AD9	đậy
𢫚	U+22ADA	xáo
𢫛	U+22ADB	ngoặc
𢫜	U+22ADC	trụm
𢫝	U+22ADD	rung
𢫞	U+22ADE	quấy
𢫟	U+22ADF	sảy
𢫠	U+22AE0	oằn
𢫡	U+22AE1	dựng
𢫣	U+22AE3	bắc
𢫦	U+22AE6	phách
𢫪	U+22AEA	oản
𢬄	U+22B04	bưng
𢬅	U+22B05	têm
𢬇	U+22B07	giữ
𢬐	U+22B10	múc
𢬗	U+22B17	chùi
𢬢	U+22B22	díu
𢬣	U+22B23	tay
𢬤	U+22B24	khuống
𢬥	U+22B25	giàng
𢬦	U+22B26	lẩy
𢬧	U+22B27	nêm
𢬨	U+22B28	nhứ
𢬩	U+22B29	phiết
𢬭	U+22B2D	đổi
𢬮	U+22B2E	vớt
𢬱	U+22B31	khép
𢬵	U+22B35	phiên
𢬹	U+22B39	cạy
𢬿	U+22B3F	xới
𢭑	U+22B51	thước
𢭗	U+22B57	lẳng
𢭜	U+22B5C	xắc
𢭝	U+22B5D	nhẫn
𢭫	U+22B6B	ngón
𢭬	U+22B6C	gạn
𢭭	U+22B6D	quáo
𢭮	U+22B6E	cạy
𢭯	U+22B6F	quét
𢭰	U+22B70	trỏ
𢭱	U+22B71	đẵn
𢭲	U+22B72	vói
𢭳	U+22B73	giấu
𢭴	U+22B74	khuấy
𢭵	U+22B75	nhổ
𢭶	U+22B76	vẫy
𢭷	U+22B77	vọm
𢭸	U+22B78	tựa
𢭹	U+22B79	lấn
𢭺	U+22B7A	dụi
𢭻	U+22B7B	xoi
𢭼	U+22B7C	dìu
𢭽	U+22B7D	chằm
𢭾	U+22B7E	buông
𢭿	U+22B7F	phảy
𢮀	U+22B80	sờ
𢮑	U+22B91	róc
𢮩	U+22BA9	co
𢮪	U+22BAA	rộn
𢮫	U+22BAB	nhổ
𢮬	U+22BAC	chút
𢮭	U+22BAD	cọ
𢮿	U+22BBF	quay
𢯏	U+22BCF	bẻ
𢯐	U+22BD0	co
𢯑	U+22BD1	quải
𢯒	U+22BD2	bóp
𢯓	U+22BD3	và
𢯔	U+22BD4	quắt
𢯕	U+22BD5	ngơi
𢯖	U+22BD6	khép
𢯗	U+22BD7	quấy
𢯘	U+22BD8	huơ
𢯙	U+22BD9	chẻ
𢯚	U+22BDA	nhổ
𢯛	U+22BDB	sắp
𢯜	U+22BDC	buộc
𢯝	U+22BDD	vén
𢯞	U+22BDE	vỗ
𢯟	U+22BDF	đứt
𢯠	U+22BE0	va
𢯡	U+22BE1	rọc
𢯢	U+22BE2	sửa
𢯤	U+22BE4	ngáng
𢯥	U+22BE5	ngón
𢯦	U+22BE6	lay
𢯧	U+22BE7	xỏ
𢯨	U+22BE8	níu
𢯮	U+22BEE	vựa
𢯷	U+22BF7	vầy
𢯹	U+22BF9	cách
𢰅	U+22C05	soạn
𢰥	U+22C25	đày
𢰳	U+22C33	éo
𢰺	U+22C3A	phũ
𢰽	U+22C3D	gắp
𢱎	U+22C4E	bới
𢱏	U+22C4F	đánh
𢱐	U+22C50	gieo
𢱒	U+22C52	mẻ
𢱓	U+22C53	rẩy
𢱔	U+22C54	bòn
𢱖	U+22C56	mò
𢱗	U+22C57	gõ
𢱘	U+22C58	ngán
𢱙	U+22C59	cài
𢱚	U+22C5A	phung
𢱛	U+22C5B	xới
𢱜	U+22C5C	đẩy
𢱝	U+22C5D	nhốt
𢱞	U+22C5E	đốt
𢱢	U+22C62	sách|tác
𢱧	U+22C67	phê
𢱨	U+22C68	vặn
𢱿	U+22C7F	phù
𢲔	U+22C94	bưng
𢲛	U+22C9B	dò
𢲝	U+22C9D	rùn
𢲟	U+22C9F	tỉa
𢲠	U+22CA0	đơm
𢲢	U+22CA2	rờ
𢲣	U+22CA3	rung
𢲤	U+22CA4	cấu
𢲥	U+22CA5	chằm
𢲦	U+22CA6	xức
𢲧	U+22CA7	gây
𢲨	U+22CA8	hái
𢲩	U+22CA9	cắp
𢲪	U+22CAA	mài
𢲫	U+22CAB	mớ
𢲬	U+22CAC	thò
𢲭	U+22CAD	phủi
𢲮	U+22CAE	sải
𢲯	U+22CAF	thiếp
𢲱	U+22CB1	cấu
𢲲	U+22CB2	sang
𢲵	U+22CB5	cào
𢲸	U+22CB8	lô
𢳁	U+22CC1	mượn
𢳆	U+22CC6	ngào
𢳛	U+22CDB	thống|tra
𢳞	U+22CDE	đơm
𢳟	U+22CDF	thống
𢳠	U+22CE0	muỗng
𢳥	U+22CE5	dạo
𢳳	U+22CF3	luồn
𢴇	U+22D07	chắp
𢴉	U+22D09	đùa
𢴊	U+22D0A	chộp
𢴋	U+22D0B	chong
𢴌	U+22D0C	vặn
𢴍	U+22D0D	dằn
𢴎	U+22D0E	thoát
𢴏	U+22D0F	giầm
𢴐	U+22D10	day
𢴑	U+22D11	dứt
𢴒	U+22D12	phành
𢴓	U+22D13	móp
𢴔	U+22D14	phện
𢴕	U+22D15	nính
𢴖	U+22D16	khảy
𢴗	U+22D17	dạm
𢴘	U+22D18	xay
𢴙	U+22D19	lảy
𢴚	U+22D1A	nức
𢴛	U+22D1B	gãy
𢴜	U+22D1C	xâu
𢴝	U+22D1D	ngón
𢴞	U+22D1E	nhúng
𢵉	U+22D49	bám
𢵋	U+22D4B	đua
𢵌	U+22D4C	dụi
𢵔	U+22D54	sườn
𢵧	U+22D67	dàn
𢵨	U+22D68	váo
𢵩	U+22D69	dội
𢵪	U+22D6A	phẩy
𢵫	U+22D6B	nện
𢵬	U+22D6C	dọn
𢵭	U+22D6D	rời
𢵮	U+22D6E	quẹt
𢵯	U+22D6F	máy
𢵰	U+22D70	góp
𢵱	U+22D71	khơi
𢵲	U+22D72	ngáng
𢵳	U+22D73	sum
𢵴	U+22D74	quay
𢵵	U+22D75	quờ
𢵶	U+22D76	dọn
𢵷	U+22D77	cắt
𢵸	U+22D78	xấp
𢵹	U+22D79	mỏi
𢵺	U+22D7A	chạm
𢵻	U+22D7B	chữa
𢵼	U+22D7C	vớt
𢵽	U+22D7D	rớ
𢶂	U+22D82	vặn
𢶆	U+22D86	yết
𢶉	U+22D89	phách
𢶍	U+22D8D	táp|tạp
𢶐	U+22D90	níu
𢶑	U+22D91	níu|đảo
𢶒	U+22D92	gói|quái
𢶟	U+22D9F	cùi
𢶡	U+22DA1	khiếu
𢶢	U+22DA2	chóng
𢶥	U+22DA5	choảng
𢶶	U+22DB6	ẩy
𢶷	U+22DB7	cởi
𢶸	U+22DB8	bụm
𢶹	U+22DB9	mám
𢶺	U+22DBA	dom
𢶻	U+22DBB	bung
𢶼	U+22DBC	ngoi
𢶽	U+22DBD	ãm
𢶾	U+22DBE	chĩa
𢶿	U+22DBF	dọn
𢷀	U+22DC0	giũ
𢷁	U+22DC1	ném
𢷂	U+22DC2	xắn
𢷃	U+22DC3	níu
𢷄	U+22DC4	giết
𢷅	U+22DC5	trộ
𢷆	U+22DC6	chen
𢷎	U+22DCE	bái
𢷏	U+22DCF	phác
𢷣	U+22DE3	dở
𢷮	U+22DEE	dúi
𢷯	U+22DEF	xồ
𢷰	U+22DF0	khênh
𢷱	U+22DF1	rủ
𢷲	U+22DF2	hấng
𢷳	U+22DF3	khuỳnh
𢷴	U+22DF4	quẫy
𢷵	U+22DF5	vố
𢷹	U+22DF9	chèn
𢸚	U+22E1A	bồng
𢸛	U+22E1B	đèo
𢸜	U+22E1C	lăn
𢸝	U+22E1D	dìm
𢸞	U+22E1E	dựng
𢸟	U+22E1F	kẽm
𢸠	U+22E20	khoác
𢸡	U+22E21	xỉa
𢸢	U+22E22	chẹn
𢸵	U+22E35	bịch
𢹅	U+22E45	chọc
𢹆	U+22E46	gài
𢹇	U+22E47	mắc
𢹈	U+22E48	rung
𢹉	U+22E49	nhồi
𢹊	U+22E4A	xé
𢹌	U+22E4C	chìa
𢹏	U+22E4F	dư
𢹜	U+22E5C	niệp
𢹣	U+22E63	kéo
𢹤	U+22E64	xâu
𢹥	U+22E65	ép
𢹦	U+22E66	lượm
𢹧	U+22E67	xỏ
𢹨	U+22E68	túm
𢹩	U+22E69	sương
𢹪	U+22E6A	tóm
𢹫	U+22E6B	khít
𢹬	U+22E6C	ủng
𢹲	U+22E72	quấn
𢹽	U+22E7D	giâm
𢹾	U+22E7E	que
𢹿	U+22E7F	lảy
𢺀	U+22E80	mò
𢺁	U+22E81	phóc
𢺄	U+22E84	quan
𢺍	U+22E8D	rạp
𢺎	U+22E8E	rạp
𢺒	U+22E92	búng
𢺓	U+22E93	dìm
𢺔	U+22E94	bấu
𢺛	U+22E9B	sởn
𢺜	U+22E9C	trạc
𢺝	U+22E9D	uốn
𢺤	U+22EA4	lườn
𢺳	U+22EB3	mân
𢺹	U+22EB9	chia
𢺺	U+22EBA	chia
𢻦	U+22EE6	tán
𢻨	U+22EE8	táp
𢼒	U+22F12	khấu
𢼸	U+22F38	vi
𢽙	U+22F59	vẻ
𢽟	U+22F5F	sắc
𢽼	U+22F7C	và
𢾙	U+22F99	dương
𢿌	U+22FCC	quýnh
𢿼	U+22FFC	tuồm
𣀅	U+23005	tạc
𣀟	U+2301F	và
𣁋	U+2304B	vi
𣁔	U+23054	lớn
𣁬	U+2306C	đẩu
𣁲	U+23072	đong
𣂃	U+23083	giạ
𣂋	U+2308B	gáo
𣂏	U+2308F	câu
𣂐	U+23090	câu
𣂑	U+23091	cân
𣂔	U+23094	thương
𣂕	U+23095	tư
𣂢	U+230A2	đoạn
𣂣	U+230A3	đoạn
𣂱	U+230B1	đoán
𣃔	U+230D4	đoán|đoạn
𣃖	U+230D6	cù
𣃙	U+230D9	bàng
𣃞	U+230DE	phòng
𣃟	U+230DF	bàng
𣃣	U+230E3	vừa
𣃤	U+230E4	vừa
𣃨	U+230E8	lữ
𣃪	U+230EA	bàng
𣃱	U+230F1	khuông
𣃲	U+230F2	vuông
𣃺	U+230FA	góc
𣄇	U+23107	vuông
𣄒	U+23112	ở
𣄖	U+23116	vuông
𣄥	U+23125	chếch
𣄬	U+2312C	lệch
𣅅	U+23145	nãy
𣅗	U+23157	kỉa
𣅘	U+23158	khuya
𣅙	U+23159	khuya
𣅵	U+23175	tăm
𣅶	U+23176	lúc
𣆏	U+2318F	phơi
𣆐	U+23190	trưa
𣆠	U+231A0	quỷ
𣆮	U+231AE	chang
𣆯	U+231AF	hẵng
𣆰	U+231B0	giây
𣆱	U+231B1	dòn
𣇊	U+231CA	bữa
𣇜	U+231DC	buổi
𣇝	U+231DD	rảnh
𣇞	U+231DE	giờ
𣇟	U+231DF	sao
𣇠	U+231E0	kĩa
𣇡	U+231E1	kịa
𣇫	U+231EB	thuở
𣇰	U+231F0	lâm
𣈒	U+23212	kìa
𣈓	U+23213	phơi
𣈔	U+23214	đêm
𣈕	U+23215	mai
𣈖	U+23216	bóng
𣈗	U+23217	ngày
𣈘	U+23218	đêm
𣈙	U+23219	rầy
𣈚	U+2321A	chạng
𣈛	U+2321B	quắt
𣈜	U+2321C	ngày
𣈝	U+2321D	cữ
𣈞	U+2321E	hong
𣈢	U+23222	tia
𣈯	U+2322F	dụ
𣈰	U+23230	nau
𣉍	U+2324D	ui
𣉎	U+2324E	trưa
𣉏	U+2324F	lình
𣉐	U+23250	thoạt
𣉲	U+23272	chếch
𣉳	U+23273	buổi
𣉴	U+23274	chói
𣉵	U+23275	rua
𣉶	U+23276	háo
𣉷	U+23277	dễ
𣉸	U+23278	kía
𣉹	U+23279	giờ
𣊋	U+2328B	se
𣊌	U+2328C	nôi
𣊍	U+2328D	mơ
𣊎	U+2328E	chớp
𣊓	U+23293	tiết
𣊘	U+23298	ngừ
𣊡	U+232A1	hiển
𣊾	U+232BE	bây
𣊿	U+232BF	chiều
𣋀	U+232C0	sao
𣋁	U+232C1	tối
𣋂	U+232C2	chiều
𣋃	U+232C3	rạng
𣋆	U+232C6	nhoạng
𣋇	U+232C7	đổi
𣋑	U+232D1	dịp
𣋚	U+232DA	hôm
𣋛	U+232DB	lát
𣋜	U+232DC	cợm
𣋝	U+232DD	ráo
𣋟	U+232DF	ma
𣋨	U+232E8	xôm
𣋩	U+232E9	lát
𣋰	U+232F0	bão
𣋱	U+232F1	hẩng
𣋲	U+232F2	liệp
𣋳	U+232F3	bạo|bộc
𣋶	U+232F6	khung
𣋷	U+232F7	khoáng
𣋻	U+232FB	mịt
𣋼	U+232FC	giỗ
𣋽	U+232FD	sớm
𣋾	U+232FE	thủa
𣌁	U+23301	trưa
𣌂	U+23302	trưa
𣌆	U+23306	trưa
𣌉	U+23309	khuya
𣌋	U+2330B	sớm
𣌌	U+2330C	rua
𣌒	U+23312	đổi
𣌓	U+23313	hoan
𣌔	U+23314	trán
𣌖	U+23316	nan
𣌗	U+23317	hoạch
𣌘	U+23318	đôn
𣌛	U+2331B	trán
𣌜	U+2331C	lịch
𣌝	U+2331D	nắng
𣌟	U+2331F	linh
𣌴	U+23334	ngoặt
𣌵	U+23335	quặp
𣌶	U+23336	còng
𣌹	U+23339	vạy
𣌺	U+2333A	xéo
𣍀	U+23340	ngúc
𣍁	U+23341	vạy
𣍂	U+23342	góc
𣍅	U+23345	vẹo
𣍊	U+2334A	hết
𣍋	U+2334B	cúi
𣍍	U+2334D	oăm
𣍕	U+23355	ngoèo
𣍗	U+23357	còng
𣍧	U+23367	chẩn
𣍨	U+23368	chẩn
𣎀	U+23380	đêm
𣎃	U+23383	tháng
𣎊	U+2338A	mề
𣎏	U+2338F	có
𣎖	U+23396	chạp
𣎜	U+2339C	dựng
𣎞	U+2339E	trăng
𣎢	U+233A2	chiều
𣎣	U+233A3	khuỷu
𣎦	U+233A6	ráng
𣎳	U+233B3	mộc
𣎴	U+233B4	mộc|nghiệt|đôn
𣎷	U+233B7	ớt
𣎼	U+233BC	bảo|mạnh
𣏒	U+233D2	hòn
𣏾	U+233FE	qua|tài
𣏿	U+233FF	then
𣐄	U+23404	truông
𣐅	U+23405	nhum
𣐆	U+23406	thớt
𣐝	U+2341D	xốp
𣐲	U+23432	quéo
𣐳	U+23433	sứ
𣐴	U+23434	sậy
𣑌	U+2344C	trát
𣑎	U+2344E	rơi
𣑳	U+23473	chồi
𣑴	U+23474	giàn
𣑵	U+23475	nhót
𣑶	U+23476	rễ
𣑷	U+23477	sim
𣑺	U+2347A	trồng
𣑻	U+2347B	nen
𣒠	U+234A0	vạy
𣒣	U+234A3	măng
𣒱	U+234B1	xoài
𣒲	U+234B2	sao
𣒳	U+234B3	cong
𣒴	U+234B4	táu
𣒵	U+234B5	cải
𣒾	U+234BE	vông
𣓆	U+234C6	rườm
𣓋	U+234CB	sến
𣓦	U+234E6	phím
𣓿	U+234FF	lau
𣔓	U+23513	bễ
𣔝	U+2351D	đón
𣔞	U+2351E	cui
𣔟	U+2351F	bắp
𣔠	U+23520	cần
𣔡	U+23521	phà
𣔢	U+23522	xới
𣔣	U+23523	ngộc
𣔤	U+23524	sứ
𣔥	U+23525	chanh
𣔦	U+23526	nhài
𣔧	U+23527	đó
𣔨	U+23528	khẳng
𣔩	U+23529	bó
𣔲	U+23532	quạnh
𣔺	U+2353A	mạo
𣕘	U+23558	hay
𣕬	U+2356C	nọc
𣖖	U+23596	chày
𣖗	U+23597	chày
𣖘	U+23598	hồng
𣖙	U+23599	mía
𣖚	U+2359A	ca
𣖛	U+2359B	chót
𣖜	U+2359C	vựa
𣖝	U+2359D	sề
𣖞	U+2359E	bí
𣖟	U+2359F	ghế
𣖠	U+235A0	suốt
𣖡	U+235A1	trắc
𣖢	U+235A2	trót
𣖧	U+235A7	sòi
𣗌	U+235CC	mê
𣗐	U+235D0	dĩnh
𣗑	U+235D1	chạn
𣗒	U+235D2	chằm
𣗓	U+235D3	chưa
𣗪	U+235EA	chà|trà
𣗱	U+235F1	lè
𣗳	U+235F3	thụ
𣗼	U+235FC	vên
𣗾	U+235FE	son
𣗿	U+235FF	tủ
𣘁	U+23601	cà
𣘂	U+23602	ươi
𣘃	U+23603	cây
𣘄	U+23604	thớt
𣘆	U+23606	nẹp
𣘈	U+23608	son
𣘉	U+23609	cùm
𣘊	U+2360A	đồ
𣘌	U+2360C	choác
𣘓	U+23613	bẫy
𣘦	U+23626	y|ê
𣘽	U+2363D	nâu
𣘾	U+2363E	vai
𣙗	U+23657	niết
𣙙	U+23659	rắc
𣙦	U+23666	trĩ
𣙧	U+23667	nhãn
𣙨	U+23668	bè
𣙩	U+23669	sồng
𣙪	U+2366A	mơ
𣙫	U+2366B	sộp
𣙬	U+2366C	lặt
𣙭	U+2366D	giậu
𣙮	U+2366E	chay
𣙯	U+2366F	rui
𣙷	U+23677	máng|mãng
𣙸	U+23678	sốt
𣙹	U+23679	cốn
𣙺	U+2367A	mâm
𣚮	U+236AE	trôm
𣛟	U+236DF	sanh|xanh
𣛠	U+236E0	máy
𣛡	U+236E1	gụ
𣛢	U+236E2	vả
𣛣	U+236E3	khay
𣛤	U+236E4	trái
𣛥	U+236E5	be
𣛦	U+236E6	đu
𣛧	U+236E7	chuôm
𣛨	U+236E8	chèo
𣛩	U+236E9	then
𣛪	U+236EA	tu
𣛭	U+236ED	đu
𣛯	U+236EF	rạo
𣛱	U+236F1	dom
𣜋	U+2370B	mớ
𣜰	U+23730	lim
𣜱	U+23731	son
𣜲	U+23732	đụn
𣜳	U+23733	vông
𣜴	U+23734	dó
𣜵	U+23735	hèo
𣜶	U+23736	ót
𣜷	U+23737	sầu
𣜸	U+23738	vừng
𣜻	U+2373B	nhủ
𣜾	U+2373E	chửa
𣜿	U+2373F	nhịp
𣝀	U+23740	cằn
𣝅	U+23745	ngái
𣝉	U+23749	duối
𣝔	U+23754	thác
𣞂	U+23782	giổi
𣞃	U+23783	khù
𣞄	U+23784	cuối
𣞅	U+23785	chũm
𣞊	U+2378A	sôn
𣞍	U+2378D	thợ
𣞎	U+2378E	tràm
𣞐	U+23790	tả
𣞪	U+237AA	mức
𣞶	U+237B6	sến
𣞻	U+237BB	bưởi
𣞽	U+237BD	dặng
𣞾	U+237BE	trầu
𣟂	U+237C2	khuôn
𣟃	U+237C3	mộng
𣟄	U+237C4	thác
𣟩	U+237E9	duì
𣟪	U+237EA	nóc
𣟫	U+237EB	nhãn
𣟬	U+237EC	lan
𣟭	U+237ED	mạ
𣟮	U+237EE	mềm
𣟴	U+237F4	thiêm
𣠑	U+23811	bòng
𣠒	U+23812	thắm
𣠓	U+23813	pheo
𣠕	U+23815	chưa
𣠖	U+23816	chửa
𣠗	U+23817	que
𣠘	U+23818	gàu
𣠩	U+23829	tràm
𣠰	U+23830	giần
𣠱	U+23831	trâm
𣠲	U+23832	rễ
𣠳	U+23833	mềm
𣠶	U+23836	đỏ
𣠸	U+23838	thuyên
𣠺	U+2383A	nạng
𣠽	U+2383D	bá
𣡌	U+2384C	bách|nghiệt
𣡓	U+23853	tràm
𣡙	U+23859	trái
𣡚	U+2385A	trái
𣡝	U+2385D	vui
𣡤	U+23864	nén
𣡯	U+2386F	bẫy
𣡹	U+23879	siểng
𣢹	U+238B9	lỏi
𣣷	U+238F7	xuy
𣥂	U+23942	chỉ
𣥏	U+2394F	lữ
𣥐	U+23950	lữ
𣥫	U+2396B	xỉ
𣥱	U+23971	trải
𣦆	U+23986	trải
𣦋	U+2398B	xỉ
𣦍	U+2398D	ngay
𣦎	U+2398E	thẳng
𣦓	U+23993	giêng
𣦛	U+2399B	thẳng
𣦮	U+239AE	tuổi
𣦰	U+239B0	trải
𣦵	U+239B5	ngạt
𣦶	U+239B6	ngạt|đãi
𣦽	U+239BD	túc
𣧑	U+239D1	hung
𣧧	U+239E7	bạt
𣨕	U+23A15	giã
𣨙	U+23A19	uy
𣨛	U+23A1B	tốt
𣨧	U+23A27	giuộc
𣨭	U+23A2D	quàn
𣨮	U+23A2E	giẫm
𣨰	U+23A30	thác
𣨶	U+23A36	huế
𣩁	U+23A41	chết
𣩂	U+23A42	chết
𣩇	U+23A47	hủ
𣩈	U+23A48	tha
𣩦	U+23A66	ngoéo
𣩸	U+23A78	toi
𣪎	U+23A8E	xác
𣪛	U+23A9B	xác
𣪠	U+23AA0	kích
𣫃	U+23AC3	cấu
𣫕	U+23AD5	đền
𣫬	U+23AEC	vô
𣫲	U+23AF2	đừng
𣫷	U+23AF7	vắn
𣬎	U+23B0E	sước
𣬛	U+23B1B	mao
𣭃	U+23B43	sù
𣭛	U+23B5B	bờm
𣭡	U+23B61	tiển
𣭢	U+23B62	mạo
𣭯	U+23B6F	ria
𣭰	U+23B70	mào
𣭲	U+23B72	nhũng
𣭻	U+23B7B	mau
𣮇	U+23B87	ngù
𣮬	U+23BAC	sưu
𣯡	U+23BE1	lông
𣰏	U+23C0F	ngòi
𣰙	U+23C19	quặm
𣰳	U+23C33	lông
𣰴	U+23C34	lông
𣰵	U+23C35	lông
𣱆	U+23C46	họ
𣱏	U+23C4F	ư
𣱙	U+23C59	âm
𣱬	U+23C6C	hơi
𣱭	U+23C6D	bủm
𣱰	U+23C70	rắm
𣱱	U+23C71	thủy
𣱶	U+23C76	vục
𣱼	U+23C7C	đao
𣱽	U+23C7D	lầy
𣱾	U+23C7E	lẻo
𣱿	U+23C7F	nhớp
𣲍	U+23C8D	ngụt
𣲠	U+23CA0	ngớt
𣲦	U+23CA6	sểu
𣲹	U+23CB9	nhèm
𣳔	U+23CD4	dòng
𣳡	U+23CE1	mồ
𣳢	U+23CE2	ngòi
𣳪	U+23CEA	lượi
𣳮	U+23CEE	lả
𣴑	U+23D11	lưu
𣴓	U+23D13	cạn
𣴙	U+23D19	đư
𣴚	U+23D1A	hụp
𣴛	U+23D1B	nhúng
𣴜	U+23D1C	thác
𣴞	U+23D1E	bộn
𣵦	U+23D66	điện
𣵮	U+23D6E	bưng
𣵯	U+23D6F	xôi
𣵰	U+23D70	lặn
𣵲	U+23D72	bợn
𣵴	U+23D74	ngấm
𣵵	U+23D75	ngập
𣵶	U+23D76	xuôi
𣵷	U+23D77	hàm
𣵻	U+23D7B	đà
𣶂	U+23D82	vãng
𣶈	U+23D88	vóng
𣶐	U+23D90	phiêu|phiếu
𣷠	U+23DE0	mênh
𣷭	U+23DED	bể
𣷮	U+23DEE	lội
𣷯	U+23DEF	cặn
𣷰	U+23DF0	nhơm
𣷱	U+23DF1	sữa
𣷲	U+23DF2	sữa
𣷳	U+23DF3	đáy
𣷴	U+23DF4	vẻo
𣷷	U+23DF7	biển
𣷽	U+23DFD	tẩm
𣷾	U+23DFE	quỹ
𣸧	U+23E27	thâm
𣹓	U+23E53	đầy
𣹔	U+23E54	hoảnh
𣹕	U+23E55	lụt
𣹖	U+23E56	tồ
𣹗	U+23E57	tràn
𣹘	U+23E58	dãi
𣹙	U+23E59	ọ
𣹟	U+23E5F	cống
𣹰	U+23E70	tẩm
𣺺	U+23EBA	dò|sỉ
𣺻	U+23EBB	đắm
𣺼	U+23EBC	đoảng
𣺽	U+23EBD	bãi
𣺾	U+23EBE	nhựa
𣻀	U+23EC0	nuột
𣻁	U+23EC1	chặm
𣻂	U+23EC2	sết
𣻃	U+23EC3	bụi
𣻄	U+23EC4	sờ
𣻅	U+23EC5	cát
𣻆	U+23EC6	tuôn
𣻇	U+23EC7	xối
𣻈	U+23EC8	bỏng
𣻉	U+23EC9	dưới
𣻌	U+23ECC	dạng
𣻏	U+23ECF	kiêu
𣻕	U+23ED5	mà
𣻗	U+23ED7	dề
𣻽	U+23EFD	kênh
𣻾	U+23EFE	nít
𣼍	U+23F0D	són
𣼩	U+23F29	ẩm
𣼪	U+23F2A	bớt
𣼫	U+23F2B	chã
𣼬	U+23F2C	đểnh
𣼭	U+23F2D	dồi
𣼮	U+23F2E	thìa
𣼯	U+23F2F	vùi
𣼰	U+23F30	lùng
𣼱	U+23F31	ngàu
𣼲	U+23F32	doi
𣼳	U+23F33	xọp
𣼴	U+23F34	nhẵng
𣼶	U+23F36	vẩn
𣼷	U+23F37	lớt
𣼸	U+23F38	nhợt
𣼹	U+23F39	dợn
𣼺	U+23F3A	mèm
𣼼	U+23F3C	tràn
𣼽	U+23F3D	lắng
𣼾	U+23F3E	lẻo
𣽀	U+23F40	ngấu
𣽆	U+23F46	veo
𣽊	U+23F4A	thỏi
𣽎	U+23F4E	trạch
𣽴	U+23F74	vị
𣽹	U+23F79	nính
𣽽	U+23F7D	san
𣾃	U+23F83	ngót
𣾵	U+23FB5	choẹt
𣾶	U+23FB6	dội
𣾸	U+23FB8	đìa
𣾹	U+23FB9	giặt
𣾺	U+23FBA	khơi
𣾻	U+23FBB	chã
𣾼	U+23FBC	vượt
𣾽	U+23FBD	xối
𣾾	U+23FBE	bụi
𣾿	U+23FBF	ói
𣿃	U+23FC3	ngấu
𣿅	U+23FC5	rỏng
𣿇	U+23FC7	đắm
𣿌	U+23FCC	ạt
𤀏	U+2400F	thía
𤀐	U+24010	đáy
𤀒	U+24012	nhỏ
𤀓	U+24013	lọc
𤀔	U+24014	ẩm
𤀕	U+24015	ráy
𤀖	U+24016	ngoi
𤀗	U+24017	rửa
𤀘	U+24018	vùng
𤀙	U+24019	ồ
𤀚	U+2401A	lượn
𤀛	U+2401B	lầy
𤀜	U+2401C	tành
𤀞	U+2401E	chứa
𤀰	U+24030	hác
𤁓	U+24053	dào
𤁔	U+24054	khơi
𤁕	U+24055	lạt
𤁖	U+24056	loã
𤁘	U+24058	trong
𤁙	U+24059	bớt
𤁛	U+2405B	chửa
𤁠	U+24060	dào
𤁩	U+24069	giợt
𤁯	U+2406F	liệp
𤂧	U+240A7	bồng
𤂨	U+240A8	mò
𤂩	U+240A9	rửa
𤂪	U+240AA	dấn
𤂫	U+240AB	phùn
𤂬	U+240AC	lội
𤂭	U+240AD	toé
𤂱	U+240B1	rề
𤂷	U+240B7	ứ
𤂹	U+240B9	tầm
𤃛	U+240DB	bều
𤃜	U+240DC	leo
𤃝	U+240DD	rách
𤃞	U+240DE	mương
𤃟	U+240DF	úng
𤃠	U+240E0	nổi
𤃡	U+240E1	rãnh
𤃢	U+240E2	lõm
𤃤	U+240E4	nhão
𤃥	U+240E5	rèm
𤃧	U+240E7	thướt
𤄋	U+2410B	tỏng
𤄌	U+2410C	giết
𤄍	U+2410D	rượu
𤄎	U+2410E	hích
𤄫	U+2412B	phan
𤄭	U+2412D	rề
𤄮	U+2412E	nhiều
𤄯	U+2412F	trong
𤄰	U+24130	nhăn
𤄱	U+24131	dẫn
𤄲	U+24132	cấn
𤄷	U+24137	la
𤅉	U+24149	ráng
𤅜	U+2415C	veo
𤅧	U+24167	xổn
𤅶	U+24176	biển
𤅿	U+2417F	diễm
𤆈	U+24188	nảy
𤆷	U+241B7	loá
𤆸	U+241B8	tom
𤆹	U+241B9	nhá
𤆺	U+241BA	hóng
𤆻	U+241BB	thếp
𤇀	U+241C0	nhân
𤇊	U+241CA	bừng
𤇌	U+241CC	kho
𤇢	U+241E2	vặc
𤇣	U+241E3	xên
𤇤	U+241E4	xáo
𤇥	U+241E5	lập
𤇦	U+241E6	mò
𤇧	U+241E7	sấy
𤇨	U+241E8	phơi
𤇩	U+241E9	tắt
𤇪	U+241EA	chín
𤇮	U+241EE	bép
𤇲	U+241F2	nhúm
𤇳	U+241F3	nhũn
𤈜	U+2421C	cháy
𤈝	U+2421D	nghẹ
𤈞	U+2421E	lùi
𤈟	U+2421F	nhừ
𤈠	U+24220	sốt
𤈡	U+24221	ngút
𤈤	U+24224	hông
𤈦	U+24226	hủy
𤈪	U+2422A	chớ
𤉒	U+24252	giãi
𤉓	U+24253	tro
𤉔	U+24254	tác
𤉕	U+24255	tro
𤉖	U+24256	se
𤉗	U+24257	héo
𤉘	U+24258	ngún
𤉚	U+2425A	sôi
𤉛	U+2425B	toà
𤉜	U+2425C	ràng
𤉠	U+24260	chườm
𤊒	U+24292	luộc
𤊠	U+242A0	rọi
𤊡	U+242A1	bóng
𤊢	U+242A2	ngời
𤊣	U+242A3	tro
𤊤	U+242A4	nhem
𤊥	U+242A5	lừng
𤊦	U+242A6	phỏng
𤊧	U+242A7	rực
𤊨	U+242A8	vặc
𤊩	U+242A9	rom
𤊪	U+242AA	rỡ
𤊫	U+242AB	phơi
𤊬	U+242AC	phơi
𤊭	U+242AD	lốm
𤊰	U+242B0	bén
𤋳	U+242F3	ngư
𤋵	U+242F5	dãi
𤋶	U+242F6	rành
𤋷	U+242F7	nấu
𤋸	U+242F8	khét
𤋹	U+242F9	kho
𤋻	U+242FB	phới
𤋼	U+242FC	kho
𤋽	U+242FD	chới
𤋾	U+242FE	um
𤋿	U+242FF	đốt
𤌀	U+24300	kíp
𤌄	U+24304	chả
𤌅	U+24305	nháng
𤌋	U+2430B	khói
𤌣	U+24323	rát
𤍃	U+24343	hây
𤍄	U+24344	tỏ
𤍅	U+24345	rệt
𤍆	U+24346	ngốt
𤍇	U+24347	nấu
𤍉	U+24349	ngùn
𤍊	U+2434A	tỏ
𤍋	U+2434B	hực
𤍌	U+2434C	thiêng
𤍐	U+24350	thôi
𤍑	U+24351	chong
𤍕	U+24355	dửu|dữu
𤍠	U+24360	nhiệt
𤍶	U+24376	loà
𤎍	U+2438D	quắc
𤎎	U+2438E	mờ
𤎏	U+2438F	nóng
𤎐	U+24390	nực
𤎑	U+24391	mõm
𤎒	U+24392	phấp
𤎓	U+24393	thiêng
𤎔	U+24394	rạng
𤎕	U+24395	tắt
𤎛	U+2439B	rấm
𤎜	U+2439C	rậng
𤎩	U+243A9	toại
𤏢	U+243E2	nhội
𤏣	U+243E3	tỏ
𤏤	U+243E4	hơ
𤏥	U+243E5	thui
𤏦	U+243E6	khét
𤏧	U+243E7	thắp
𤏨	U+243E8	se
𤏪	U+243EA	rao
𤏫	U+243EB	buốt
𤏬	U+243EC	rạng
𤏶	U+243F6	ao|ngao
𤐓	U+24413	khê
𤐚	U+2441A	hâm
𤐛	U+2441B	nấu
𤐜	U+2441C	ngòi
𤐝	U+2441D	soi
𤐠	U+24420	luộc
𤐡	U+24421	khói
𤑈	U+24448	chang
𤑉	U+24449	rỡ
𤑍	U+2444D	hửng
𤑟	U+2445F	rõ
𤑫	U+2446B	bùng
𤑬	U+2446C	loé
𤑭	U+2446D	lói
𤑮	U+2446E	mồ
𤑯	U+2446F	sém
𤑾	U+2447E	toại
𤒘	U+24498	đuốc
𤒙	U+24499	chín
𤒚	U+2449A	nung
𤒛	U+2449B	nấu
𤒟	U+2449F	nhùi
𤒠	U+244A0	đỏ
𤒢	U+244A2	lốm
𤒦	U+244A6	sém
𤒲	U+244B2	chờn
𤒴	U+244B4	thắp
𤓆	U+244C6	ram
𤓇	U+244C7	quầng
𤓕	U+244D5	tiêu
𤓛	U+244DB	dìu
𤓢	U+244E2	nến
𤓩	U+244E9	bén
𤓯	U+244EF	trảo
𤓰	U+244F0	trảo
𤓺	U+244FA	vấu
𤔔	U+24514	loạn
𤔛	U+2451B	sụ
𤔯	U+2452F	vuốt
𤔷	U+24537	dành
𤔻	U+2453B	móng
𤔽	U+2453D	móng
𤔾	U+2453E	móng
𤕔	U+24554	cha
𤕘	U+24558	ư
𤕟	U+2455F	sơ|sớ
𤕠	U+24560	sơ
𤕣	U+24563	quy
𤕤	U+24564	sảng
𤕪	U+2456A	tường
𤖡	U+245A1	rìu
𤖶	U+245B6	bánh
𤖸	U+245B8	chũa
𤖹	U+245B9	lớp
𤗆	U+245C6	múi
𤗖	U+245D6	mảnh
𤗤	U+245E4	cổng
𤗲	U+245F2	tấm
𤗹	U+245F9	phướn
𤘁	U+24601	mỏng
𤘂	U+24602	mỏng
𤘋	U+2460B	ngà
𤘓	U+24613	nanh
𤘽	U+2463D	hấu
𤙗	U+24657	phương
𤙡	U+24661	tuynh
𤙭	U+2466D	bò
𤙮	U+2466E	ngàu
𤙱	U+24671	xá
𤚆	U+24686	bê
𤚇	U+24687	nghé
𤚦	U+246A6	cộ
𤚧	U+246A7	sao
𤛇	U+246C7	chăn
𤛛	U+246DB	đà
𤛞	U+246DE	nghé
𤛠	U+246E0	trâu
𤜅	U+24705	hoắc
𤜠	U+24720	nái
𤜬	U+2472C	săn
𤜭	U+2472D	tử
𤜯	U+2472F	cọp
𤝋	U+2474B	vằn
𤝑	U+24751	mướp
𤝞	U+2475E	chuột
𤝣	U+24763	băng
𤝫	U+2476B	nhím
𤝹	U+24779	chù
𤞐	U+24790	chồn
𤞑	U+24791	hòi
𤞒	U+24792	ngỗng
𤞓	U+24793	săn
𤞔	U+24794	thấc
𤞕	U+24795	tấy
𤞖	U+24796	lòi
𤞘	U+24798	sề
𤞤	U+247A4	hiểm
𤞦	U+247A6	mọi
𤞧	U+247A7	khọn
𤞨	U+247A8	bò
𤞩	U+247A9	rợ
𤞪	U+247AA	rợ
𤞫	U+247AB	rái
𤞰	U+247B0	cầu
𤞺	U+247BA	cáo
𤞻	U+247BB	hùm
𤞼	U+247BC	lợn
𤞽	U+247BD	mường
𤟂	U+247C2	độc
𤟔	U+247D4	tràng
𤟛	U+247DB	thỏ
𤟧	U+247E7	tỷ
𤠂	U+24802	đười
𤠃	U+24803	kễnh
𤠄	U+24804	gà
𤠅	U+24805	voi
𤠆	U+24806	ươi
𤠋	U+2480B	trâu
𤠚	U+2481A	chó
𤠤	U+24824	hoẵng
𤠰	U+24830	gấu
𤠱	U+24831	ươi
𤠲	U+24832	khái
𤠳	U+24833	khỉ
𤠴	U+24834	vượn
𤠶	U+24836	chằn
𤠷	U+24837	sề
𤠹	U+24839	rái
𤡁	U+24841	mãn
𤡇	U+24847	hao
𤡌	U+2484C	muông
𤡚	U+2485A	khái
𤡛	U+2485B	nanh
𤡮	U+2486E	nhen|nhiên
𤡳	U+24873	sân
𤡺	U+2487A	ninh
𤢆	U+24886	nanh
𤢇	U+24887	vuốt
𤢈	U+24888	săn
𤢊	U+2488A	lộ
𤢒	U+24892	trãi
𤢔	U+24894	nhen
𤢗	U+24897	lòi
𤢜	U+2489C	độc
𤢤	U+248A4	bẵm
𤢥	U+248A5	vượn
𤢫	U+248AB	ngáo
𤢬	U+248AC	đười
𤢽	U+248BD	nhắt
𤢾	U+248BE	nhím
𤢿	U+248BF	sói
𤣃	U+248C3	lỗ
𤣄	U+248C4	beo
𤣎	U+248CE	anh
𤣚	U+248DA	nhím
𤣡	U+248E1	dọc
𤣥	U+248E5	huyền
𤣮	U+248EE	ngật
𤣲	U+248F2	tấn
𤤰	U+24930	vua
𤥑	U+24951	vòng
𤥗	U+24957	lưu
𤥭	U+2496D	xà
𤦲	U+249B2	cừ
𤩷	U+24A77	tuyền
𤩾	U+24A7E	lưu
𤪊	U+24A8A	cườm
𤪓	U+24A93	tuyền
𤪻	U+24ABB	tuyền
𤪽	U+24ABD	tuyền
𤫩	U+24AE9	linh
𤫿	U+24AFF	dưa
𤬀	U+24B00	dưa
𤬄	U+24B04	hồ
𤬈	U+24B08	hấu
𤬪	U+24B2A	ngói
𤬲	U+24B32	ngói
𤬸	U+24B38	sành
𤭚	U+24B5A	gáo
𤭵	U+24B75	ấm
𤭶	U+24B76	hông
𤭷	U+24B77	chậu
𤭸	U+24B78	bình
𤭹	U+24B79	áng
𤮃	U+24B83	ang
𤮄	U+24B84	gạch
𤮍	U+24B8D	chuyên
𤮐	U+24B90	tôn
𤮑	U+24B91	be
𤮒	U+24B92	hũ
𤮗	U+24B97	lọ
𤮘	U+24B98	gạch
𤮞	U+24B9E	ngói
𤮟	U+24B9F	ngói
𤮠	U+24BA0	muống
𤮥	U+24BA5	âu
𤮺	U+24BBA	cam
𤮾	U+24BBE	ngọt
𤮿	U+24BBF	ngọt
𤯆	U+24BC6	ngon
𤯉	U+24BC9	đam
𤯊	U+24BCA	chè
𤯑	U+24BD1	lắm
𤯓	U+24BD3	sinh
𤯨	U+24BE8	sống
𤯩	U+24BE9	sống
𤯭	U+24BED	sánh
𤯰	U+24BF0	đẻ
𤯱	U+24BF1	gã
𤯳	U+24BF3	tô
𤯶	U+24BF6	cữ
𤯺	U+24BFA	siêng
𤯿	U+24BFF	đẻ
𤰁	U+24C01	cữ
𤰒	U+24C12	điền
𤰕	U+24C15	quyến
𤰞	U+24C1E	ty
𤰱	U+24C31	hoạch
𤱈	U+24C48	mẫu
𤱑	U+24C51	mẫu
𤱔	U+24C54	mẫu
𤲂	U+24C82	dưới
𤲌	U+24C8C	ruộng
𤲼	U+24CBC	dái
𤳄	U+24CC4	bởi
𤳆	U+24CC6	trai
𤳇	U+24CC7	trai
𤳢	U+24CE2	trống
𤳧	U+24CE7	lạ
𤳨	U+24CE8	rộc
𤳰	U+24CF0	ve
𤳱	U+24CF1	ruộng
𤳷	U+24CF7	bởi
𤳸	U+24CF8	bởi
𤳽	U+24CFD	ruộng
𤴏	U+24D0F	lạ
𤴓	U+24D13	chính|sơ
𤴥	U+24D25	ngất
𤴪	U+24D2A	ghẻ
𤴬	U+24D2C	đau
𤴭	U+24D2D	bớt
𤴵	U+24D35	nhức
𤴶	U+24D36	sởi
𤵊	U+24D4A	đòn
𤵐	U+24D50	ngộ
𤵕	U+24D55	khờ
𤵖	U+24D56	vết
𤵪	U+24D6A	sẹo
𤵳	U+24D73	bón
𤵴	U+24D74	sảy
𤵶	U+24D76	si
𤵺	U+24D7A	dại
𤶄	U+24D84	nhặm
𤶈	U+24D88	tấy
𤶎	U+24D8E	chau
𤶏	U+24D8F	choáng
𤶐	U+24D90	chồn
𤶑	U+24D91	nhăn
𤶒	U+24D92	ben
𤶜	U+24D9C	choáng
𤶹	U+24DB9	guộc
𤶺	U+24DBA	xoải
𤶻	U+24DBB	nghén
𤶼	U+24DBC	mâng
𤶽	U+24DBD	mụt
𤶾	U+24DBE	lằn
𤶿	U+24DBF	hầu
𤷂	U+24DC2	phì|phị
𤷄	U+24DC4	quèn
𤷒	U+24DD2	tê
𤷭	U+24DED	điếc
𤷮	U+24DEE	váng
𤷯	U+24DEF	loét
𤷰	U+24DF0	bủng
𤷱	U+24DF1	mòn
𤷲	U+24DF2	sần
𤷳	U+24DF3	nhom
𤷴	U+24DF4	ê
𤷵	U+24DF5	phờ
𤷶	U+24DF6	bướu
𤸃	U+24E03	sấu
𤸄	U+24E04	quan
𤸒	U+24E12	ngúng
𤸧	U+24E27	hoen
𤸨	U+24E28	xìu
𤸭	U+24E2D	rồ|tiển
𤹑	U+24E51	rôm
𤹒	U+24E52	khừ
𤹓	U+24E53	quặn
𤹔	U+24E54	báng
𤹕	U+24E55	ươn
𤹖	U+24E56	hen
𤹗	U+24E57	ỏng
𤹘	U+24E58	nhọc
𤹙	U+24E59	chốc
𤹚	U+24E5A	nhức
𤹼	U+24E7C	bướu
𤹽	U+24E7D	nốt
𤹾	U+24E7E	hủi
𤹿	U+24E7F	ngơ
𤺉	U+24E89	vị
𤺊	U+24E8A	tê
𤺭	U+24EAD	buốt
𤺮	U+24EAE	gúa
𤺯	U+24EAF	mụn
𤺰	U+24EB0	khom
𤺱	U+24EB1	nhèn
𤺲	U+24EB2	sởn
𤺳	U+24EB3	tê
𤺴	U+24EB4	bướu
𤺵	U+24EB5	ốm
𤺶	U+24EB6	ngứa
𤺺	U+24EBA	đan
𤻎	U+24ECE	cúm
𤻏	U+24ECF	hủi
𤻐	U+24ED0	hom
𤻑	U+24ED1	rêm
𤻒	U+24ED2	toi
𤻓	U+24ED3	gầy
𤻔	U+24ED4	ngứa
𤻪	U+24EEA	nhó
𤻫	U+24EEB	nhối
𤻬	U+24EEC	thượt
𤻭	U+24EED	ngứa
𤻲	U+24EF2	lạc
𤻳	U+24EF3	luỗi
𤻻	U+24EFB	mệt
𤻼	U+24EFC	rỗ
𤻽	U+24EFD	xải
𤻾	U+24EFE	rạn
𤼓	U+24F13	rôm
𤼔	U+24F14	ngợm
𤼕	U+24F15	nhức
𤼞	U+24F1E	gầy
𤼸	U+24F38	dâng
𤽀	U+24F40	trẻo
𤽗	U+24F57	ngươi
𤽴	U+24F74	hếu
𤽵	U+24F75	phau
𤽶	U+24F76	vía
𤽸	U+24F78	trắng
𤽼	U+24F7C	hạc
𤾓	U+24F93	trăm
𤾔	U+24F94	vang
𤾟	U+24F9F	hớ
𤾯	U+24FAF	mởn
𤾰	U+24FB0	ngươi
𤾱	U+24FB1	nhênh
𤾷	U+24FB7	phếch
𤿍	U+24FCD	vỏ
𤿤	U+24FE4	bè
𤿦	U+24FE6	da
𤿭	U+24FED	vỏ
𤿰	U+24FF0	trống
𤿱	U+24FF1	bịt
𥀌	U+2500C	giày
𥀪	U+2502A	ủng
𥀲	U+25032	độc
𥀳	U+25033	mo
𥁠	U+25060	quyến
𥁷	U+25077	vịm
𥁺	U+2507A	thảm
𥂉	U+25089	trộm
𥂫	U+250AB	trản
𥃑	U+250D1	mâm
𥃚	U+250DA	mâm
𥃛	U+250DB	mâm
𥃞	U+250DE	hết
𥃨	U+250E8	vúc
𥃭	U+250ED	tự
𥃱	U+250F1	nhắp
𥄨	U+25128	thiễu
𥄫	U+2512B	mập
𥄬	U+2512C	ngủ
𥄭	U+2512D	ngó
𥄮	U+2512E	nhắm
𥄯	U+2512F	ngơm
𥄰	U+25130	nhơn
𥄴	U+25134	huyết
𥅃	U+25143	nhớn
𥅘	U+25158	nháy
𥅞	U+2515E	thức
𥅦	U+25166	lồi
𥅲	U+25172	chau
𥅿	U+2517F	chợp
𥆀	U+25180	giương
𥆁	U+25181	liếc
𥆂	U+25182	nhằm
𥆃	U+25183	nhơ
𥆄	U+25184	quáng
𥆚	U+2519A	uông
𥆟	U+2519F	đoái
𥆡	U+251A1	dòm
𥆹	U+251B9	ngớp
𥆺	U+251BA	dấu
𥆻	U+251BB	rử
𥆼	U+251BC	lé
𥆽	U+251BD	ngỏm
𥆾	U+251BE	nhìn
𥆿	U+251BF	quàu
𥇀	U+251C0	màng
𥇁	U+251C1	trố
𥇂	U+251C2	bét
𥇈	U+251C8	nhốn
𥇶	U+251F6	him
𥇷	U+251F7	nhòm
𥇸	U+251F8	nhác
𥇹	U+251F9	ngái
𥇺	U+251FA	trợn
𥇻	U+251FB	trố
𥇼	U+251FC	nhõi
𥇽	U+251FD	nhõ
𥈁	U+25201	nghểnh
𥈢	U+25222	mí
𥈭	U+2522D	ngác
𥈯	U+2522F	láy
𥈰	U+25230	hóng
𥈱	U+25231	nhìn
𥈲	U+25232	ngấp
𥈳	U+25233	chột
𥈴	U+25234	ngước
𥈵	U+25235	nhớn
𥈶	U+25236	nom
𥈹	U+25239	nhòm
𥈺	U+2523A	dòm
𥈿	U+2523F	ngóng
𥉩	U+25269	trông
𥉪	U+2526A	háy
𥉫	U+2526B	trông
𥉬	U+2526C	lét
𥉭	U+2526D	trít
𥉮	U+2526E	sọc
𥉯	U+2526F	khoẻ
𥉰	U+25270	dòm
𥉲	U+25272	trợn
𥉸	U+25278	ghèn|khanh
𥉻	U+2527B	thế
𥊀	U+25280	xăm
𥊖	U+25296	đui
𥊗	U+25297	gượm
𥊘	U+25298	ghé
𥊙	U+25299	mòm
𥊚	U+2529A	mờ
𥊛	U+2529B	trông
𥊜	U+2529C	nguýt
𥊝	U+2529D	chớp
𥊞	U+2529E	quắc
𥊟	U+2529F	nhăn
𥊠	U+252A0	sòng
𥊡	U+252A1	nhỏn
𥊢	U+252A2	thẳng
𥊣	U+252A3	thẳng
𥊤	U+252A4	ngươi
𥊥	U+252A5	dòm
𥊦	U+252A6	mù
𥊴	U+252B4	toét
𥋒	U+252D2	tré
𥋓	U+252D3	ngoảnh
𥋔	U+252D4	trừng
𥋕	U+252D5	trộm
𥋝	U+252DD	mãnh
𥋟	U+252DF	ngươi
𥋲	U+252F2	lem
𥋳	U+252F3	coi
𥋴	U+252F4	ngắm
𥋵	U+252F5	him
𥋶	U+252F6	lấm
𥋷	U+252F7	liếc
𥋸	U+252F8	soi
𥋹	U+252F9	ngáy
𥋺	U+252FA	dòm
𥋼	U+252FC	gườm
𥋽	U+252FD	tráo
𥌀	U+25300	xét
𥌈	U+25308	trộm
𥌎	U+2530E	nhó
𥌙	U+25319	nhó
𥌣	U+25323	miên
𥌥	U+25325	khoé
𥌦	U+25326	lén
𥌧	U+25327	ló
𥌫	U+2532B	trợn
𥌬	U+2532C	nhìn
𥌯	U+2532F	manh
𥌷	U+25337	hiếng
𥌸	U+25338	dim
𥌹	U+25339	ngắm
𥍍	U+2534D	lom
𥍎	U+2534E	ngóng
𥍑	U+25351	ghẹo
𥍒	U+25352	chăm
𥍖	U+25356	trõm
𥍘	U+25358	nheo
𥍛	U+2535B	ngom
𥎁	U+25381	mềm
𥎩	U+253A9	tộc
𥎼	U+253BC	tộc
𥎿	U+253BF	tri
𥏁	U+253C1	tộc
𥏋	U+253CB	tên
𥏌	U+253CC	tên
𥏍	U+253CD	tên
𥏿	U+253FF	vắn
𥐆	U+25406	vắn
𥐇	U+25407	ngắn
𥐈	U+25408	số
𥐉	U+25409	ngắn
𥐋	U+2540B	ngủi
𥐍	U+2540D	ngắn
𥐏	U+2540F	cộc
𥐐	U+25410	ngủn
𥐒	U+25412	cụt
𥐔	U+25414	vắn
𥐞	U+2541E	mang
𥐦	U+25426	dĩa
𥐧	U+25427	lỏi
𥐨	U+25428	đĩa
𥑂	U+25442	chai
𥑃	U+25443	bền
𥑠	U+25460	cườm
𥑥	U+25465	sinh
𥑭	U+2546D	xách
𥑲	U+25472	rắn
𥑴	U+25474	ì
𥑶	U+25476	lọi
𥒃	U+25483	đĩa
𥒅	U+25485	gại
𥒥	U+254A5	đá
𥒦	U+254A6	đĩa
𥒮	U+254AE	vỡ
𥓄	U+254C4	mài
𥓅	U+254C5	vỡ
𥓉	U+254C9	sành
𥓳	U+254F3	bể
𥓴	U+254F4	mài
𥓵	U+254F5	đĩa
𥓶	U+254F6	vỡ
𥓷	U+254F7	canh
𥓸	U+254F8	sờm
𥓹	U+254F9	lỗi
𥔦	U+25526	vôi
𥔧	U+25527	chồng
𥔲	U+25532	ngạc
𥔵	U+25535	từ
𥔼	U+2553C	khánh
𥕄	U+25544	mài
𥕊	U+2554A	mảnh
𥕌	U+2554C	chởm
𥕥	U+25565	gồ
𥕦	U+25566	cổn
𥖐	U+25590	đọi
𥖑	U+25591	vỡ
𥖒	U+25592	quành
𥖓	U+25593	vỡ
𥖔	U+25594	sạn
𥖕	U+25595	lở
𥖖	U+25596	vỡ
𥖩	U+255A9	cuội
𥖸	U+255B8	oè
𥖺	U+255BA	mẻ
𥗌	U+255CC	gạch
𥗍	U+255CD	rè
𥗎	U+255CE	ghề
𥗏	U+255CF	quánh
𥗐	U+255D0	sỏi
𥗜	U+255DC	chén
𥗨	U+255E8	nén
𥗩	U+255E9	gạch
𥗳	U+255F3	gạch
𥗹	U+255F9	tô
𥗽	U+255FD	lởm
𥘀	U+25600	nặng
𥘂	U+25602	bến
𥘅	U+25605	kỳ
𥘌	U+2560C	ky
𥘑	U+25611	vạ
𥘪	U+2562A	ngó
𥘶	U+25636	trẽ
𥘷	U+25637	trẻ
𥙒	U+25652	trẩy
𥙓	U+25653	rúng
𥙧	U+25667	nhẽ
𥙩	U+25669	lấy
𥙪	U+2566A	rưỡi
𥚄	U+25684	lạy
𥚅	U+25685	nhễ
𥚆	U+25686	nhìn
𥚇	U+25687	lưỡi
𥚤	U+256A4	thờ
𥚥	U+256A5	lãi
𥚯	U+256AF	dễ
𥛉	U+256C9	lậy
𥛗	U+256D7	nhòm
𥛭	U+256ED	lẻ
𥜀	U+25700	vải
𥜌	U+2570C	áo
𥜡	U+25721	nhẽ
𥜤	U+25724	rẻ
𥝌	U+2574C	hòa|kê
𥝎	U+2574E	gặt
𥝢	U+25762	lợi
𥝥	U+25765	cặp
𥝽	U+2577D	cấy
𥞖	U+25796	giống
𥞵	U+257B5	thê
𥟈	U+257C8	thóc
𥟉	U+257C9	thóc
𥟊	U+257CA	ngô
𥟌	U+257CC	bông
𥟠	U+257E0	kiết
𥟹	U+257F9	lụi
𥟼	U+257FC	bắp
𥠬	U+2582C	trấu
𥠭	U+2582D	giống
𥠮	U+2582E	rơm
𥠯	U+2582F	rơm
𥡗	U+25857	má
𥡘	U+25858	vựa
𥢂	U+25882	mạ
𥢃	U+25883	nành
𥢄	U+25884	mấm
𥢅	U+25885	riêng
𥢆	U+25886	riêng
𥢉	U+25889	thóc
𥢐	U+25890	cau
𥢫	U+258AB	gặt
𥢬	U+258AC	vè
𥢳	U+258B3	chứa
𥢸	U+258B8	cát
𥣐	U+258D0	vừng
𥣑	U+258D1	trồng
𥣒	U+258D2	giỗ
𥣯	U+258EF	ưu
𥣽	U+258FD	chuỗi
𥤢	U+25922	huyệt
𥥪	U+2596A	mi
𥥻	U+2597B	khánh
𥦎	U+2598E	tân
𥦝	U+2599D	dòm
𥧌	U+259CC	mị
𥧎	U+259CE	hang
𥧩	U+259E9	núp
𥧪	U+259EA	rỗng
𥧲	U+259F2	tẩm
𥨋	U+25A0B	lủng
𥨧	U+25A27	xó
𥨨	U+25A28	trống
𥩇	U+25A47	hoắm
𥩉	U+25A49	chui
𥩍	U+25A4D	xỏ
𥩯	U+25A6F	dựng
𥩰	U+25A70	sập
𥪅	U+25A85	xòi
𥪝	U+25A9D	trong
𥪞	U+25A9E	trong
𥪸	U+25AB8	đứng
𥫈	U+25AC8	long
𥫌	U+25ACC	trỗi
𥫗	U+25AD7	trúc
𥫟	U+25ADF	giễ
𥫫	U+25AEB	toán
𥫭	U+25AED	nứa
𥫱	U+25AF1	độn
𥬉	U+25B09	gầu
𥬊	U+25B0A	cần
𥬋	U+25B0B	sề
𥬔	U+25B14	khư
𥬧	U+25B27	chòm
𥬨	U+25B28	khau
𥬩	U+25B29	nia
𥬮	U+25B2E	giang
𥭌	U+25B4C	trạc
𥭍	U+25B4D	dằm
𥭎	U+25B4E	măng
𥭏	U+25B4F	mấu
𥭓	U+25B53	bác
𥭦	U+25B66	ngân
𥭵	U+25B75	nả
𥭶	U+25B76	măng
𥮇	U+25B87	bương
𥮈	U+25B88	hum
𥮉	U+25B89	bu
𥮊	U+25B8A	đũa
𥮋	U+25B8B	thẻ
𥮑	U+25B91	cảo
𥮘	U+25B98	niệm
𥮥	U+25BA5	chế
𥯇	U+25BC7	rổ
𥯈	U+25BC8	ván
𥯉	U+25BC9	đó
𥯊	U+25BCA	rá
𥯋	U+25BCB	mành
𥯌	U+25BCC	tre
𥯍	U+25BCD	mui
𥯎	U+25BCE	xóm
𥯏	U+25BCF	cổng
𥯒	U+25BD2	tơi
𥯓	U+25BD3	trúm
𥯛	U+25BDB	lạc
𥯝	U+25BDD	đốt
𥯪	U+25BEA	trấu
𥰄	U+25C04	cảu
𥰆	U+25C06	rế
𥰇	U+25C07	kè
𥰈	U+25C08	siểng
𥰊	U+25C0A	thấp
𥰠	U+25C20	lữ
𥰤	U+25C24	lưu
𥰭	U+25C2D	si
𥱨	U+25C68	rọ
𥱪	U+25C6A	cót
𥱫	U+25C6B	sáo
𥱬	U+25C6C	ghi
𥱭	U+25C6D	giành
𥱮	U+25C6E	nôi
𥱯	U+25C6F	thời
𥱰	U+25C70	giò
𥱱	U+25C71	chòm
𥱲	U+25C72	kèn
𥱴	U+25C74	vó
𥳂	U+25CC2	lược
𥳃	U+25CC3	khại
𥳄	U+25CC4	giần
𥳅	U+25CC5	rá
𥳉	U+25CC9	giô
𥳐	U+25CD0	khay
𥳑	U+25CD1	giản
𥳓	U+25CD3	sao|sáo
𥴖	U+25D16	bài
𥴗	U+25D17	thúng
𥴘	U+25D18	mui
𥴙	U+25D19	dậu
𥴚	U+25D1A	gầu
𥴛	U+25D1B	chòi
𥴜	U+25D1C	chiếu
𥴢	U+25D22	trĩ
𥴧	U+25D27	cử
𥴩	U+25D29	cách
𥵕	U+25D55	chiếu
𥵖	U+25D56	tơi
𥵗	U+25D57	hom
𥵘	U+25D58	rây
𥵙	U+25D59	giậu
𥵚	U+25D5A	cần
𥵛	U+25D5B	nong
𥵤	U+25D64	tráo|trạo
𥵾	U+25D7E	chõng
𥵿	U+25D7F	mung
𥶀	U+25D80	thùng
𥶁	U+25D81	lạt
𥶂	U+25D82	gây
𥶃	U+25D83	mủng
𥶄	U+25D84	nón
𥶇	U+25D87	rổ
𥶮	U+25DAE	toi
𥶯	U+25DAF	còi
𥶰	U+25DB0	nừng
𥶱	U+25DB1	phách
𥶲	U+25DB2	chổi
𥶳	U+25DB3	dằm
𥷒	U+25DD2	lách
𥷓	U+25DD3	nôi
𥷧	U+25DE7	trạc
𥷴	U+25DF4	cúc
𥷺	U+25DFA	mo
𥷻	U+25DFB	mây
𥸁	U+25E01	nan
𥸄	U+25E04	giậm
𥸆	U+25E06	liếp
𥸍	U+25E0D	siểng
𥸒	U+25E12	nẳn
𥸓	U+25E13	níp
𥸝	U+25E1D	trúm
𥸠	U+25E20	thẻ
𥸱	U+25E31	sâm
𥸷	U+25E37	xuy|xôi
𥸿	U+25E3F	bả
𥹀	U+25E40	tấm
𥹘	U+25E58	bánh
𥹙	U+25E59	cháo
𥹞	U+25E5E	dại
𥹯	U+25E6F	dồi
𥹰	U+25E70	lâu
𥹸	U+25E78	bột
𥺆	U+25E86	sền
𥺊	U+25E8A	gạo
𥺎	U+25E8E	bổi
𥺏	U+25E8F	xôi
𥺐	U+25E90	thính
𥺑	U+25E91	tấm
𥺒	U+25E92	thính
𥺓	U+25E93	lớ
𥺔	U+25E94	xôi
𥺕	U+25E95	bã
𥺖	U+25E96	bã
𥺝	U+25E9D	trù
𥺹	U+25EB9	oản
𥺺	U+25EBA	xệp
𥺻	U+25EBB	cốm
𥺽	U+25EBD	suông
𥺾	U+25EBE	khằn
𥺿	U+25EBF	ỉa
𥻘	U+25ED8	lân
𥻙	U+25ED9	mẻ
𥻠	U+25EE0	dẻo
𥻡	U+25EE1	mày
𥻢	U+25EE2	thính
𥻣	U+25EE3	dầy
𥻧	U+25EE7	hèm
𥻮	U+25EEE	tẻ
𥻸	U+25EF8	bún
𥻹	U+25EF9	chè
𥻺	U+25EFA	khê
𥻻	U+25EFB	nếp
𥻼	U+25EFC	ú
𥻽	U+25EFD	cứt
𥼕	U+25F15	lép
𥼖	U+25F16	mẳn
𥼱	U+25F31	kẹo
𥼲	U+25F32	hẩm
𥼳	U+25F33	ú
𥽄	U+25F44	thúng
𥽇	U+25F47	cám
𥽌	U+25F4C	gạo
𥽍	U+25F4D	cốm
𥽎	U+25F4E	hèm
𥽔	U+25F54	men
𥽡	U+25F61	phân
𥽢	U+25F62	phèn
𥽤	U+25F64	xia
𥽩	U+25F69	xầy
𥽪	U+25F6A	đúc
𥽵	U+25F75	nhão
𥾃	U+25F83	men
𥾋	U+25F8B	nái
𥾗	U+25F97	díu
𥾘	U+25F98	sợi
𥾛	U+25F9B	chặt
𥾡	U+25FA1	huyến
𥾵	U+25FB5	phảng
𥾺	U+25FBA	tung
𥾽	U+25FBD	bền
𥾾	U+25FBE	buộc
𥾿	U+25FBF	ngó
𥿀	U+25FC0	vít
𥿁	U+25FC1	vương
𥿂	U+25FC2	tim
𥿉	U+25FC9	miệt
𥿗	U+25FD7	giấy
𥿠	U+25FE0	bủa
𥿡	U+25FE1	nỉ
𥿣	U+25FE3	chão
𥿤	U+25FE4	khâu
𥿥	U+25FE5	sợi
𥿮	U+25FEE	chức|vực
𥿳	U+25FF3	tế
𥿺	U+25FFA	vòng
𦀅	U+26005	niền
𦀇	U+26007	kinh
𦀊	U+2600A	dai
𦀋	U+2600B	buông
𦀌	U+2600C	nhợ
𦀍	U+2600D	rách
𦀎	U+2600E	riết
𦀏	U+2600F	thùa
𦀐	U+26010	chằng
𦀑	U+26011	trói
𦀖	U+26016	kép
𦀗	U+26017	chức|xích
𦀚	U+2601A	giềng
𦀠	U+26020	thống
𦀨	U+26028	nơ
𦀪	U+2602A	vá
𦀫	U+2602B	yếm
𦀴	U+26034	mạng
𦀵	U+26035	chuỗi
𦀹	U+26039	thun
𦀺	U+2603A	xe
𦀻	U+2603B	cửi
𦀼	U+2603C	nối
𦀽	U+2603D	kéo|kết
𦀾	U+2603E	ràng
𦀿	U+2603F	vải
𦁀	U+26040	bối
𦁁	U+26041	nuộc
𦁂	U+26042	bận
𦁅	U+26045	sô
𦁉	U+26049	thỏa|tuy
𦁢	U+26062	chằng
𦁣	U+26063	go
𦁴	U+26074	thân
𦁸	U+26078	mạng
𦁹	U+26079	rớ
𦁺	U+2607A	món
𦁻	U+2607B	nịt
𦁼	U+2607C	may
𦁽	U+2607D	vướng
𦁾	U+2607E	ửng
𦁿	U+2607F	gò
𦂁	U+26081	đỏi
𦂈	U+26088	trủ
𦂌	U+2608C	bổng
𦂛	U+2609B	the
𦂝	U+2609D	tập
𦂯	U+260AF	tài
𦂳	U+260B3	khẩn
𦂶	U+260B6	ỷ
𦂺	U+260BA	ươm
𦂻	U+260BB	luốt
𦂼	U+260BC	giậm
𦂽	U+260BD	đột
𦂾	U+260BE	dệt
𦂿	U+260BF	buộc
𦃀	U+260C0	chải
𦃂	U+260C2	khẩn
𦃐	U+260D0	tao
𦃠	U+260E0	chuy
𦃮	U+260EE	gai
𦃯	U+260EF	tói
𦃾	U+260FE	lượt
𦃿	U+260FF	vải
𦄀	U+26100	mã
𦄁	U+26101	thùn
𦄂	U+26102	dải
𦄃	U+26103	chít
𦄄	U+26104	quấn
𦄅	U+26105	dệt
𦄆	U+26106	may
𦄇	U+26107	nịt
𦄈	U+26108	xuyến
𦄉	U+26109	súc
𦄌	U+2610C	chắp
𦄓	U+26113	xâu
𦄘	U+26118	duyên|duyến
𦄛	U+2611B	chuy
𦄞	U+2611E	vấn
𦄠	U+26120	nút
𦄣	U+26123	cuộn
𦄲	U+26132	súc
𦄴	U+26134	chài
𦄵	U+26135	dứt
𦄶	U+26136	rìa
𦄷	U+26137	thòng
𦄸	U+26138	xụng
𦄹	U+26139	chão
𦄺	U+2613A	rắng
𦄻	U+2613B	quắn
𦄾	U+2613E	vóc
𦄿	U+2613F	mặc
𦅔	U+26154	mặc
𦅭	U+2616D	đũi
𦅮	U+2616E	tàn
𦅯	U+2616F	nhẳng
𦅰	U+26170	đùm
𦅱	U+26171	thùa
𦅲	U+26172	vợt
𦅴	U+26174	vở
𦆈	U+26188	huề
𦆎	U+2618E	dịch
𦆙	U+26199	sồi
𦆚	U+2619A	néo
𦆟	U+2619F	mùng
𦆵	U+261B5	tài
𦆹	U+261B9	đũi
𦆺	U+261BA	lĩnh
𦇇	U+261C7	nhão
𦇒	U+261D2	rối
𦇓	U+261D3	kế
𦇛	U+261DB	lạp
𦇧	U+261E7	kế
𦇮	U+261EE	chùng
𦇻	U+261FB	hoãn
𦈀	U+26200	xước
𦈂	U+26202	nhàu
𦈋	U+2620B	thu
𦈢	U+26222	phẫu|phữu
𦈦	U+26226	khuyết
𦈪	U+2622A	phữu
𦈫	U+2622B	khuyết
𦈱	U+26231	tư|từ
𦈽	U+2623D	chậu
𦉆	U+26246	tra
𦉇	U+26247	bình
𦉏	U+2624F	há
𦉟	U+2625F	nhạ
𦉪	U+2626A	võng
𦉫	U+2626B	võng
𦉭	U+2626D	võng
𦉱	U+26271	bảy
𦊚	U+2629A	bốn
𦊛	U+2629B	tư
𦊞	U+2629E	mân
𦊱	U+262B1	quái|quải
𦋄	U+262C4	phù
𦋇	U+262C7	tráo|trạo
𦋕	U+262D5	bẫy
𦋚	U+262DA	tráo|trạo
𦋛	U+262DB	tội
𦋦	U+262E6	ra
𦋧	U+262E7	thự
𦋬	U+262EC	phạt
𦋱	U+262F1	ky
𦋲	U+262F2	trí
𦋻	U+262FB	mạ
𦋼	U+262FC	bãi
𦋽	U+262FD	trí
𦌐	U+26310	duy|ly
𦌤	U+26324	trí
𦌱	U+26331	ky
𦌴	U+26334	la
𦍉	U+26349	lạ
𦍋	U+2634B	dương
𦍌	U+2634C	dương
𦍍	U+2634D	dương
𦍑	U+26351	khương
𦍒	U+26352	thát
𦍛	U+2635B	dáng
𦍟	U+2635F	tu
𦍤	U+26364	tường
𦍽	U+2637D	dương
𦎍	U+2638D	giòn
𦎛	U+2639B	gương
𦎟	U+2639F	canh
𦎡	U+263A1	xinh
𦎬	U+263AC	tanh
𦏁	U+263C1	hy
𦏄	U+263C4	đỏm
𦏒	U+263D2	miều
𦏓	U+263D3	bọn
𦏞	U+263DE	luy
𦏬	U+263EC	thiên
𦏲	U+263F2	vũ
𦐇	U+26407	tháp
𦐊	U+2640A	sí
𦐜	U+2641C	thúy
𦑃	U+26443	cánh
𦑅	U+26445	lượn
𦑗	U+26457	quạt
𦒋	U+2648B	hàn
𦒏	U+2648F	cách
𦒢	U+264A2	cao
𦒮	U+264AE	lông
𦒱	U+264B1	khảo
𦒳	U+264B3	lão
𦒵	U+264B5	khụ
𦒹	U+264B9	sáu
𦒿	U+264BF	kỳ
𦓄	U+264C4	mạo
𦓅	U+264C5	già
𦓇	U+264C7	khụ
𦓉	U+264C9	lụ
𦓊	U+264CA	cỗi
𦓐	U+264D0	nhi
𦓜	U+264DC	lẫu
𦓡	U+264E1	mà
𦓤	U+264E4	lỗi
𦓨	U+264E8	cử|tỷ
𦓿	U+264FF	cầy
𦔐	U+26510	vân
𦔙	U+26519	cấy
𦕁	U+26541	văn
𦕌	U+2654C	văn
𦕐	U+26550	đam
𦕓	U+26553	tế
𦕟	U+2655F	vểnh
𦕢	U+26562	thính
𦕦	U+26566	tụ
𦕱	U+26571	liên
𦕳	U+26573	lảu
𦖇	U+26587	bịt
𦖑	U+26591	nghe
𦖟	U+2659F	thông
𦖡	U+265A1	điếc
𦖮	U+265AE	di
𦖻	U+265BB	tai
𦗏	U+265CF	lắng
𦗝	U+265DD	lỏm
𦗞	U+265DE	ghé
𦗽	U+265FD	điếc
𦘒	U+26612	duật
𦘟	U+2661F	triệu
𦘠	U+26620	thư
𦘥	U+26625	triệu
𦘦	U+26626	triệu
𦘧	U+26627	vẽ
𦘨	U+26628	dị|tứ
𦘱	U+26631	vóc
𦘹	U+26639	sườn
𦘺	U+2663A	phì
𦘻	U+2663B	manh
𦙀	U+26640	phỡn
𦙃	U+26643	tư
𦙄	U+26644	hung
𦙍	U+2664D	dận|ế
𦙏	U+2664F	ngực
𦙘	U+26658	chi
𦙜	U+2665C	nách
𦙞	U+2665E	hung
𦙠	U+26660	chi
𦙡	U+26661	khẳng|manh
𦙣	U+26663	mọc
𦙤	U+26664	mào
𦙥	U+26665	họng
𦙦	U+26666	tim
𦙩	U+26669	hào
𦙫	U+2666B	chinh|giêng
𦙳	U+26673	chẩn
𦙶	U+26676	cổ|quăng
𦚃	U+26683	bái|phế
𦚌	U+2668C	kiên
𦚑	U+26691	kiên
𦚔	U+26694	chạo
𦚕	U+26695	cằm
𦚖	U+26696	mập
𦚗	U+26697	tóp
𦚭	U+266AD	truồng
𦚯	U+266AF	dận
𦚰	U+266B0	hiếp
𦚾	U+266BE	hung
𦛉	U+266C9	đéo
𦛊	U+266CA	chồn
𦛋	U+266CB	gật
𦛌	U+266CC	ruột
𦛍	U+266CD	tái
𦛕	U+266D5	cước
𦛜	U+266DC	hàm
𦛢	U+266E2	quắc
𦛫	U+266EB	dận
𦛬	U+266EC	dận
𦛶	U+266F6	cước
𦛺	U+266FA	bét
𦛻	U+266FB	thộn
𦛼	U+266FC	bênh
𦛽	U+266FD	ngóm
𦛾	U+266FE	nục
𦛿	U+266FF	mang
𦜀	U+26700	phị
𦜂	U+26702	hào
𦜐	U+26710	quản
𦜕	U+26715	ky|kỵ
𦜘	U+26718	vú
𦜚	U+2671A	hào
𦜞	U+2671E	rốn
𦝂	U+26742	đít
𦝃	U+26743	ròm
𦝄	U+26744	răng
𦝅	U+26745	phễn
𦝆	U+26746	sần
𦝇	U+26747	đít
𦝈	U+26748	ngắc
𦝉	U+26749	đẻ
𦝊	U+2674A	trôn
𦝋	U+2674B	mụn
𦝌	U+2674C	mép
𦝍	U+2674D	sần
𦝎	U+2674E	phốp
𦝥	U+26765	sáp
𦝩	U+26769	vị
𦝫	U+2676B	yêu
𦝬	U+2676C	nhót
𦝲	U+26772	lạp
𦝹	U+26779	lườn
𦝺	U+2677A	mẩy
𦞁	U+26781	tươi
𦞅	U+26785	vị
𦞍	U+2678D	cáy
𦞎	U+2678E	nghén
𦞏	U+2678F	ôi
𦞐	U+26790	ngực
𦞑	U+26791	vòi
𦞒	U+26792	đẫy
𦞓	U+26793	phay
𦞔	U+26794	hoẳn
𦞢	U+267A2	tao
𦞤	U+267A4	tín
𦞦	U+267A6	hoắc|hác
𦞩	U+267A9	dận
𦟂	U+267C2	mề
𦟉	U+267C9	còm
𦟊	U+267CA	phổi
𦟋	U+267CB	bọ
𦟍	U+267CD	gây
𦟎	U+267CE	sươi
𦟏	U+267CF	khu
𦟐	U+267D0	má
𦟑	U+267D1	iả
𦟒	U+267D2	giòn
𦟖	U+267D6	mỡ
𦟗	U+267D7	nem
𦟜	U+267DC	nách
𦟢	U+267E2	thần
𦟤	U+267E4	tu
𦟦	U+267E6	mô|mạc
𦟪	U+267EA	lườn
𦟰	U+267F0	tra
𦟵	U+267F5	bệu
𦟶	U+267F6	nem
𦟷	U+267F7	bòi
𦟸	U+267F8	nách
𦟹	U+267F9	lồn
𦟺	U+267FA	ngoải
𦟻	U+267FB	nạc
𦟼	U+267FC	bế
𦟽	U+267FD	mật
𦟾	U+267FE	khù
𦟿	U+267FF	đùi
𦠆	U+26806	sụn|tổn
𦠊	U+2680A	não
𦠘	U+26818	vai
𦠯	U+2682F	nhờn
𦠰	U+26830	vác
𦠱	U+26831	phét
𦠲	U+26832	ú
𦠳	U+26833	sườn
𦠴	U+26834	cằm
𦠵	U+26835	rọi
𦠶	U+26836	seo
𦠽	U+2683D	vòi
𦠿	U+2683F	táp
𦡋	U+2684B	rốn
𦡜	U+2685C	tý
𦡞	U+2685E	ngấm
𦡟	U+2685F	lưng
𦡠	U+26860	sống
𦡡	U+26861	ngậy
𦡢	U+26862	rau
𦡣	U+26863	bầm
𦡤	U+26864	chũn
𦡥	U+26865	nách
𦡦	U+26866	dỏng
𦡬	U+2686C	cằm
𦡮	U+2686E	phổi
𦡯	U+2686F	đít
𦡲	U+26872	nính
𦡶	U+26876	lọm
𦢄	U+26884	buồi
𦢉	U+26889	mật
𦢊	U+2688A	bộc
𦢌	U+2688C	độc
𦢖	U+26896	ưng
𦢞	U+2689E	chó
𦢟	U+2689F	phịch
𦢠	U+268A0	răng
𦢡	U+268A1	nóc
𦢢	U+268A2	nóc
𦢩	U+268A9	tủy
𦢲	U+268B2	hô
𦢳	U+268B3	vai
𦢴	U+268B4	lột
𦢵	U+268B5	rõm
𦢶	U+268B6	đùi
𦢷	U+268B7	má
𦢾	U+268BE	gáy
𦣎	U+268CE	nân
𦣕	U+268D5	phèo
𦣗	U+268D7	nhau
𦣘	U+268D8	nứng
𦣙	U+268D9	nấng
𦣞	U+268DE	di|thần
𦣰	U+268F0	nằm
𦣹	U+268F9	tự
𦣼	U+268FC	tự
𦤀	U+26900	khứu
𦤚	U+2691A	bạt
𦤠	U+26920	hôi
𦤭	U+2692D	lẹt
𦤮	U+2692E	thối
𦤯	U+2692F	khắm
𦤰	U+26930	thủm
𦤱	U+26931	khẳn
𦤳	U+26933	chí
𦤴	U+26934	chí
𦤵	U+26935	chí
𦤶	U+26936	trí
𦤹	U+26939	trí
𦤺	U+2693A	trí
𦤼	U+2693C	đài
𦤾	U+2693E	đến
𦥃	U+26943	đến
𦥇	U+26947	trăn
𦥑	U+26951	cúc|cửu
𦥒	U+26952	cửu
𦥓	U+26953	cửu
𦥝	U+2695D	yểu
𦥪	U+2696A	xỉ
𦦙	U+26999	cử
𦧃	U+269C3	lâu
𦧇	U+269C7	chỉ|thị
𦧓	U+269D3	chỉ|thị
𦧘	U+269D8	thịt
𦧜	U+269DC	lưỡi
𦧧	U+269E7	chỉ|thị
𦧴	U+269F4	điền
𦧷	U+269F7	liếm
𦧽	U+269FD	lưỡi
𦨂	U+26A02	múa
𦨑	U+26A11	chài
𦨗	U+26A17	ban|bàn|bát
𦨜	U+26A1C	qua
𦨢	U+26A22	đáy
𦨴	U+26A34	đồng
𦨻	U+26A3B	khoang
𦩍	U+26A4D	đao
𦩚	U+26A5A	mui
𦩛	U+26A5B	gụ
𦩰	U+26A70	xuồng
𦩳	U+26A73	giã|giả
𦩷	U+26A77	câu
𦪂	U+26A82	đò
𦪃	U+26A83	sõng
𦪇	U+26A87	lộc
𦪏	U+26A8F	thong
𦪐	U+26A90	sõng
𦪑	U+26A91	phạt
𦪦	U+26AA6	xưởng
𦪨	U+26AA8	trẩy
𦪵	U+26AB5	ghe
𦪻	U+26ABB	khoang
𦪼	U+26ABC	ghe
𦫘	U+26AD8	bợt
𦬑	U+26B11	nở
𦬖	U+26B16	cừu
𦬶	U+26B36	ngò
𦬸	U+26B38	truật
𦬺	U+26B3A	hoảng
𦬻	U+26B3B	nô
𦭦	U+26B66	trổ
𦭧	U+26B67	túp
𦭪	U+26B6A	húng
𦮕	U+26B95	niết
𦮲	U+26BB2	rễ
𦮴	U+26BB4	nen
𦮺	U+26BBA	tư
𦯊	U+26BCA	quyết
𦯬	U+26BEC	dưa
𦯶	U+26BF6	manh
𦰟	U+26C1F	ngọn
𦰠	U+26C20	óng
𦰢	U+26C22	nưa
𦰣	U+26C23	đay
𦰤	U+26C24	lau
𦰦	U+26C26	cải
𦰲	U+26C32	hu
𦱉	U+26C49	long
𦲒	U+26C92	nhài
𦲵	U+26CB5	chênh
𦲹	U+26CB9	rạ
𦲺	U+26CBA	sả
𦲻	U+26CBB	rơm
𦲼	U+26CBC	ngó
𦲾	U+26CBE	mướp
𦲿	U+26CBF	lá
𦳙	U+26CD9	tré
𦴋	U+26D0B	mống
𦵗	U+26D57	ké
𦵘	U+26D58	sả
𦵙	U+26D59	nhựa
𦵚	U+26D5A	nụ
𦵛	U+26D5B	đốt
𦵜	U+26D5C	ráy
𦵠	U+26D60	hẹ
𦷨	U+26DE8	chè
𦷩	U+26DE9	bốm
𦷫	U+26DEB	hái
𦷬	U+26DEC	bí
𦷭	U+26DED	cói
𦷮	U+26DEE	ngổ
𦷯	U+26DEF	mài
𦷾	U+26DFE	đấy
𦹯	U+26E6F	cỏ
𦹰	U+26E70	mầm
𦹱	U+26E71	gừng
𦹳	U+26E73	thơm
𦹴	U+26E74	bìm
𦹵	U+26E75	cỏ
𦹶	U+26E76	vối
𦹷	U+26E77	bụi
𦹸	U+26E78	dền
𦹹	U+26E79	nhài
𦹺	U+26E7A	rác
𦹻	U+26E7B	dâm
𦺓	U+26E93	trầu
𦻃	U+26EC3	chuy
𦼃	U+26F03	sắng
𦼇	U+26F07	úa
𦼔	U+26F14	liêu|lều
𦼚	U+26F1A	lùm
𦼛	U+26F1B	sắn
𦼜	U+26F1C	sắn
𦼝	U+26F1D	nẫu
𦼞	U+26F1E	dưa
𦼟	U+26F1F	khay
𦼠	U+26F20	súng
𦼥	U+26F25	dứa
𦼨	U+26F28	cũ
𦽔	U+26F54	om
𦽰	U+26F70	tranh
𦾆	U+26F86	ngạc
𦾊	U+26F8A	ngạc
𦾏	U+26F8F	hiệp
𦾠	U+26FA0	dưa
𦾢	U+26FA2	rậm
𦾣	U+26FA3	chồi
𦾤	U+26FA4	dó
𦾥	U+26FA5	vừng
𧀏	U+2700F	súng
𧀐	U+27010	gồi
𧀑	U+27011	giống
𧀒	U+27012	non
𧀓	U+27013	rú
𧀜	U+2701C	sam
𧀞	U+2701E	trái
𧀟	U+2701F	đầy
𧀨	U+27028	lốp
𧀮	U+2702E	phu
𧁴	U+27074	ghém
𧁵	U+27075	vỏ
𧁶	U+27076	giền
𧁷	U+27077	khó
𧁸	U+27078	vừng
𧁹	U+27079	khó
𧁺	U+2707A	rườm
𧂀	U+27080	mạo
𧂁	U+27081	chện
𧂄	U+27084	rườm
𧂒	U+27092	tróc
𧃋	U+270CB	dưa
𧃌	U+270CC	rạp
𧃵	U+270F5	đắng
𧃶	U+270F6	muống
𧃷	U+270F7	khoai
𧃽	U+270FD	ứng
𧄈	U+27108	rêu
𧄊	U+2710A	han
𧄲	U+27132	mo
𧄳	U+27133	kiệu
𧄴	U+27134	ngồng
𧄵	U+27135	rạp
𧅕	U+27155	rạp
𧅫	U+2716B	rác
𧅬	U+2716C	men
𧅭	U+2716D	muống
𧆄	U+27184	thuốc
𧆓	U+27193	thô
𧈣	U+27223	nái
𧈫	U+2722B	hồng
𧉙	U+27259	trùn
𧉚	U+2725A	vắt
𧉝	U+2725D	cáy
𧉢	U+27262	huyệt
𧉧	U+27267	khử|kiếp
𧉻	U+2727B	bạng
𧊅	U+27285	quải
𧊉	U+27289	bướm
𧊊	U+2728A	nhộng
𧊋	U+2728B	thằn
𧊌	U+2728C	chão
𧊎	U+2728E	vắt
𧊐	U+27290	trút
𧊔	U+27294	diễn
𧊕	U+27295	nhông
𧋀	U+272C0	chấu
𧋁	U+272C1	nhái
𧋂	U+272C2	vò
𧋃	U+272C3	chuồn
𧋄	U+272C4	còng
𧋅	U+272C5	rận
𧋆	U+272C6	dòi
𧋇	U+272C7	chạch
𧋍	U+272CD	chét
𧋘	U+272D8	đỉa
𧋟	U+272DF	mối
𧋵	U+272F5	cuống
𧋶	U+272F6	mọt
𧋷	U+272F7	ghẹ
𧋸	U+272F8	trạnh
𧋹	U+272F9	giời
𧋺	U+272FA	chấy
𧋻	U+272FB	lằn
𧋼	U+272FC	nhộng
𧋽	U+272FD	mang
𧋾	U+272FE	ộp
𧋿	U+272FF	khoải
𧌀	U+27300	thằn
𧌂	U+27302	bọ
𧌎	U+2730E	đẻn
𧌑	U+27311	quật
𧌽	U+2733D	biết
𧍅	U+27345	sứa
𧍆	U+27346	cua
𧍇	U+27347	sứa
𧍈	U+27348	đóm
𧍉	U+27349	đỉa
𧍊	U+2734A	giời
𧍋	U+2734B	ngài
𧍌	U+2734C	chẫu
𧍍	U+2734D	rầy
𧍎	U+2734E	hôn
𧍏	U+2734F	cua
𧍐	U+27350	rầy
𧍑	U+27351	võng
𧍒	U+27352	xuyễn
𧍘	U+27358	u
𧍢	U+27362	diễn
𧍴	U+27374	gián
𧎛	U+2739B	đọt
𧎜	U+2739C	ốc
𧎝	U+2739D	chấu
𧎠	U+273A0	rận
𧎩	U+273A9	khiết
𧎴	U+273B4	rết
𧎷	U+273B7	sò
𧏯	U+273EF	nhúc
𧏰	U+273F0	sam
𧏱	U+273F1	đóm
𧏲	U+273F2	rết
𧏳	U+273F3	bọ
𧏴	U+273F4	choi
𧏵	U+273F5	rồng
𧏶	U+273F6	rận
𧏷	U+273F7	nhúc
𧐐	U+27410	trách
𧐖	U+27416	lươn
𧐸	U+27438	điu
𧐹	U+27439	dời
𧐺	U+2743A	thuồng
𧐻	U+2743B	nhồi
𧐼	U+2743C	chẫu
𧐽	U+2743D	róm
𧐾	U+2743E	bọ
𧐿	U+2743F	sùng
𧑁	U+27441	sam
𧑂	U+27442	cáy
𧑃	U+27443	ngao
𧑅	U+27445	vét
𧑆	U+27446	chàng
𧑐	U+27450	quít
𧑒	U+27452	giun
𧒅	U+27485	bướm
𧒇	U+27487	sâu
𧒉	U+27489	rùa
𧒊	U+2748A	ráy
𧒋	U+2748B	rọm
𧒌	U+2748C	rùa
𧒍	U+2748D	rùa
𧒎	U+2748E	nga
𧒒	U+27492	phong
𧓅	U+274C5	nòng
𧓆	U+274C6	chuồn
𧓇	U+274C7	riện
𧓏	U+274CF	hầu
𧓭	U+274ED	mèn
𧓮	U+274EE	vích
𧓯	U+274EF	ngoé
𧓰	U+274F0	sam
𧓽	U+274FD	lại|lệ
𧔙	U+27519	bậu
𧔚	U+2751A	còng
𧔛	U+2751B	nhặng
𧔜	U+2751C	rạm
𧔾	U+2753E	giòi
𧔿	U+2753F	điu
𧕀	U+27540	vích
𧕄	U+27544	ưng
𧕚	U+2755A	trai
𧕬	U+2756C	rẽ
𧕭	U+2756D	rạm
𧖃	U+27583	hến
𧖅	U+27585	mật
𧖐	U+27590	róm
𧖦	U+275A6	mọi
𧖩	U+275A9	nục
𧖰	U+275B0	máu
𧖱	U+275B1	máu
𧖳	U+275B3	đồ
𧖴	U+275B4	mạch
𧖹	U+275B9	mạch
𧖽	U+275BD	minh
𧗂	U+275C2	nịch
𧗄	U+275C4	giám
𧗅	U+275C5	mủ
𧗗	U+275D7	nục
𧗙	U+275D9	hực
𧗚	U+275DA	hực
𧗝	U+275DD	quỹ
𧗞	U+275DE	đạo
𧗟	U+275DF	đạo
𧗡	U+275E1	khản
𧗢	U+275E2	quỹ
𧗧	U+275E7	vãng
𧗨	U+275E8	ngự
𧗪	U+275EA	chính
𧗬	U+275EC	vi
𧗭	U+275ED	khiên
𧗲	U+275F2	trưng
𧗳	U+275F3	huyễn
𧗶	U+275F6	cát
𧗷	U+275F7	thuật
𧗺	U+275FA	khiên
𧗻	U+275FB	ngự
𧗼	U+275FC	huy
𧗾	U+275FE	hành
𧘀	U+27600	đạo
𧘂	U+27602	xung
𧘄	U+27604	đạo
𧘆	U+27606	cù
𧘇	U+27607	y|ấy
𧘈	U+27608	liễu
𧘸	U+27638	xòn
𧘿	U+2763F	chinh
𧙟	U+2765F	duệ
𧙥	U+27665	lung|đổng
𧙻	U+2767B	lốt
𧙼	U+2767C	rách
𧙽	U+2767D	truồng
𧚟	U+2769F	váy
𧚠	U+276A0	sống
𧚢	U+276A2	xống
𧚨	U+276A8	tiệp
𧚭	U+276AD	mền
𧛆	U+276C6	đụp
𧛇	U+276C7	tràng
𧛈	U+276C8	lụn
𧛉	U+276C9	may
𧛊	U+276CA	rách
𧛋	U+276CB	nệm
𧛌	U+276CC	vạt
𧛗	U+276D7	đột
𧛞	U+276DE	hò
𧛶	U+276F6	đãy
𧛷	U+276F7	tơi
𧛾	U+276FE	kháp
𧜀	U+27700	mịch
𧜁	U+27701	sái
𧜐	U+27710	trễ
𧜖	U+27716	chăn
𧜗	U+27717	mớ
𧜘	U+27718	viền
𧜙	U+27719	xống
𧜞	U+2771E	mãn
𧜵	U+27735	đai
𧜹	U+27739	xười
𧜺	U+2773A	bâu
𧜻	U+2773B	đũng
𧝦	U+27766	rách
𧝧	U+27767	chẻn
𧝨	U+27768	chéo
𧝩	U+27769	toàng
𧞊	U+2778A	dải|giải
𧞋	U+2778B	rèm
𧞣	U+277A3	yếm
𧞤	U+277A4	toạc
𧞥	U+277A5	nòi
𧞫	U+277AB	thụ
𧞴	U+277B4	địu
𧞶	U+277B6	đốc
𧞾	U+277BE	mặc
𧞿	U+277BF	rách
𧟀	U+277C0	chẽn
𧟁	U+277C1	viền
𧟝	U+277DD	vạt
𧠅	U+27805	úp
𧡊	U+2784A	thấy
𧢑	U+27891	dớn
𧢟	U+2789F	nghiến
𧢲	U+278B2	giác
𧣠	U+278E0	chánh
𧣧	U+278E7	dia
𧣲	U+278F2	cạnh
𧣳	U+278F3	góc
𧣴	U+278F4	trản
𧤁	U+27901	sừng
𧤂	U+27902	sừng
𧤗	U+27917	đoan
𧤥	U+27925	kèn
𧤭	U+2792D	ba
𧤸	U+27938	mám
𧤹	U+27939	thoi
𧤺	U+2793A	xa
𧥃	U+27943	chọi
𧥇	U+27947	còi
𧥔	U+27954	va
𧥛	U+2795B	ngôn
𧥜	U+2795C	ngôn
𧦔	U+27994	ghế
𧦕	U+27995	kể
𧦖	U+27996	đồn
𧦝	U+2799D	hô
𧦦	U+279A6	nam
𧦧	U+279A7	di
𧦿	U+279BF	béng
𧧀	U+279C0	ngoa
𧧢	U+279E2	hoang
𧧯	U+279EF	khoang
𧧼	U+279FC	nghị
𧩂	U+27A42	báng
𧩙	U+27A59	đản
𧩽	U+27A7D	truân
𧫦	U+27AE6	ê
𧫼	U+27AFC	mơ
𧬯	U+27B2F	kiển
𧭉	U+27B49	chẩn
𧮈	U+27B88	kiển
𧮫	U+27BAB	cốc
𧮬	U+27BAC	cược
𧮰	U+27BB0	hàm
𧯄	U+27BC4	hang
𧯅	U+27BC5	hang
𧯆	U+27BC6	khoát
𧯋	U+27BCB	ha
𧯎	U+27BCE	giản
𧯴	U+27BF4	thụ
𧯵	U+27BF5	phộng
𧯶	U+27BF6	há
𧰗	U+27C17	nành
𧰙	U+27C19	kỳ
𧰜	U+27C1C	chòng
𧰦	U+27C26	ụt
𧰧	U+27C27	thỉ
𧰨	U+27C28	thỉ
𧱬	U+27C6C	dũ
𧱺	U+27C7A	ỷ
𧲫	U+27CAB	cọp
𧲼	U+27CBC	beo
𧳅	U+27CC5	sử
𧳆	U+27CC6	đồng
𧳇	U+27CC7	cọp
𧳏	U+27CCF	bĩ
𧳘	U+27CD8	hùm
𧳟	U+27CDF	lai
𧴄	U+27D04	dung
𧴋	U+27D0B	beo
𧴖	U+27D16	uế
𧴤	U+27D24	bói
𧴪	U+27D2A	tỏa
𧴱	U+27D31	nợ
𧵅	U+27D45	ba
𧵆	U+27D46	gần
𧵘	U+27D58	đam
𧵟	U+27D5F	quà
𧶄	U+27D84	dành
𧶉	U+27D89	tân
𧶎	U+27D8E	tân
𧶙	U+27D99	bối
𧶤	U+27DA4	tiện
𧶫	U+27DAB	biếu
𧶬	U+27DAC	đắt
𧶭	U+27DAD	buôn
𧶮	U+27DAE	của
𧶯	U+27DAF	cõng
𧷝	U+27DDD	xoe
𧷸	U+27DF8	mua
𧷹	U+27DF9	tậu
𧷺	U+27DFA	tròn
𧸑	U+27E11	tặng
𧸒	U+27E12	vủi
𧸓	U+27E13	chứa
𧸖	U+27E16	trám
𧸝	U+27E1D	bán
𧸰	U+27E30	khềnh
𧸺	U+27E3A	còng
𧸻	U+27E3B	búi
𧸽	U+27E3D	di
𧹅	U+27E45	nghèo
𧹋	U+27E4B	vay
𧹛	U+27E5B	chi
𧹟	U+27E5F	đà
𧹥	U+27E65	đỏ
𧹦	U+27E66	đỏ
𧹪	U+27E6A	son
𧹫	U+27E6B	lòm
𧹬	U+27E6C	yên
𧹰	U+27E70	hường
𧹱	U+27E71	thắm
𧹻	U+27E7B	đỏ
𧹼	U+27E7C	đỏ
𧹿	U+27E7F	tím
𧺀	U+27E80	thắm
𧺁	U+27E81	thắm
𧺂	U+27E82	đổ
𧺃	U+27E83	đỏ
𧺆	U+27E86	tẩu
𧺕	U+27E95	rượt
𧻐	U+27ED0	đuổi
𧻚	U+27EDA	cản
𧻩	U+27EE9	rảo
𧻪	U+27EEA	nhông
𧻭	U+27EED	dậy
𧼋	U+27F0B	chạy
𧼌	U+27F0C	chạy
𧼍	U+27F0D	lanh
𧼮	U+27F2E	thang
𧼰	U+27F30	tráp
𧽇	U+27F47	dấy
𧽈	U+27F48	dấy
𧽒	U+27F52	khúng
𧽻	U+27F7B	quất
𧾌	U+27F8C	trốn
𧾍	U+27F8D	chiên
𧾥	U+27FA5	độc
𧾿	U+27FBF	tréo
𧿐	U+27FD0	chen
𧿑	U+27FD1	nhắc
𧿒	U+27FD2	sẩm
𧿕	U+27FD5	kháo
𧿥	U+27FE5	thử
𧿨	U+27FE8	trở
𧿫	U+27FEB	dấu
𧿬	U+27FEC	nhón
𧿭	U+27FED	vết
𧿺	U+27FFA	xoắt
𨀈	U+28008	bước
𨀊	U+2800A	dậng
𨀋	U+2800B	sẩy
𨀌	U+2800C	lánh
𨀍	U+2800D	dùng
𨀎	U+2800E	lộp
𨀏	U+2800F	đến
𨀐	U+28010	rong
𨀑	U+28011	ngoáy
𨀒	U+28012	vó
𨀕	U+28015	khuông|đi
𨀤	U+28024	chọi
𨀰	U+28030	băng
𨀹	U+28039	giạng
𨀺	U+2803A	lết
𨀻	U+2803B	nhòng
𨀼	U+2803C	rảo
𨀽	U+2803D	ríu
𨀾	U+2803E	nhỡ
𨀿	U+2803F	cẳng
𨁉	U+28049	khổn
𨁋	U+2804B	đậu
𨁍	U+2804D	rén
𨁎	U+2804E	choành
𨁘	U+28058	choải
𨁝	U+2805D	buột
𨁡	U+28061	noi
𨁥	U+28065	đủ
𨁦	U+28066	lõng
𨁧	U+28067	noi
𨁨	U+28068	cuống
𨁩	U+28069	bả
𨁪	U+2806A	dấu
𨁫	U+2806B	lỉa
𨁬	U+2806C	duỗi
𨁭	U+2806D	rảo
𨁮	U+2806E	lần
𨁯	U+2806F	xếch
𨁰	U+28070	xụi
𨁱	U+28071	vã
𨁲	U+28072	ập
𨁼	U+2807C	bon
𨂂	U+28082	chích
𨂔	U+28094	dọc
𨂕	U+28095	lồm
𨂖	U+28096	khập
𨂗	U+28097	co
𨂘	U+28098	rầm
𨂙	U+28099	ghềnh
𨂚	U+2809A	rón
𨂣	U+280A3	vụ
𨂼	U+280BC	rẽ
𨃈	U+280C8	cẳng
𨃉	U+280C9	giãy
𨃊	U+280CA	nhổm
𨃋	U+280CB	ríu
𨃌	U+280CC	giày
𨃍	U+280CD	tọt
𨃎	U+280CE	lồm
𨃏	U+280CF	xăm
𨃐	U+280D0	giày
𨃑	U+280D1	khoèo
𨃕	U+280D5	sộc
𨃚	U+280DA	tháp
𨃨	U+280E8	triển
𨃫	U+280EB	nhảo
𨃰	U+280F0	cồm
𨃴	U+280F4	gót
𨃵	U+280F5	chỗm
𨃶	U+280F6	ghếch
𨃷	U+280F7	chúc
𨃸	U+280F8	xông
𨃹	U+280F9	lảng
𨃺	U+280FA	nập
𨃻	U+280FB	lết
𨃼	U+280FC	tọ
𨃽	U+280FD	nhúc
𨃾	U+280FE	xửng
𨄁	U+28101	đâm
𨄂	U+28102	lứng
𨄅	U+28105	khu
𨄉	U+28109	sững
𨄊	U+2810A	té
𨄑	U+28111	bậc
𨄞	U+2811E	chóng
𨄟	U+2811F	đùi
𨄠	U+28120	tắt
𨄳	U+28133	bò
𨄴	U+28134	sụp
𨄵	U+28135	sạo
𨄶	U+28136	dạng
𨄷	U+28137	sững
𨄸	U+28138	đỉnh
𨄹	U+28139	dạo
𨄺	U+2813A	chui
𨄻	U+2813B	dận
𨄼	U+2813C	dời
𨄽	U+2813D	hổm
𨄾	U+2813E	ghé
𨄿	U+2813F	giong
𨅀	U+28140	lệp
𨅁	U+28141	sụp
𨅂	U+28142	mọp
𨅃	U+28143	xồng
𨅄	U+28144	nhón
𨅇	U+28147	tòi
𨅉	U+28149	lửng
𨅍	U+2814D	rén
𨅐	U+28150	què
𨅒	U+28152	trù
𨅞	U+2815E	nhấp
𨅥	U+28165	bay
𨅮	U+2816E	đua
𨅰	U+28170	chững
𨅷	U+28177	dọi
𨅸	U+28178	đứng
𨅹	U+28179	trèo
𨅺	U+2817A	chổm
𨅻	U+2817B	khèo
𨅼	U+2817C	láy
𨅽	U+2817D	lòn
𨅾	U+2817E	sụm
𨅿	U+2817F	vượt
𨆂	U+28182	khúm
𨆌	U+2818C	phiền
𨆏	U+2818F	đuổi
𨆒	U+28192	choạng
𨆓	U+28193	cầm
𨆝	U+2819D	cúi
𨆞	U+2819E	lỏng
𨆟	U+2819F	đủng
𨆠	U+281A0	quày
𨆡	U+281A1	dép
𨆢	U+281A2	lôi
𨆣	U+281A3	vợn
𨆤	U+281A4	quằn
𨆥	U+281A5	tuốn
𨆪	U+281AA	khinh
𨆶	U+281B6	bò
𨆷	U+281B7	đuổi
𨆸	U+281B8	ngoèn
𨆹	U+281B9	giạt
𨆺	U+281BA	vêu
𨆼	U+281BC	trù
𨆾	U+281BE	xẹt
𨆿	U+281BF	gác
𨇀	U+281C0	khiễng
𨇉	U+281C9	leo
𨇍	U+281CD	lẻn
𨇑	U+281D1	bải
𨇒	U+281D2	lủi
𨇓	U+281D3	gượm
𨇗	U+281D7	sịch
𨇛	U+281DB	đủ
𨇜	U+281DC	đủ
𨇣	U+281E3	lôm
𨇬	U+281EC	sóm
𨇯	U+281EF	song
𨇵	U+281F5	nhào
𨇶	U+281F6	khụy
𨇷	U+281F7	ngoẹo
𨇸	U+281F8	chồm
𨇹	U+281F9	ống
𨈏	U+2820F	thân
𨈐	U+28210	thân
𨈑	U+28211	thân
𨈒	U+28212	vóc
𨈛	U+2821B	chi
𨈜	U+2821C	đam
𨈻	U+2823B	tự
𨉑	U+28251	rình
𨉓	U+28253	mình
𨉞	U+2825E	lưng
𨉟	U+2825F	mình
𨉠	U+28260	bắn
𨊋	U+2828B	mẩy
𨊌	U+2828C	lăn
𨊷	U+282B7	oanh
𨋣	U+282E3	bánh
𨋤	U+282E4	so
𨋮	U+282EE	oanh
𨌀	U+28300	nhẹ
𨍄	U+28344	cộ
𨍏	U+2834F	đạc
𨍦	U+28366	sau
𨍰	U+28370	kháp
𨎆	U+28386	so
𨎞	U+2839E	ngáo
𨎟	U+2839F	trước
𨎠	U+283A0	trước
𨏄	U+283C4	nhẹ
𨏈	U+283C8	ẩn
𨏊	U+283CA	hạm
𨏒	U+283D2	lạc
𨏔	U+283D4	lộc
𨏧	U+283E7	so
𨐋	U+2840B	tân
𨐮	U+2842E	cay
𨐷	U+28437	chát
𨐸	U+28438	đắng
𨐺	U+2843A	nồng
𨐿	U+2843F	chát
𨑃	U+28443	thần
𨑄	U+28444	thần
𨑗	U+28457	trên
𨑜	U+2845C	xuống
𨑮	U+2846E	mười
𨑻	U+2847B	đem
𨒒	U+28492	mười
𨒟	U+2849F	đong
𨒥	U+284A5	hậu
𨒸	U+284B8	chuồn
𨒹	U+284B9	bạch
𨒺	U+284BA	quanh
𨒻	U+284BB	đuổi
𨓆	U+284C6	thối
𨓐	U+284D0	lạ
𨓑	U+284D1	nghểnh
𨓡	U+284E1	lùng
𨓢	U+284E2	ngót
𨓤	U+284E4	thoái|thối
𨓼	U+284FC	quy
𨔈	U+28508	chơi
𨔉	U+28509	gỡ
𨔊	U+2850A	suốt
𨔌	U+2850C	co
𨔍	U+2850D	lạ
𨔬	U+2852C	đạt
𨔰	U+28530	thiên
𨔾	U+2853E	chở
𨔿	U+2853F	chục
𨕀	U+28540	địt
𨕥	U+28565	đạo
𨕭	U+2856D	trên
𨖅	U+28585	sang
𨖍	U+2858D	ngã
𨖧	U+285A7	mau
𨖨	U+285A8	rời
𨖩	U+285A9	quýnh
𨖲	U+285B2	lên
𨖼	U+285BC	chóng
𨖿	U+285BF	uy
𨗊	U+285CA	đò
𨗛	U+285DB	chầu
𨗜	U+285DC	nhanh
𨗮	U+285EE	mặn
𨗵	U+285F5	địt
𨘗	U+28617	đuổi
𨘘	U+28618	vã
𨘱	U+28631	nhanh
𨘷	U+28637	mạc
𨙌	U+2864C	tít
𨙍	U+2864D	kéo
𨙖	U+28656	suốt
𨙛	U+2865B	chóng
𨙝	U+2865D	lui
𨙥	U+28665	xoảng
𨙨	U+28668	ấp
𨛍	U+286CD	sảo
𨛦	U+286E6	quẩn
𨛬	U+286EC	bùi
𨝣	U+28763	bỉ
𨟴	U+287F4	hú
𨠉	U+28809	tăm
𨠑	U+28811	di|đà
𨠣	U+28823	chuếnh
𨠲	U+28832	giấm
𨠳	U+28833	gây
𨠴	U+28834	sưa
𨠵	U+28835	xoàng
𨡈	U+28848	choáng
𨡉	U+28849	dấm
𨡊	U+2884A	miệt
𨡧	U+28867	choạng
𨡨	U+28868	gây
𨡼	U+2887C	giấm
𨢇	U+28887	rượu
𨢋	U+2888B	hộc
𨢕	U+28895	đồ
𨢟	U+2889F	cay
𨢥	U+288A5	mặn|phan
𨢻	U+288BB	miền
𨢼	U+288BC	mến
𨣤	U+288E4	giấm
𨣥	U+288E5	dấu
𨣨	U+288E8	lạm
𨤔	U+28914	vẻ
𨤧	U+28927	lẽ
𨤮	U+2892E	dặm
𨤯	U+2892F	chồng
𨤰	U+28930	nhẽ
𨤵	U+28935	dặm
𨤻	U+2893B	nhẽ
𨤼	U+2893C	nặng
𨥿	U+2897F	chảo
𨦀	U+28980	kéo
𨦁	U+28981	sã
𨦙	U+28999	lề
𨦥	U+289A5	chì
𨦦	U+289A6	vỡ
𨦧	U+289A7	nén
𨦩	U+289A9	vòng
𨦭	U+289AD	lao
𨦰	U+289B0	lưu
𨦽	U+289BD	rảng
𨧆	U+289C6	bửa
𨧝	U+289DD	đẵn
𨧟	U+289DF	nhẫn
𨧠	U+289E0	gang
𨧢	U+289E2	bịt
𨧣	U+289E3	xớt
𨨅	U+28A05	hoắt
𨨠	U+28A20	cuốc|cúc
𨨤	U+28A24	khép
𨨦	U+28A26	mai
𨨧	U+28A27	thép
𨨨	U+28A28	chiêng
𨨪	U+28A2A	chẻ
𨨫	U+28A2B	hái
𨩖	U+28A56	lình
𨩠	U+28A60	tĩn
𨪀	U+28A80	mỏ
𨪝	U+28A9D	kền
𨪞	U+28A9E	thuổng
𨫄	U+28AC4	băm
𨫅	U+28AC5	lon
𨫇	U+28AC7	chũm
𨫈	U+28AC8	chọc
𨫉	U+28AC9	thìa
𨫊	U+28ACA	sắt
𨫋	U+28ACB	cồng
𨫪	U+28AEA	han
𨫵	U+28AF5	cuốc
𨬈	U+28B08	mạ
𨬉	U+28B09	duì
𨬊	U+28B0A	giáo
𨬋	U+28B0B	miểng
𨬒	U+28B12	lam
𨬶	U+28B36	quán
𨭍	U+28B4D	bay
𨭏	U+28B4F	choang
𨭑	U+28B51	thuổng
𨭒	U+28B52	choang
𨭛	U+28B5B	lạp
𨭡	U+28B61	thau
𨭺	U+28B7A	cốm
𨮇	U+28B87	bung
𨮈	U+28B88	hom
𨮉	U+28B89	cùn
𨮊	U+28B8A	đâm
𨮋	U+28B8B	giũa
𨮌	U+28B8C	rựa
𨮍	U+28B8D	vằm
𨮎	U+28B8E	lạp
𨮐	U+28B90	nhọn
𨮑	U+28B91	thoi
𨮒	U+28B92	muỗng
𨮵	U+28BB5	muổng
𨮶	U+28BB6	vếu
𨮹	U+28BB9	thiếc
𨮻	U+28BBB	rèn
𨯃	U+28BC3	sỏ
𨯘	U+28BD8	kẽm
𨯛	U+28BDB	ấm
𨯷	U+28BF7	đấng
𨯸	U+28BF8	duì
𨯹	U+28BF9	đúc
𨰇	U+28C07	kẽm
𨰈	U+28C08	kiềng
𨰍	U+28C0D	đông
𨰧	U+28C27	sủng
𨰪	U+28C2A	thiếc
𨰲	U+28C32	lõm
𨰴	U+28C34	nén
𨰺	U+28C3A	bén
𨱗	U+28C57	trường
𨱪	U+28C6A	đườn
𨱽	U+28C7D	dài
𨱾	U+28C7E	dài
𨲅	U+28C85	nhằng
𨲖	U+28C96	ngòng
𨲞	U+28C9E	thích
𨲠	U+28CA0	ta
𨲷	U+28CB7	đườn
𨳇	U+28CC7	môn
𨳒	U+28CD2	mọn
𨳦	U+28CE6	suồng
𨳱	U+28CF1	ngõ
𨴦	U+28D26	cửa
𨵣	U+28D63	cửa
𨵦	U+28D66	du
𨶛	U+28D9B	cổng
𨷈	U+28DC8	muôn
𨷑	U+28DD1	mở
𨷯	U+28DEF	cửa
𨷶	U+28DF6	cửa
𨷺	U+28DFA	cưu
𨸈	U+28E08	mở
𨸍	U+28E0D	cụp
𨸏	U+28E0F	phụ
𨸾	U+28E3E	bậc
𨹬	U+28E6C	lở
𨺹	U+28EB9	tiểu|tưu
𨻫	U+28EEB	luống
𨻬	U+28EEC	xó
𨻮	U+28EEE	vện
𨻳	U+28EF3	yên|yển
𨻶	U+28EF6	khích
𨼋	U+28F0B	hờ
𨼖	U+28F16	âm|ấm
𨼚	U+28F1A	be
𨼼	U+28F3C	nhỏ
𨽻	U+28F7B	lệ
𩀨	U+29028	tòng
𩀳	U+29033	sống
𩁦	U+29066	loi
𩁱	U+29071	nhóm
𩁶	U+29076	ngất
𩁼	U+2907C	vũ
𩂀	U+29080	cơn
𩂁	U+29081	ngút
𩂄	U+29084	đùn
𩂏	U+2908F	che
𩂐	U+29090	râm
𩂑	U+29091	bùng
𩂕	U+29095	phất
𩂟	U+2909F	mù
𩂠	U+290A0	đậy
𩂣	U+290A3	lạc
𩂳	U+290B3	linh
𩂶	U+290B6	sét
𩃬	U+290EC	âm
𩃳	U+290F3	bóng
𩄎	U+2910E	mưa
𩄏	U+2910F	bùng
𩄐	U+29110	ráng
𩄑	U+29111	nồm
𩄒	U+29112	ũm
𩄓	U+29113	rợp
𩄔	U+29114	xẩng
𩄨	U+29128	guốt
𩄯	U+2912F	mậu
𩄰	U+29130	sét
𩄱	U+29131	dông
𩄲	U+29132	mây
𩄳	U+29133	tạnh
𩄴	U+29134	bóng
𩄵	U+29135	nấp
𩄶	U+29136	xối
𩄿	U+2913F	bột
𩅘	U+29158	tóc
𩅙	U+29159	sẩm
𩅚	U+2915A	dồi
𩅛	U+2915B	bùng
𩅜	U+2915C	ráng
𩅸	U+29178	lựu
𩅹	U+29179	mây
𩅺	U+2917A	râu
𩅻	U+2917B	chở
𩆇	U+29187	linh
𩆈	U+29188	linh
𩆊	U+2918A	nậu
𩆋	U+2918B	rào
𩆍	U+2918D	rào
𩆏	U+2918F	rợp
𩆐	U+29190	sấm
𩆝	U+2919D	lịch
𩆠	U+291A0	mống
𩆡	U+291A1	rào
𩆢	U+291A2	ầm
𩆪	U+291AA	mịt
𩆬	U+291AC	mống
𩆴	U+291B4	lờ
𩆷	U+291B7	sấm
𩆾	U+291BE	khuya
𩇅	U+291C5	mù
𩇆	U+291C6	sấm
𩇍	U+291CD	loà
𩇢	U+291E2	xanh
𩈂	U+29202	bay
𩈘	U+29218	mặt
𩈩	U+29229	nạ
𩈪	U+2922A	trán
𩊁	U+29281	oản
𩊓	U+29293	khỏa
𩊚	U+2929A	lạc
𩊮	U+292AE	sa
𩊽	U+292BD	hia
𩊾	U+292BE	dõn
𩋑	U+292D1	tiếp
𩋡	U+292E1	thất
𩋬	U+292EC	dương
𩌂	U+29302	giầy
𩌈	U+29308	tác
𩌦	U+29326	sỉ
𩌬	U+2932C	chương
𩍓	U+29353	ủng
𩍘	U+29358	bị
𩍢	U+29362	roi
𩍣	U+29363	dép
𩏕	U+293D5	bị
𩏳	U+293F3	vía
𩏵	U+293F5	bạc
𩐅	U+29405	táp
𩑋	U+2944B	hiệt
𩑒	U+29452	đốc
𩑞	U+2945E	nhiêm
𩑰	U+29470	trán
𩑶	U+29476	hồ
𩑺	U+2947A	nhiêm
𩒹	U+294B9	nhiêm
𩓛	U+294DB	ngụp
𩓜	U+294DC	màng
𩔫	U+2952B	loại
𩕀	U+29540	ngạo
𩕆	U+29546	chạng
𩕧	U+29567	tốn
𩖅	U+29585	sỏ
𩖫	U+295AB	vuông
𩗂	U+295C2	mát
𩗃	U+295C3	tố
𩘄	U+29604	may
𩘣	U+29623	tố
𩘨	U+29628	dông
𩘩	U+29629	thói
𩘪	U+2962A	giông
𩘫	U+2962B	hẩy
𩘬	U+2962C	thói
𩙋	U+2964B	gió
𩙌	U+2964C	gió
𩙍	U+2964D	gió
𩙔	U+29654	lưu
𩙕	U+29655	bão
𩙱	U+29671	phi
𩙳	U+29673	liệng
𩙹	U+29679	bổng
𩙻	U+2967B	bay
𩚀	U+29680	thực
𩚁	U+29681	thực
𩚃	U+29683	thực
𩚔	U+29694	nhử
𩚦	U+296A6	thết
𩚧	U+296A7	quà
𩚩	U+296A9	cỗ
𩛂	U+296C2	no
𩛃	U+296C3	quà
𩛄	U+296C4	bánh
𩛜	U+296DC	đói
𩛷	U+296F7	bữa
𩛸	U+296F8	mồi
𩜪	U+2972A	nhạy
𩜫	U+2972B	mồi
𩜹	U+29739	soạn
𩜽	U+2973D	ngán
𩝇	U+29747	mồi
𩝫	U+2976B	tương
𩝺	U+2977A	nuôi
𩝻	U+2977B	chăn
𩞝	U+2979D	mềm
𩞷	U+297B7	lưu
𩟂	U+297C2	quà
𩟡	U+297E1	đói
𩟢	U+297E2	bò
𩟬	U+297EC	sổi
𩟵	U+297F5	đúc
𩟻	U+297FB	nấng
𩟼	U+297FC	nuôi
𩠐	U+29810	thủ
𩠓	U+29813	gật
𩠔	U+29814	mào
𩠘	U+29818	ngoái
𩠠	U+29820	cúi
𩠧	U+29827	gục
𩠩	U+29829	sỏ
𩠭	U+2982D	óc
𩠱	U+29831	chui
𩠳	U+29833	chui
𩠴	U+29834	cúi
𩠵	U+29835	chọi
𩠸	U+29838	nóc
𩡋	U+2984B	thơm
𩡜	U+2985C	lựng
𩡧	U+29867	mã
𩢦	U+298A6	giong
𩢬	U+298AC	lừa
𩢷	U+298B7	mạch
𩣊	U+298CA	huất
𩣚	U+298DA	phi
𩤕	U+29915	bíu
𩥃	U+29943	mông
𩥄	U+29944	điên
𩥅	U+29945	thao
𩥖	U+29956	lưu
𩥺	U+2997A	lưu
𩥻	U+2997B	túc
𩦂	U+29982	nhàn
𩦓	U+29993	mở
𩦺	U+299BA	mông
𩧍	U+299CD	ruổi
𩨋	U+29A0B	điên
𩨜	U+29A1C	bả
𩨳	U+29A33	khốt
𩨼	U+29A3C	kheo
𩩇	U+29A47	sống
𩩖	U+29A56	sống
𩩩	U+29A69	vêu
𩩪	U+29A6A	xương
𩩫	U+29A6B	xương
𩩬	U+29A6C	xác
𩩿	U+29A7F	hom
𩪀	U+29A80	truy
𩪞	U+29A9E	sụn
𩪡	U+29AA1	đồn
𩪵	U+29AB5	sọ
𩪽	U+29ABD	cụt
𩫛	U+29ADB	chót
𩫦	U+29AE6	rôm
𩬆	U+29B06	gáy
𩬑	U+29B11	chơm|điêm
𩬠	U+29B20	thiều
𩬪	U+29B2A	bợp
𩬱	U+29B31	triêu
𩭆	U+29B46	cợp
𩭜	U+29B5C	xùi
𩭤	U+29B64	phẫn
𩭪	U+29B6A	khuất
𩭵	U+29B75	quăn
𩭶	U+29B76	râu
𩭺	U+29B7A	phó
𩮔	U+29B94	quăn
𩮕	U+29B95	xồm
𩮜	U+29B9C	thế
𩮥	U+29BA5	hưu
𩮭	U+29BAD	ria
𩮿	U+29BBF	chóp
𩯀	U+29BC0	tóc
𩯁	U+29BC1	râu
𩯂	U+29BC2	gáy
𩯮	U+29BEE	mờn
𩯯	U+29BEF	xoàm
𩯹	U+29BF9	sói
𩰈	U+29C08	nheo
𩰊	U+29C0A	đấu
𩰋	U+29C0B	đấu
𩰓	U+29C13	hống
𩱦	U+29C66	sao
𩱻	U+29C7B	quẻ
𩱿	U+29C7F	mị
𩲀	U+29C80	mị
𩲆	U+29C86	mị
𩲈	U+29C88	mị
𩲉	U+29C89	mị
𩲐	U+29C90	mị
𩲑	U+29C91	mị
𩲝	U+29C9D	mị
𩲡	U+29CA1	coi|quỷ
𩲥	U+29CA5	trơi
𩳊	U+29CCA	ranh
𩳳	U+29CF3	trơi
𩳴	U+29CF4	quẻ
𩳹	U+29CF9	quỷ
𩴅	U+29D05	vía
𩴈	U+29D08	mị
𩴎	U+29D0E	mị
𩴚	U+29D1A	trơi
𩴛	U+29D1B	hư
𩴪	U+29D2A	kỳ
𩴬	U+29D2C	vía
𩴿	U+29D3F	quỷ
𩵀	U+29D40	linh|long
𩵁	U+29D41	linh|long
𩵂	U+29D42	linh|long
𩵃	U+29D43	trơi
𩵋	U+29D4B	ngư
𩵖	U+29D56	tiểu
𩵜	U+29D5C	cá
𩵝	U+29D5D	chài
𩵞	U+29D5E	thiên
𩵽	U+29D7D	tom
𩵾	U+29D7E	trê
𩵿	U+29D7F	ngừ
𩶁	U+29D81	bính
𩶝	U+29D9D	chình
𩶟	U+29D9F	bướp
𩶪	U+29DAA	cháy
𩷆	U+29DC6	gỏi
𩷇	U+29DC7	húng
𩷈	U+29DC8	liệt
𩷉	U+29DC9	giếc
𩷊	U+29DCA	thu
𩷕	U+29DD5	lươn
𩷛	U+29DDB	giếc
𩷳	U+29DF3	vẩy
𩷶	U+29DF6	măng
𩸄	U+29E04	quả
𩸆	U+29E06	yếp
𩸘	U+29E18	quản
𩸮	U+29E2E	bống
𩸯	U+29E2F	chuối
𩸰	U+29E30	go
𩸱	U+29E31	ghím
𩸲	U+29E32	sứa
𩸳	U+29E33	mòi
𩸴	U+29E34	trê
𩸵	U+29E35	chình
𩸶	U+29E36	nhám
𩸷	U+29E37	rói
𩸸	U+29E38	thia
𩹤	U+29E64	thu
𩹩	U+29E69	nâu
𩹪	U+29E6A	mè
𩹫	U+29E6B	tép
𩹬	U+29E6C	khô
𩹭	U+29E6D	chày
𩹮	U+29E6E	mú
𩹯	U+29E6F	tươi
𩹰	U+29E70	trạnh
𩹹	U+29E79	giếc
𩺋	U+29E8B	ngờ
𩺌	U+29E8C	giải
𩺡	U+29EA1	bơn
𩺢	U+29EA2	chạch
𩺣	U+29EA3	tràu
𩺤	U+29EA4	sặt
𩺥	U+29EA5	sò
𩺦	U+29EA6	thờn
𩺧	U+29EA7	cháy
𩺨	U+29EA8	bống
𩺩	U+29EA9	vảy
𩺪	U+29EAA	bơn
𩺭	U+29EAD	đằng
𩺯	U+29EAF	sốc
𩺱	U+29EB1	nược
𩺺	U+29EBA	gáy
𩻐	U+29ED0	mắm
𩻑	U+29ED1	lẹp
𩻒	U+29ED2	sộp
𩻓	U+29ED3	dưa
𩻔	U+29ED4	thệ
𩻕	U+29ED5	trắm
𩻛	U+29EDB	trắm
𩻟	U+29EDF	vây
𩻹	U+29EF9	chèo
𩻺	U+29EFA	vây
𩻻	U+29EFB	leo
𩼀	U+29F00	vây
𩼁	U+29F01	rô
𩼈	U+29F08	úc
𩼝	U+29F1D	thường
𩼢	U+29F22	vích
𩼤	U+29F24	trám
𩼨	U+29F28	ngờ
𩼷	U+29F37	đuối
𩼸	U+29F38	đuối
𩽉	U+29F49	sấu
𩽊	U+29F4A	lúi
𩽋	U+29F4B	sủ
𩽖	U+29F56	ruốc
𩽗	U+29F57	quỳnh
𩽤	U+29F64	sấu
𩽥	U+29F65	lươn
𩽸	U+29F78	nheo
𩽼	U+29F7C	hỗn
𩾃	U+29F83	miễn
𩾰	U+29FB0	trĩ
𩾷	U+29FB7	quạ
𩿘	U+29FD8	mào
𩿙	U+29FD9	quạ
𩿚	U+29FDA	khướu
𩿠	U+29FE0	vẹt
𩿨	U+29FE8	khướu
𪀄	U+2A004	chim
𪀅	U+2A005	quạ
𪀆	U+2A006	sẻ
𪀎	U+2A00E	sả
𪀐	U+2A010	bịp
𪀒	U+2A012	si
𪀚	U+2A01A	nhồng
𪁂	U+2A042	diệc
𪁃	U+2A043	chiện
𪁄	U+2A044	két
𪁅	U+2A045	sắc
𪁆	U+2A046	hâu
𪁇	U+2A047	sống
𪁎	U+2A04E	sáo
𪁛	U+2A05B	dịch
𪁳	U+2A073	trả
𪁴	U+2A074	cốc
𪁵	U+2A075	cốc
𪁶	U+2A076	quạ
𪂠	U+2A0A0	quạ
𪂮	U+2A0AE	cò
𪂯	U+2A0AF	gô
𪂰	U+2A0B0	giẻ
𪂱	U+2A0B1	vạc
𪂲	U+2A0B2	cò
𪂳	U+2A0B3	cun
𪃏	U+2A0CF	môi
𪃙	U+2A0D9	chả
𪃱	U+2A0F1	hâu
𪃲	U+2A0F2	chả
𪃴	U+2A0F4	gà
𪃵	U+2A0F5	trả
𪄅	U+2A105	sét
𪄌	U+2A10C	ngỗng
𪄞	U+2A11E	sồ
𪄤	U+2A124	sáo
𪄥	U+2A125	cút
𪄦	U+2A126	choè
𪄧	U+2A127	hịch
𪄨	U+2A128	sáo
𪄸	U+2A138	trích
𪄿	U+2A13F	nan
𪅤	U+2A164	kên
𪅥	U+2A165	vạc
𪅦	U+2A166	cuốc
𪅧	U+2A167	choi
𪅨	U+2A168	ri
𪅩	U+2A169	sấm
𪅪	U+2A16A	quạch
𪅫	U+2A16B	vạc
𪅬	U+2A16C	yểng
𪅭	U+2A16D	tu
𪅴	U+2A174	ác
𪆖	U+2A196	ý
𪆣	U+2A1A3	yểng
𪆤	U+2A1A4	đủi
𪆥	U+2A1A5	khướu
𪆦	U+2A1A6	tu
𪆧	U+2A1A7	vẹt
𪆼	U+2A1BC	lôi
𪇋	U+2A1CB	cùi
𪇌	U+2A1CC	nông
𪇍	U+2A1CD	quạ
𪇎	U+2A1CE	quắm
𪇏	U+2A1CF	cưởng
𪇐	U+2A1D0	sáo
𪇨	U+2A1E8	bồ
𪇩	U+2A1E9	ngan
𪇪	U+2A1EA	chích
𪇫	U+2A1EB	cùi
𪇴	U+2A1F4	vẹt
𪈾	U+2A23E	nhạn
𪉥	U+2A265	muối
𪉩	U+2A269	diêm
𪉴	U+2A274	muối
𪉸	U+2A278	ôn
𪉽	U+2A27D	mặn
𪉾	U+2A27E	mặn
𪊅	U+2A285	mắm
𪊉	U+2A289	hòai
𪊑	U+2A291	kiên
𪊨	U+2A2A8	kỷ
𪊲	U+2A2B2	lân
𪋯	U+2A2EF	tu
𪌇	U+2A307	hột
𪌘	U+2A318	chủ
𪍑	U+2A351	xiểu
𪍿	U+2A37F	quáng
𪎭	U+2A3AD	mi
𪏆	U+2A3C6	uân
𪐄	U+2A404	bi
𪐗	U+2A417	hắc
𪐢	U+2A422	sì
𪐴	U+2A434	chủ
𪐾	U+2A43E	sì
𪑑	U+2A451	ngăm
𪑲	U+2A472	uất
𪒗	U+2A497	thâm
𪒳	U+2A4B3	ngòn
𪒷	U+2A4B7	ngòm
𪒽	U+2A4BD	trũi
𪓇	U+2A4C7	đen
𪓈	U+2A4C8	nghịt
𪓌	U+2A4CC	tối
𪓛	U+2A4DB	ương
𪓞	U+2A4DE	cù
𪓟	U+2A4DF	cù
𪓪	U+2A4EA	trạnh
𪓫	U+2A4EB	sam
𪓬	U+2A4EC	mễ
𪓽	U+2A4FD	đà
𪔂	U+2A502	đỉnh
𪔚	U+2A51A	đùng
𪔛	U+2A51B	đào
𪔠	U+2A520	trống
𪔡	U+2A521	bỏi
𪕋	U+2A54B	lưu
𪕚	U+2A55A	lưu
𪕢	U+2A562	lưu
𪖔	U+2A594	nục
𪖠	U+2A5A0	sẹo
𪖢	U+2A5A2	khuê
𪖣	U+2A5A3	đế
𪖨	U+2A5A8	giáp
𪖫	U+2A5AB	mũi
𪖬	U+2A5AC	mũi
𪖭	U+2A5AD	ngửi
𪖺	U+2A5BA	ngáy
𪗀	U+2A5C0	hít
𪗉	U+2A5C9	tư
𪗋	U+2A5CB	tư
𪗔	U+2A5D4	phát
𪗕	U+2A5D5	sẫn|sận
𪗘	U+2A5D8	giảo|niết
𪗙	U+2A5D9	hãn|nghiễn|ngãn|nhãn
𪗪	U+2A5EA	si
𪗱	U+2A5F1	thư|trở
𪘌	U+2A60C	lợi
𪘏	U+2A60F	sác|sức
𪘥	U+2A625	kế
𪘩	U+2A629	ngẫn
𪘬	U+2A62C	nhai
𪘵	U+2A635	răng
𪚑	U+2A691	hung|long
𪚒	U+2A692	cung|kiên
𪚓	U+2A693	long|lung
𪚕	U+2A695	kham|khám
𪚖	U+2A696	lung
𪚗	U+2A697	long|lung
𪚘	U+2A698	long|lung
𪚙	U+2A699	linh
𪚚	U+2A69A	trong
𪚜	U+2A69C	kiên
𪚝	U+2A69D	lung
𪚞	U+2A69E	long|lung
𪚠	U+2A6A0	long|lung
𪚤	U+2A6A4	trông
𪚥	U+2A6A5	triết
𪚦	U+2A6A6	quy
𪚧	U+2A6A7	quy
𪚨	U+2A6A8	quy
𪚬	U+2A6AC	cám|câm|cấm
𪚭	U+2A6AD	câu
𪚮	U+2A6AE	nhiêm
𪚯	U+2A6AF	thốc|xúc
𪚰	U+2A6B0	tiêu
𪚱	U+2A6B1	tiêu
𪚶	U+2A6B6	cụ
𪚸	U+2A6B8	khứ|thúc
𪚹	U+2A6B9	trụ
𪚺	U+2A6BA	cưu
𪚼	U+2A6BC	thu
𪚾	U+2A6BE	bối|quy
𪚿	U+2A6BF	quy
𪛀	U+2A6C0	hiếu|hiệu
𪛁	U+2A6C1	thu
𪛂	U+2A6C2	huê
𪛅	U+2A6C5	rùa
𪛆	U+2A6C6	biết|miết
𪛇	U+2A6C7	rùa
𪛈	U+2A6C8	linh
𪛉	U+2A6C9	quy
𪛊	U+2A6CA	ngân
𪛋	U+2A6CB	xướng
𪛌	U+2A6CC	trì
𪛎	U+2A6CE	sí|thí
𪛏	U+2A6CF	am
𪛐	U+2A6D0	xuy
𪛑	U+2A6D1	xuy
𪛒	U+2A6D2	liêm
𪛕	U+2A6D5	tiêu
𪛖	U+2A6D6	tiêu
𪦓	U+2A993	mìn
𫇿	U+2B1FF	thuốc
𫜵	U+2B735	làm
𫜶	U+2B736	trôn
𫜹	U+2B739	kẹ|kệ
